Formula,Material ID,density,density_atomic
Ag2GeS3,mp-9900,4.767775067226901,22.32333476980644
Ag2GeSe3,mp-1096802,5.642427207102897,25.763403471816385
Ag2HgI4,mp-1229122,5.746625628681051,38.140284936315744
Ag2Mo(I2O7)2,mp-1203404,5.30799170509228,15.54185657458416
Ag2SnSe3,mp-1096812,5.688196752084279,27.797614614048825
Ag3AsS3,mp-561620,5.393890423250709,21.757523399174712
Ag3AsSe3,mp-662599,6.331067758862241,23.808144183282252
Ag3SbS3,mp-555269,5.802740886522704,22.139312888720173
Ag5IO6,mp-554648,7.370315629057774,14.311151053276427
Ag7AsS6,mp-15077,5.62606129032458,21.55424281182488
Ag8GeS6,mp-9770,6.204443918976512,20.12587079445634
AgAsS2,mp-13740,4.454054201829025,23.013863080555183
AgBi(PS3)2,mp-556434,4.147865928609672,22.866623211222084
AgBi(PSe3)2,mp-569126,4.996191648875751,28.33563741874547
AgBiPbS3,mp-1229121,7.057910390573253,24.32114397447908
AgBiS2,mp-1172905,6.996772732797138,22.604344638533973
AgBiSe2,mp-27916,7.9436345532406545,24.811432430931998
AgBr,mp-23231,6.444350901853475,24.191968940715977
AgCl,mp-22922,5.582622712233539,21.315290674262208
AgI,mp-580941,5.809898805745882,33.55042861671155
AgN3,mp-2247,4.322439136641746,14.395539758232216
AgP15,mp-1195243,2.7779138594717816,21.38782319759231
AgPd(IO3)3,mp-1193499,5.273246955781274,16.622072118596723
AgSbS2,mp-3922,5.037409127368563,24.208722921861966
AgTe,mp-568761,7.276716900919564,26.866796548905906
Al2S3,mp-1228491,2.2895301826964203,21.781180719136238
Al2Se3,mp-11674,3.8245867485017886,25.255345149639968
Al2Te3,mp-29502,4.155653863056866,34.904839355678895
AlAgO2,mp-9631,6.30693839740901,10.982290419398977
AlAgS2,mp-5782,3.900206524762423,21.17923931139023
AlAgSe2,mp-14091,4.941582476882666,24.595136817905292
AlAgTe2,mp-14092,5.285977139432593,30.632596953112365
AlCuS2,mp-4979,3.5077372781402407,18.303457786728654
AlCuSe2,mp-8016,4.781385838476759,21.570986832205882
AlCuTe2,mp-8017,5.249753008760489,27.33909972939412
AlN,mp-661,3.200889713142437,10.631820769545108
AlP,mp-1550,2.3481923106714797,20.491728962208988
AlSb,mp-2624,4.175546636123753,29.57590433007101
AlV(TeO4)2,mp-1194859,4.64336742973821,13.741910030874761
As2Ir,mp-15649,10.710256626582213,17.677893413535855
As2O3,mp-1582,4.117486464369091,15.957471944776668
As2Os,mp-2455,11.02793169102378,17.068925522492986
As2Pt,mp-2513,10.562598941863977,18.075257610537655
As2Rh,mp-15954,8.009504852964664,17.466709785728916
As2Ru,mp-766,8.23119467448224,16.872851285176186
As2S3,mp-1189572,3.1044458797969714,26.320706418799823
As2Se3,mp-909,4.573186524611721,28.084093141820297
AsBr3,mp-23317,3.72693540099669,35.04631340841569
AsI3,mp-23218,4.447894935673873,42.52571975944469
AsOsS,mp-1214793,10.016300167723147,16.424553553630652
AsP,mp-1228799,3.8117002917021154,23.06626598575333
AsPPt,mp-1228792,9.681762037872932,17.207197990279123
AsPRu,mp-1228753,7.141666143491955,16.04079786279722
AsRuS,mp-1214786,7.088232343916291,16.246933208037138
AsS,mp-542810,3.2602721376611328,27.245490775220176
AsSeI,mp-505373,4.69728099748195,33.08695951565924
B2Mo(PbO2)6,mp-1196917,7.441138601435116,16.500355045852732
B2O3,mp-306,2.561902769138968,9.025093638769107
B2Se2O7,mp-558521,3.5788197555860344,12.297347865108826
B3Pb10Br3O13,mp-1229254,7.026553508791071,20.7975778944188
B3Pb3NO10,mp-1200969,5.969686709287374,13.548669491977426
B4C,mp-1238815,2.541908945405635,7.219187621106642
B6As,mp-624,3.589969113026614,9.236958533151642
B6P,mp-28395,2.607392551372756,8.71947553509831
BAs,mp-10044,5.087631340714321,13.991022741950774
BH(PbO2)2,mp-1105235,6.186756876571033,16.446898835764667
BP,mp-1479,2.9813687825821957,11.636472162542711
BPb7Br3O7,mp-1201413,7.402369027342132,22.593536390955027
BSb,mp-997618,5.974007196039766,18.424762255405494
BSbPbS4,mp-1228703,4.409238874201632,25.1803666299464
Ba(BO2)2,mp-540659,3.688629574688248,14.337943578444914
Ba(GaS2)2,mp-849286,3.8730105463262645,24.808059028623294
Ba(GaSe2)2,mp-7841,4.745645848121506,29.622854578357497
Ba(InS2)2,mp-21943,4.096007203315983,28.680792829281454
Ba(InSe2)2,mp-21766,4.901912836591853,33.04310827479194
Ba(ZnAs)2,mp-7427,5.942561357577934,23.359817213926387
Ba12In4S19,mp-1229044,4.31661869905659,29.856303951246044
Ba2B6H4O13,mp-1199077,3.682959447764339,9.947003821431927
Ba2Cd(BO2)6,mp-1190588,3.977258358340241,12.80207823336759
Ba2DyGaSe5,mp-1105698,5.486259273954726,30.32363439861421
Ba2DyGaTe5,mp-1105922,5.758294933640973,36.68356319709949
Ba2DyInSe5,mp-1106127,5.636575660019457,30.99107582708762
Ba2DyInTe5,mp-1189860,5.833766718347979,37.63520379733323
Ba2ErGaSe5,mp-1105790,5.5590838751295655,30.084341296804382
Ba2ErGaTe5,mp-1105724,5.7411749624021455,36.9458923743646
Ba2ErInSe5,mp-1188122,5.731830209966496,30.629239424619236
Ba2ErInTe5,mp-1106146,5.908495985121887,37.30781167724339
Ba2GaAsSe5,mp-1195309,4.920215178645581,30.528080588190342
Ba2GaBiS5,mp-1201906,4.681831120781826,28.12521368412666
Ba2GaBiSe5,mp-1203584,5.585604243519177,31.319647503026815
Ba2GaBiTe5,mp-1202829,5.858344040352605,37.52094621802853
Ba2GaS4,mp-1199702,4.016998936170856,27.91110674878786
Ba2GaSbSe5,mp-1203387,5.090691303125992,31.203348256530962
Ba2GaSbTe5,mp-1200935,5.484344677575937,37.145380394713484
Ba2GaSe4,mp-1195574,4.895537405451072,31.991705043534093
Ba2GdGaSe5,mp-1190156,5.426839558019166,30.477162791031542
Ba2GdGaTe5,mp-1105573,5.693151254048244,36.93317091608833
Ba2HgS5,mp-1194545,4.635298641314908,28.460602964529553
Ba2In2S5,mp-22841,4.323902580304948,28.359647364635144
Ba2In2Se5,mp-573635,5.108878847773123,32.47013927179731
Ba2InAgS4,mp-1197611,4.67434385881705,27.780197701257524
Ba2InBiS5,mp-864638,4.952783993877049,28.266470761379242
Ba2InSbSe5,mp-1189339,5.335144885663771,31.33313910415113
Ba2NaCu3S5,mp-1191092,4.483815716208886,21.836857213888162
Ba2NdGaS5,mp-1228486,4.671603696062709,25.629953369924085
Ba2NdGaSe5,mp-1205363,5.212666251194766,31.268957637359094
Ba2NdInSe5,mp-1190093,5.431090137817126,31.543365896064
Ba2NdInTe5,mp-1205400,5.644110422963621,38.30299248194038
Ba2ScTaO6,mp-1205823,6.892776027795513,14.37159044723548
Ba2SmGaSe5,mp-1189376,5.303750480629185,30.94478866272705
Ba2SmGaTe5,mp-1189729,5.61461185080276,37.223391209024065
Ba2SmInSe5,mp-1188304,5.512588291455211,31.2817957502056
Ba2SmTaO6,mp-1214622,7.21098815993186,16.164624337344023
Ba2SnSe4,mp-1192595,5.044381488223018,33.35141854467022
Ba2SnSe5,mp-31307,5.132330094499807,31.875802237718176
Ba2TaInO6,mp-1079630,7.468428663189091,14.817176644031985
Ba2ThCu2Se5,mp-1078405,6.261531608034104,27.277735254430667
Ba2V2Te2O11,mp-1204192,4.61894795279787,17.081402877466783
Ba2V2ZnO8,mp-556688,4.549200978988435,16.002973043399887
Ba2YGaSe5,mp-1106265,5.04013328742482,30.313658706810283
Ba2YGaTe5,mp-1189739,5.400295370598644,36.60102316889853
Ba2YInSe5,mp-1205397,5.1832987150220555,31.08157804802764
Ba2YInTe5,mp-1106096,5.432501272497813,37.915602572669066
Ba2ZnSe3,mp-1190528,5.247394475317219,30.428955271923716
Ba2ZnTe3,mp-1190380,5.361872683549311,37.31103920036586
Ba3Bi2TeO9,mp-556407,7.14956003425265,17.056007332094307
Ba3Cd(SnS4)2,mp-1228659,4.04090036335375,29.890440190439563
Ba3Dy2(PS4)4,mp-560798,3.527533143638132,25.870104450156454
Ba3Er2(PS4)4,mp-560534,3.577075079217028,25.688544208822307
Ba3FeS4Br,mp-1195713,4.3149887950954655,28.904614870400046
Ba3Gd2(PS4)4,mp-684036,3.494891192032606,25.912172795475787
Ba3GeS5,mp-1200759,4.201872295518717,28.31959854313243
Ba3Ho2(PS4)4,mp-559171,3.551301134559748,25.787872870152288
Ba3In2(PO4)4,mp-1200796,4.530775529321387,14.975314584040722
Ba3InS4Cl,mp-1205371,4.377799330410555,29.101941800632396
Ba3MgTa2O9,mp-6325,7.3700835304400085,14.151993863164806
Ba3Nb2Se9,mp-1195033,5.2326180635281645,29.65881307488566
Ba3P3ClO10,mp-1194911,3.919151911622161,17.455117179811744
Ba3Sb2S7,mp-1195624,4.009674196276463,30.36824696476164
Ba3Ta2Se9,mp-1195068,5.933794719184651,29.673833063261306
Ba3Ta2ZnO9,mp-1214475,7.66176759167164,14.207125894163488
Ba3Tb2(PS4)4,mp-554264,3.496627944321598,25.962951919657783
Ba3ThSe7,mp-1095255,5.577608409489747,32.389769556478775
Ba3V2(SeO4)4,mp-1200758,4.2812109925266,16.8441870184481
Ba4Ga4SnSe12,mp-1195344,4.895372108904389,30.60008663923395
Ba4LiGa5Se12,mp-1197353,4.838203395355748,28.898367910112164
Ba5(Ga2Se5)2,mp-1228123,5.140361656272003,29.84079357210195
Ba5(GaSe4)2,mp-1204617,5.145584641561135,31.36241080315761
Ba5In4Te4S7,mp-1105201,4.718509679146709,33.09391087803727
Ba8Al10B12O41,mp-1019529,3.7184683237829623,13.54878474169983
Ba8Sn4S15,mp-1195594,4.197042014707602,30.104649568975884
BaAgSbS3,mp-1190401,4.632952646874406,27.666985449061944
BaAl4Se7,mp-1191234,4.129855151017178,26.73753171570822
BaBClF4,mp-1103527,3.548292507234951,17.354439384324582
BaBSbS4,mp-866301,3.609817020994163,26.165034714823957
BaBiClO2,mp-552806,5.919370303186048,23.214067732689642
BaCaB2O5,mp-1019542,3.6170931188902844,14.232738134364617
BaCdSnS4,mp-12306,4.108386333155849,28.68011817112291
BaCu2SnSe4,mp-12364,5.299959512046295,27.374391450638807
BaCuTeF,mp-13287,6.12027107271242,23.568802455191175
BaF2,mp-1029,4.825907156361877,20.108967454158524
BaGa2GeS6,mp-1227983,3.7230945542831164,24.164979824809052
BaGa2GeSe6,mp-1227970,4.8825121544706915,27.996057804355992
BaGa2SiS6,mp-1227993,3.5465344896032667,23.28189849778162
BaGa2SiSe6,mp-1227978,4.6759396356665635,27.6506229328853
BaGa4S7,mp-4309,3.8248235246350175,23.178938825602575
BaGa4Se7,mp-1191072,4.989722286523408,26.87125271811105
BaGe2,mp-2139,5.064587686842674,30.886355284410854
BaHgS2,mp-28007,5.803646072710984,28.758419351607518
BaIn2(P2O7)2,mp-1205018,4.05055971126653,13.954988138782612
BaLa2Te5O14,mp-559703,5.601331849015704,17.209571770714046
BaNaB5O9,mp-1019554,3.0689454615498435,12.119011314323766
BaO,mp-1342,5.859229670745691,21.726787602501958
BaPd(IO3)4,mp-1106270,4.870003424938772,17.869965545898474
BaReH9,mp-28911,4.820811221024321,10.41515317221785
BaS,mp-1500,4.190346371817915,33.56310059011631
BaSe,mp-1253,4.84730673334938,37.04665630366943
BaSi2,mp-1477,3.6027652060427426,29.728182838564063
BaSn2S5,mp-1202711,4.245772343878512,26.15860812476297
BaSnO3,mp-3163,7.097114448493584,14.22725618659581
BaTaNO2,mp-1227303,8.542674057494262,14.161884162143092
BaTe,mp-1000,4.937715825789215,44.54707893470396
BaTeMo2O9,mp-19049,5.118940604557455,14.991902023146121
BaTiO3,mp-5777,5.905237274567591,13.114621483342678
BaV2SeO8,mp-1200210,4.139667184937439,14.914136645516322
BaZnSO,mp-548469,5.165024817928211,20.15788291439218
Be3N2,mp-18337,2.7242953358663557,6.7109160114720225
BeO,mp-2542,3.0194371089026797,6.877558222029522
BeS,mp-422,2.361792329991975,14.440360524218926
BeSe,mp-1541,4.233530574088316,17.252886500826044
BeTe,mp-252,4.996636953414623,22.700254921407055
Bi2(MoO4)3,mp-23388,6.291529073515254,13.93833179915932
Bi2CO5,mp-556210,7.860438033099017,13.466530322794522
Bi2I4O13,mp-1204764,6.334366205339656,15.64015346046936
Bi2Mo2Se2O13,mp-1200193,5.82420548163448,14.641942700767292
Bi2O3,mp-23262,9.438175801265304,16.396031165898382
Bi2S3,mp-22856,6.602026285137526,25.864053105665306
Bi2Se3,mp-541837,7.164344933185313,30.35556609695891
Bi2Te2Se,mp-29666,7.293480171224617,34.24773748285226
Bi2Te3,mp-34202,7.315389164356592,36.35335213280672
Bi4Pb7Se13,mp-1190436,7.533131997340656,30.426899897219375
Bi5IO7,mp-554445,8.424573735539456,19.46506904905556
Bi7O5F11,mp-1190898,8.618384190366806,14.675415422447857
BiBPbO4,mp-556601,7.57958699538571,15.366582002558948
BiBr3,mp-2913080,4.309906649201264,43.21852650941956
BiBrO,mp-23072,7.81849613632773,21.584349549488156
BiClO,mp-22939,7.614664760301017,18.930964230959734
BiI3,mp-22849,5.324512983950062,45.97648704157904
BiIO,mp-22987,7.58848827566523,25.666841494232447
BiP3(PbO4)3,mp-1227709,6.278180769726738,15.528485756924555
BiPO4,mp-1190564,6.867906491739534,12.248365538318664
BiPbBrO2,mp-1227444,8.267326653823874,21.213696294667354
BiPbClO2,mp-23084,7.836737092505119,20.49552390200156
BiSBr,mp-23324,6.212864259187372,28.59384415240915
BiSCl,mp-23318,5.648961777257308,27.092671370803874
BiSI,mp-23514,6.27661976939594,32.44820493266837
BiSbTe3,mp-1227340,6.74731363324774,35.120991084775504
BiSeBr,mp-569707,6.215972666966726,32.75539910678239
BiSeI,mp-23020,6.325858300086527,36.298953730077265
BiTeI,mp-22965,6.367951492873749,40.28688211974738
BiTeNO6,mp-1195032,5.934153884416214,13.88514619856214
CBr4,mp-680422,3.0540428815477614,36.062302478121
CI4,mp-27962,3.925783222986315,43.95879793665781
Ca(BiO2)2,mp-558751,7.039315956824002,17.59224986600088
Ca(GdS2)2,mp-36358,5.336217470670494,21.464411187614093
Ca(LaS2)2,mp-35421,4.497083947097454,23.534226467872543
Ca(NdS2)2,mp-35876,4.804724802293355,22.55431026441395
Ca(PrS2)2,mp-34185,4.653161087932957,22.948981086900073
Ca(SmS2)2,mp-36100,5.070605361256469,21.94410100708252
Ca10Ge16(B2O17)3,mp-1019569,4.158731164997908,11.756706158494193
Ca2Bi2O5,mp-28848,6.202404431213878,17.197283202147897
Ca2CdAs2,mp-1095180,4.451118462408131,25.547983892331853
Ca2Ge,mp-1009755,2.733403182004593,30.941127271991686
Ca2ScSbO6,mp-1189528,4.536639055282545,12.54995647300264
Ca2Si,mp-1009733,1.9501176529212305,30.722802648708353
Ca2Sn,mp-22735,3.4326305408454516,32.06722056540169
Ca2SnS4,mp-866503,2.882205718964618,26.924096912818985
Ca3(BN2)2,mp-1227905,2.5143590778961924,14.520692719440374
Ca3N2,mp-844,2.6349331595232925,18.68514943782586
Ca3Sb2,mp-1013546,3.1374862735706466,38.50392798337867
Ca3Ti2(SiO4)3,mp-1154470,3.5362132787794605,11.556798070003328
Ca4Bi6O13,mp-757343,6.983940124616845,16.76955598223014
Ca5B3O9F,mp-6632,2.8905013495345138,12.632716939204967
CaF2,mp-2741,3.0898326992343006,13.986330735270302
CaI2,mp-30031,3.810445046731192,42.69061654203818
CaMg2N2,mp-5795,2.9528593961363976,13.125395274862717
CaO,mp-2605,3.3530837486789946,13.885533501816138
CaS,mp-1672,2.5810342007468723,23.207028765263633
CaSe,mp-1415,3.7716460296003667,26.204374410882224
CaSnO3,mp-4438,5.520396786842774,12.440285609619917
CaTaNO2,mp-556340,7.056899503339866,12.566879783061992
CaTe,mp-1519,4.265149322704297,32.64081143972866
CaZnSO,mp-7204,3.5809587731961825,17.800965787407176
Cd(GaS2)2,mp-4452,3.9463323764415152,22.849394184942522
Cd(GaSe2)2,mp-3772,5.163480131897585,26.08105448295179
Cd(InS2)2,mp-559200,4.789859607424008,23.292157384947092
Cd(InSe2)2,mp-22304,5.299382669137637,29.449442729310167
Cd(InTe2)2,mp-21374,5.5496030205973765,36.438167364719746
Cd2InCuTe4,mp-1227025,5.638496463737478,33.631422256254595
Cd4As2Br3,mp-1203526,5.371929243166843,28.82314493194299
Cd4As2I3,mp-27528,5.524101317610905,32.73858623083271
Cd4P2Br3,mp-28914,5.114675485593733,27.102161569524995
Cd4P2Cl3,mp-29746,4.470986320263327,25.500984764749354
Cd4P2I3,mp-568545,5.408854459836882,30.437893051708304
Cd4Sb2I3,mp-29044,5.557658484517503,35.650813037978686
CdAg2GeS4,mp-1197203,4.813239903877238,22.814774801571026
CdAs2,mp-471,5.705092246838502,25.444131058018346
CdBiClO2,mp-550553,6.374422445951032,20.2587553572604
CdBr2,mp-568722,4.887249834906797,30.830582941364053
CdCl2,mp-22881,3.8693360718682586,26.223709909396604
CdCu2GeS4,mp-13982,4.618779706263253,19.79165583379519
CdF2,mp-241,6.340854969929461,13.12956689243795
CdGeAs2,mp-4953,5.494970403792506,25.300632278835497
CdGeP2,mp-3668,4.561961999018335,22.476661279883295
CdHg4(AsI2)2,mp-570838,6.390187402638422,37.14150271774263
CdHg6(As2Br3)2,mp-567910,6.7893625771133435,30.141712924940943
CdI2,mp-570437,5.339921249967611,37.96076688968628
CdIClO3,mp-1191962,4.723675073077428,18.910652427743905
CdP2,mp-913,4.130574789836572,23.364717618244516
CdP4,mp-7904,3.7990978568765787,20.65729492424614
CdS,mp-672,4.702284793707707,25.509731195687145
CdSb,mp-1321,6.599078064478864,29.462455964710315
CdSb2Se3Br2,mp-567556,5.114825926524518,30.54241898254156
CdSe,mp-1070,5.480139995990648,28.993695594163686
CdSiAs2,mp-3078,5.019279734997139,24.01342622295581
CdSiP2,mp-4666,3.9604347433979967,21.220284667743456
CdSnAs2,mp-3829,5.5626907052611525,28.430752786493308
CdSnO3,mp-754329,7.073964607426622,13.104061486299893
CdSnP2,mp-5213,4.76289313366444,25.543914152362216
CdTe,mp-406,5.636239502916919,35.355811415348164
CdTeO3,mp-28290,6.3247319197303185,15.123187329040338
Ce10Se14O,mp-1198305,6.5349657277264885,25.63976631313736
CeBiW2O9,mp-1204806,8.08854898895095,13.593232708923047
CeMoO4F,mp-1192442,4.967810313446201,15.235177851083211
CeO2,mp-20194,6.994759103664203,13.619880499307337
CeTl2P2S7,mp-638100,4.398139549191063,26.28049816364847
Co2Te3O8,mp-18855,5.578240041435182,14.395457543151915
CoAsSe,mp-505511,7.3910066157844465,15.937715452419624
CoP2,mp-14285,5.185653188975327,12.902724046730944
CoPS,mp-1226003,5.140340194371183,13.13396856819849
CoSb3,mp-1317,7.5948344272688315,23.18755562120991
CoSbS,mp-5881,7.023037647410139,16.768304176141573
CrB2(PbO2)6,mp-1197022,6.856192250643224,17.40129736858263
CrO3,mp-510421,2.885052569636943,14.38833761079573
CrPbO4,mp-19146,6.105820643767765,14.649293852546734
Cs2AgBiBr6,mp-1078250,4.652655552917027,37.9059040582874
Cs2AgBiCl6,mp-1078258,4.185373900842128,31.556449890628507
Cs2Al2B2O7,mp-1019602,3.470986088472002,16.68501168601258
Cs2Ba3(P2O7)2,mp-1019605,4.001065991522453,18.507886220565105
Cs2Cd3(B4O7)4,mp-1201213,3.5023975158190495,11.84322827679059
Cs2Cd3Te4,mp-567386,5.208601380765159,39.4415349527072
Cs2Cu2Sb2S5,mp-1190579,4.111806558295951,29.251265985445574
Cs2Hg3I8,mp-540574,5.007770937421215,48.02521558770363
Cs2Hg3S4,mp-1105419,6.068699958622522,30.276166342652825
Cs2Hg6S7,mp-17905,6.643120908204285,28.22599912865261
Cs2Li3(BO2)5,mp-966802,2.9517331556354462,14.083311022734467
Cs2MgGe3Se8,mp-1195667,3.9982870184806147,33.80988576818098
Cs2MgSn3Se8,mp-1195633,3.9823937360843185,38.06120546925326
Cs2NbCuSe4,mp-15223,4.31104592618986,35.538050362957
Cs2PdSe8,mp-31285,4.372583628733966,34.65879498857553
Cs2Sb,mp-1191118,4.334484610070179,49.49274517683662
Cs2SiB4O9,mp-1226151,3.4026518017586374,14.675015191565276
Cs2Sn3(SbS5)2,mp-1195304,3.7546306397809994,30.857323569085693
Cs2Te,mp-573763,4.077192021558062,53.40883067988472
Cs2TeBr6,mp-23405,4.26219008597576,37.7838212858105
Cs2TeI6,mp-540957,4.5926716268055126,46.394036020360424
Cs2Th(PS3)3,mp-640389,3.381473842959487,28.788309743554944
Cs2Ti(AgS2)2,mp-10488,4.178013146940504,29.043413596898606
Cs2VAgS4,mp-8684,3.4939694768436604,32.84515820257895
Cs2ZnGe3Se8,mp-1194749,4.0481134202487015,34.598084471201275
Cs2ZnSn3Se8,mp-1194701,4.2503068889283195,36.8091182675888
Cs3Bi,mp-635413,4.870314552127646,51.798718167242846
Cs3Bi2Br9,mp-27544,4.610617677493076,39.50939087661827
Cs3Bi2I9,mp-669458,4.773291673624063,48.6740001254367
Cs3Li4(BO2)7,mp-1019615,3.1102179994535932,13.846051826161366
Cs3Nb2AsSe11,mp-683903,4.361703743998877,34.21924411039786
Cs3Nb9(TeO8)4,mp-1201443,4.835179138340342,16.150122962395354
Cs3Sb,mp-10378,4.374317888868654,49.394633851415016
Cs3Sb2Br9,mp-579560,4.180171248994283,38.628150553350224
Cs3Sb2I9,mp-23029,4.45930423294189,47.46139236239433
Cs4BiAs3Se7,mp-1204289,4.273373863182977,39.326347492253156
Cs4Ge(PSe3)4,mp-1195417,3.6462129162907675,36.33942480154327
Cs4Zr3S14,mp-680246,3.332290360978772,29.761518132167765
CsAg2AsS3,mp-866615,4.343555017706292,28.38620212038908
CsAg5Te3,mp-9206,6.951816120132551,28.001409514718336
CsAgSb4S7,mp-554408,4.27893726186689,28.426887720472436
CsAsSe2,mp-581864,4.292116084508582,35.375165548630754
CsAu,mp-2667,6.97259852405392,39.279859280085645
CsB3O5,mp-3977,3.3236677595937145,13.619127748453762
CsBi3Se5,mp-567928,6.408777869298507,33.24148903792148
CsBiS2,mp-541378,4.858672445781889,34.69081273034512
CsBiSe2,mp-1096942,5.445776370331282,38.10049689686192
CsBr,mp-22906,4.366105728110078,40.46837509528745
CsCdBO3,mp-1191636,4.5266634739686955,18.593994194594536
CsCeCdSe3,mp-574426,4.966302153057457,34.67952969714084
CsCl,mp-22865,3.9293401598706903,35.574139066321905
CsCu2AsS3,mp-1196438,4.182496618018807,24.45161998820263
CsErZnSe3,mp-7155,5.393311549203616,30.914756903412282
CsF,mp-1784,4.642591754438939,27.16610668163082
CsGaS3,mp-562726,3.3267584966791,29.831321774126383
CsGdZnTe3,mp-1104469,5.471632923431102,37.346651810839596
CsGeB3O7,mp-558804,3.357642967038711,14.423459236361362
CsGeI3,mp-28377,4.325382720624483,45.01362335792811
CsH3(SeO3)2,mp-1228884,3.5261380115882166,15.29893720380548
CsI,mp-614603,3.6223016232993785,59.551159741948986
CsInHgS3,mp-1194853,4.789039780228177,31.46690491786353
CsInS2,mp-559459,3.9959075810097167,32.39844950337671
CsInSe2,mp-1200720,4.629128688764158,36.377623321714985
CsInTe2,mp-1199743,4.683208109241317,44.58076706762912
CsInTe3O8,mp-1192413,5.055640626774011,19.164425930883937
CsK2Sb,mp-581024,3.4469783762800636,40.08804093261288
CsLaHgSe3,mp-11124,5.715663491553581,34.34388914338964
CsLi(B3O5)2,mp-1019715,2.377491541390018,14.15145381120075
CsLu7S11,mp-1202825,5.8571032670137155,25.521583968468125
CsLu7Se11,mp-1203743,6.730183482079323,28.909427511654197
CsPPbO4,mp-1192530,5.391094083977766,19.14432621120589
CsPSe6,mp-1225967,4.071602890343415,32.50638795068488
CsRb2Sb,mp-984761,3.9678986349033085,44.5277991257976
CsSb,mp-573514,4.360504911769052,48.490018971418884
CsSb(SO4)2,mp-1195448,3.6628428643168633,16.87926927149252
CsSbS2,mp-561639,3.94434462996929,33.552614679772084
CsSbSe2,mp-2969,4.635730888484479,36.947478060721934
CsSc(SeO3)2,mp-1194629,3.894480792191074,18.410255007106063
CsSmCdSe3,mp-510062,5.167033420505383,33.880972398377885
CsSmHgSe3,mp-7212,5.900862462338827,33.80323306414872
CsSmZnSe3,mp-505709,5.014585760378163,32.316928039674345
CsTbZnTe3,mp-638078,5.426832808612629,37.74039865829938
CsYCdSe3,mp-11116,4.786701643970068,33.01987303807214
CsYHgSe3,mp-11123,5.534457439856658,32.96807228714284
CsYZnSe3,mp-574620,4.652519107341447,31.176265518484765
CsZn2B3O7,mp-1195000,3.424413626885145,15.224453972761093
Cu2GeS3,mp-15252,4.491883289283199,18.232825473379346
Cu2O,mp-361,6.20494716806907,12.764484711878117
Cu2Se,mp-1097707,6.684578452144643,17.062028079536177
Cu2SnSe3,mp-1200177,5.543609875520027,24.097183836955878
Cu2WSe4,mp-1025340,6.004547168596251,24.76169577650098
Cu3Hg2(Te3O8)2,mp-1194777,5.920688448138194,16.759360322319168
CuBS2,mp-12954,4.097111183417321,14.032025457777936
CuBi(PSe3)2,mp-683998,4.903230080647888,27.371834151745055
CuBiPbS3,mp-624191,7.005217819124041,22.753039441071692
CuBiSeO,mp-23116,8.627813976854387,17.681898594411855
CuBr,mp-22913,5.264051278564948,22.625570734248974
CuCl,mp-1225654,4.207638995500521,19.53491105464694
CuHg(SeO3)2,mp-1194904,5.598589093228765,15.365411435290332
CuI,mp-570081,5.728773114188356,27.60193495044158
CuN3,mp-27954,2.784706971094685,15.737439789732358
CuP2,mp-927,4.365565051390864,15.911410989887235
CuPS3,mp-1105187,3.013374958658294,21.018911832952057
CuSbPbS3,mp-649774,5.634736879714322,24.00310548980563
CuSbS2,mp-4468,4.95091915212826,20.915218461928706
CuSbSe2,mp-20331,5.942303001166693,23.97808482506493
Dy(CuSe)3,mp-1225403,7.046771414749179,19.86214438464171
Dy(CuTe)3,mp-1225395,7.2495153007057285,24.081487794215615
Dy2(MoO4)3,mp-1213120,4.698582235793287,16.731243454161266
Dy2O3,mp-2345,8.333958265069626,14.863959313727268
Dy2S3,mp-1270,6.5229295505305265,21.444682078459735
Dy2Te3,mp-1188427,6.6862220731949575,35.156760827654
Dy3GaS6,mp-1189242,5.474547205420483,22.737253413373743
Dy4GaSbS9,mp-1196712,5.6752750057133685,22.04324383723445
Dy4Te3S4,mp-1095296,6.327594458003351,27.699532456431452
DyN,mp-1410,10.032311466624336,14.607614199465589
DyPO4,mp-5767,6.0069266051939625,11.862451556120561
Er(CuTe)3,mp-2717767,7.3863406611983535,23.788239892098204
Er2O3,mp-679,8.894209986204963,14.283069428146089
Er2Se3,mp-209,6.781400486450379,27.983266980704645
Er2Te3,mp-14643,6.94923755772658,34.281014349581525
ErBiW2O9,mp-1983109,8.007616105071197,14.163591889700427
ErN,mp-19830,10.767944887452241,13.976612038354036
Eu(BiSe2)2,mp-1193071,7.1608114789340584,29.343183850563943
Eu(DySe2)2,mp-645690,6.895468237894899,27.27426951685366
Eu(ErSe2)2,mp-1193984,7.1014132235907965,26.80124531041644
Eu(GaS2)2,mp-1181942,4.305396067056109,23.123090161615487
Eu(GaSe2)2,mp-1201775,5.30382367690825,27.15998358971124
Eu(HoSe2)2,mp-1193885,6.922423076480214,27.33463376152529
Eu(InSe2)2,mp-1104657,5.679863215708287,29.12862819368552
Eu(LuSe2)2,mp-645692,7.431266361267387,26.10372040108049
Eu(SbS2)2,mp-1194437,5.285111003856964,23.508017476228794
Eu(TmSe2)2,mp-542964,7.252951480039534,26.350859311235297
EuAl2O4,mp-1019732,4.707682088895626,13.60149107856972
EuIn2(GeIr)4,mp-1095411,11.020987702340387,19.73823494105886
Fe2B(PO4)3,mp-1197728,3.1485820899840387,11.937095762306352
FeAsS,mp-561511,6.347305252930267,14.199633928753114
FeAsSe,mp-1101894,7.4074558274239894,15.67156212689838
FeBi(SeO3)3,mp-1197024,4.8191038402896424,15.892256421197077
FeBi25O39,mp-757766,8.849072549468108,17.045459986651714
FeP4,mp-570553,4.142491451453413,14.409945079396177
FePS,mp-1101971,5.074600806071013,12.967268344812672
FeSi2,mp-1714,5.0830939630683405,12.197751043997686
Ga2(TeO3)3,mp-1181313,4.081258145494671,19.362351100976344
Ga2HgS4,mp-4809,4.848774584080167,22.910760801462878
Ga2HgSe4,mp-4730,5.949833585363296,26.149776297334892
Ga2O3,mp-886,5.887587999533202,10.573376293730535
Ga2PbS4,mp-1196984,4.673442147600109,24.105816320531197
Ga2PbSe4,mp-571171,5.8944533104766395,26.661478563737404
Ga2S3,mp-539,3.5717040398816575,21.9106108358102
Ga2Se2O7,mp-1196063,4.864833060487828,12.702692472537173
Ga2Se3,mp-1340,4.965206661647674,25.17131984069082
Ga2SnGeS6,mp-1194838,3.4708725373075526,25.03032833271704
Ga2Te3,mp-38970,5.404814384204681,32.09027447491866
GaAgGeS4,mp-1224946,3.795469258672063,23.65600295398405
GaAgO2,mp-11020,7.234829671833125,12.026281155023767
GaAgS2,mp-5342,4.669724656821038,21.48882029046015
GaAgSe2,mp-5518,5.606598705752502,24.842577653641328
GaAgTe2,mp-4899,5.8639726644300865,30.63907083162283
GaAs,mp-2534,5.05320036242451,23.765929692671918
GaBi25O39,mp-849761,8.950114721352271,16.892638209914452
GaCuGeSe4,mp-1224851,5.2863514708485955,23.41297753110416
GaCuO2,mp-11019,6.267888091990467,10.946016996607094
GaCuS2,mp-5238,4.4131581525774095,18.568830975179047
GaCuSe2,mp-4840,5.545702568288753,21.79754072230163
GaCuTe2,mp-3839,5.910200069415345,27.286214641074213
GaGeTe,mp-8211,5.2004763693287765,28.733528507786527
GaHSeO4,mp-1194398,4.529430053238326,11.191511154635839
GaN,mp-804,6.0809768201203696,11.432080897320857
GaP,mp-2490,4.128066394428307,20.25293335964855
GaS,mp-2507,3.7755762759368254,22.383728755306564
GaSe,mp-568263,4.850188151865577,25.451995088512437
GaTe,mp-542812,5.154297046168311,31.785377065364823
Gd(CuS)3,mp-1226384,5.961722970649835,17.670279307396463
Gd2(MoO4)3,mp-3572,4.307440003770833,18.01243804626086
Gd2O3,mp-504886,7.6327021126009695,15.772721476406687
Gd2S3,mp-669509,6.127634300946648,22.259001058595473
Gd2Se3,mp-1188175,7.244907554259087,25.275354410938156
Gd2Te3,mp-1105966,7.396977716201284,31.30721588099676
Gd4GaSbS9,mp-1199284,5.4358382555315625,22.586528577468822
GdScS3,mp-510490,4.588943873902729,21.595660592103016
Ge(Bi3O5)4,mp-23352,9.20431899497497,15.856243783455243
Ge(SeO3)2,mp-1205339,4.2787773809965755,14.081376040231739
Ge2Sb2Te5,mp-1224375,6.243626979875427,30.34278916335366
Ge3Ru2,mp-21945,9.182948736094252,15.191765964549464
GeAs,mp-9548,4.961487056833643,24.693383125177263
GeAs2,mp-17524,4.888236336998379,25.192592978502685
GeI2,mp-27922,4.739246027910595,38.12710678222574
GeO2,mp-470,6.20512814957392,9.334043879715589
GeP,mp-1095275,3.814043347529473,22.555420057016672
GePb2(SeO3)4,mp-1198509,5.666135918308641,15.345324114275774
GePbS3,mp-624190,4.825704315060559,25.878950185993517
GeS,mp-2242,3.9582906999032064,21.962351447886913
GeS2,mp-572892,2.7686840465107885,27.342945158982406
GeSe,mp-700,5.0642323021222575,24.854480153987478
GeSe2,mp-540625,4.115928916643514,31.005871331350093
H7Se2NO6,mp-24354,2.6438317791447266,10.794295901879705
HfHg4(AsCl3)2,mp-1198529,5.465403924504257,31.397310327945185
HfHg4(PCl3)2,mp-1202310,5.57505764797708,28.765933334977817
HfO2,mp-352,10.24124328616322,11.376381614199502
HfS2,mp-985829,5.79919885634548,23.15722098393303
HfS3,mp-9922,5.431896671846112,20.992905474120512
HfSe2,mp-985831,7.094213797359179,26.247773342779382
Hg3Bi2(SCl4)2,mp-1104411,5.290891542721745,28.612215478194692
Hg3Bi2(TeCl4)2,mp-1192395,5.75111464255587,30.000458388669163
Hg8Bi3As4Cl13,mp-1204118,5.765546742607125,30.778432599162723
HgBr,mp-23177,7.337680531987949,31.738315869464007
HgBr2,mp-571558,5.884107450475566,33.90233571596534
HgBrCl,mp-1224070,5.49035743880987,31.852348553636578
HgCl,mp-22897,6.920946901522058,28.3168349992155
HgCl2,mp-22855,5.308672811812608,28.30774786888784
HgI,mp-22859,7.187592340905009,37.83028695405868
HgO,mp-1224,10.77019190675644,16.69678512811979
HgPS3,mp-27178,4.60007093169168,23.66294941114314
HgSe,mp-1018722,8.307718381660244,27.938097726855165
Ho(CuTe)3,mp-1224142,7.319369962106921,23.93042506678253
Ho2(MoO4)3,mp-1212381,4.774717511651633,16.563891877033715
Ho2HfS5,mp-1195954,6.9666777078264,19.92273199778517
Ho2O3,mp-812,8.612953628233592,14.569900003254528
Ho2S3,mp-878,6.046408249359246,23.401728946775613
HoN,mp-883,10.384513669018196,14.306491456478474
In2As2Cl2O5,mp-1191856,4.2273948581963,18.939675677598817
In2B(PO4)3,mp-1198577,3.7000710418729787,13.098586449074133
In2Bi3Se7I,mp-1198248,6.476221492240727,30.299278323460978
In2HgS4,mp-22356,5.648418624459176,23.455055876381
In2HgSe4,mp-20731,6.005962725997882,29.467661574277034
In2HgTe4,mp-19765,6.1470642745242445,36.29946984920885
In2O3,mp-22598,6.998712419580598,13.174492897705449
In2S3,mp-22216,4.499472952568761,24.04971027997645
In2Se2O7,mp-1199125,5.428309875751703,13.892241008499212
In2Se3,mp-612740,5.191105833931657,29.84597378579141
In3CuSe5,mp-1224175,5.409015905047498,27.383924791661208
In4As5(BrO4)3,mp-1200791,4.434226571834049,19.7474592285166
In4Bi3S10,mp-1224757,5.761206118011645,23.852759679632133
In4Se3,mp-19932,5.777570959445928,28.583133945435854
In4Te3,mp-617281,6.020879476142618,33.17724733524991
In5AgS8,mp-36751,4.834628163004504,23.02407402995431
In5AgTe8,mp-1224268,5.5977006586831015,36.0798207855923
In5CuS8,mp-674514,4.910197383668338,21.599087624886753
In6S7,mp-555853,4.978098660704235,23.436117139680682
In6Se7,mp-1192955,6.006894165950477,26.402634440009674
InAgO2,mp-20329,7.150982639162847,14.785184551452456
InAgS2,mp-19833,4.845347505025015,24.573547332767625
InAgTe2,mp-22386,5.8269639925476975,34.04640501914536
InBi2S4Br,mp-1206068,6.015850800610107,25.565055265981893
InBi2S4Cl,mp-559521,5.98980957658576,24.135822447251275
InBi2Se4Br,mp-571169,6.441284579897618,29.921213006966024
InCuGeSe4,mp-1224210,5.0267899591838905,26.7500053090009
InHg7S6Cl5,mp-1196151,6.071313815649804,27.186511918549716
InP,mp-20351,4.705583122405697,25.724008065729485
InPS4,mp-20790,3.0561298664938237,24.817534864427145
InS,mp-19795,4.920436511985393,24.784890438611942
InSb2S4Br,mp-559864,4.548765447983686,25.850384930377455
InSb2S4Cl,mp-556541,4.241925353843078,25.545183140487715
InSb2Se4Br,mp-570321,5.329025714305604,29.371753101566384
InSe,mp-20485,5.220219864755624,30.820151984410547
IrS2,mp-2833,8.401620928439797,16.888574706054133
IrSe2,mp-1361,9.752430302247923,19.872522340341103
K10Zn4Sn4S17,mp-1224229,2.7011865578554635,29.37712005871516
K2Ag3Sb3S7,mp-1223709,4.0902033848459745,26.836230233248944
K2Al2B2O7,mp-560217,2.471826129617969,13.734283287249745
K2Au(IO3)5,mp-1195201,4.58790585472247,18.091826965750194
K2BaNb2S11,mp-1212599,2.9461332686285986,26.563032527159688
K2Bi8Se13,mp-28800,6.53959469155523,30.652874259212037
K2Cd2Te3,mp-571637,4.343211511741299,37.45840984331018
K2Cd3S4,mp-18101,3.7822732584271366,26.52190477990081
K2Cd3Se4,mp-1198419,4.558188684746677,29.600006664451346
K2Cd3Te4,mp-18531,4.6082359894527585,37.068322970085354
K2Ce(PO4)2,mp-1195550,3.8730994774493355,13.464150285371675
K2FeGe3Se8,mp-1200819,3.8453503657681294,30.340451063658517
K2Ga3CuSe6,mp-10973,4.1697161174434685,27.367958440200578
K2Gd2Sb2Se9,mp-1199482,5.118184116149749,29.13152986363589
K2Ge2PbS6,mp-561132,3.267886836652918,28.782192566355693
K2Ge3(BO5)2,mp-560019,3.4713996328807797,13.442512252786123
K2Hg(PSe3)2,mp-568855,3.9909443804734663,30.808367951376294
K2Hg3(GeS4)2,mp-17792,4.507776025400731,26.566177942604813
K2Ho4Cu4S9,mp-1172870,5.27052475455642,21.236581049249644
K2In2P3Se10,mp-1199715,3.891963504306067,29.87497228123271
K2In3AgSe6,mp-21705,4.575631956806841,30.371837101782422
K2In3CuSe6,mp-21713,4.3513868648379175,30.527536125349105
K2La2Sb2S9,mp-1223734,3.686092510301465,26.672247356532818
K2La2Ti3O10,mp-6548,4.764175477480776,13.523675648114766
K2Mn(SnSe3)2,mp-669410,3.9580466223368003,32.20177633291218
K2MnSnSe4,mp-628305,3.9723384645348903,29.66333744429007
K2Mo2Se2O11,mp-1195788,3.68076241181482,16.028472598924616
K2NbCuS4,mp-9763,2.7522049109512037,27.370079554763322
K2NbCuSe4,mp-9003,3.767752670053107,30.326713862095854
K2Nd2Ti3O10,mp-1223975,4.886071924996966,13.399658509209928
K2PAuS4,mp-9509,3.248325529571162,27.75788124412032
K2PdSe10,mp-505138,3.949648276373425,31.506694938019283
K2RbSb,mp-976148,3.038710899629099,38.99337436301655
K2ReH9,mp-29877,3.148111856404887,12.020856775542887
K2S,mp-1022,1.79720207513612,33.95902569497368
K2Se,mp-8426,2.311697321907826,37.62959095046483
K2SmP2S7,mp-555587,2.4475286378776673,29.11473400387555
K2Sn(AuS2)2,mp-557121,4.572899649961282,29.013762215911754
K2Sn2Hg3S8,mp-18115,4.348283674180082,29.88639374219523
K2Sn3(SbS5)2,mp-1195395,3.3741444768133624,28.90567343307501
K2Te,mp-1747,2.4952208893631918,45.65170903709287
K2TeI6,mp-27688,4.104261957348686,43.48087946224111
K2Th(CuS2)2,mp-555425,4.48291829008372,23.277960265682
K2Ti(CuS2)2,mp-1211474,3.178635900751431,22.139318884170596
K2VAgS4,mp-8900,2.878095043621239,26.3429000636513
K2VCuS4,mp-15147,2.6030074719081777,25.592522399392898
K2Zn(SnSe3)2,mp-1195072,4.042280338826182,31.9217858911266
K2ZnTe2,mp-12535,3.7108482041768958,35.69169323786678
K3B6ClO10,mp-1189091,2.3076682745077526,13.585849334010934
K3Bi2I9,mp-1120792,4.2606273874169585,46.69636683332117
K3Cd(BO2)5,mp-1204785,2.686624820209065,14.435493499861115
K3Cr2(PS4)3,mp-559251,2.06129391532769,28.154585656654422
K3NaSn3Se8,mp-628185,3.8764877863386964,32.21550662026648
K3Nb2AsSe11,mp-542545,4.074784701946772,29.88263498632015
K3Sm(AsS4)2,mp-560964,2.738580489338498,29.192219185991895
K3Ta2AsS11,mp-1211748,3.363809600858748,26.33257544910868
K3Ta2AsSe11,mp-683905,4.692403557791735,29.614860017933132
K3Th2Cu3S7,mp-638086,4.607611653384328,23.941071978956344
K3Ti2P5S18,mp-1211873,2.160345072457682,25.943637315904176
K4Ge(PSe3)4,mp-1195433,3.3211245455033245,30.962620818979488
K4GeS4,mp-556627,2.2675701360599274,29.071712167213345
K4GeSe4,mp-568847,3.0649770747364578,32.80007259366071
K4Nb2S11,mp-15148,2.4440822372811333,27.772806752603987
K5In3P6Se19,mp-1199321,3.7117812682329694,30.177511124079636
K6Cd4Sn3Se13,mp-6296,3.1415918903142805,42.017831849482384
K6CdTe4,mp-17698,3.1790695554002975,40.71367135809704
KAg2PS4,mp-12532,3.6503124457238347,23.54513714995276
KAg2SbS3,mp-1192667,4.3249887176489406,25.931884893294697
KAg2SbS4,mp-9490,3.9210859214592033,26.725088696686996
KAsSe2,mp-14659,3.5143089156410343,32.12344436394889
KAu(IO3)4,mp-557441,4.904763258976577,17.59883109471086
KBaAsSe3,mp-1191826,4.083017594288178,33.09316463837698
KBaB5O9,mp-557420,2.972581913956382,13.07428648962566
KBaSbSe3,mp-1190698,4.3474901830056005,34.06167683081437
KBi3S5,mp-1223584,4.52807326498068,33.671680725020494
KBiS2,mp-1223443,4.756507849741324,27.248706386061876
KBiSe2,mp-36539,5.494115875825066,30.677215296154014
KBr,mp-23251,2.7630562038282562,35.75894835064599
KCl,mp-23193,1.9957638386024725,31.014527801672134
KCu2BiS3,mp-1194436,4.779319152070868,23.396074826327638
KCu2SbS3,mp-1192531,4.097311623659423,22.24065563301728
KCu3S2,mp-9868,4.584443789488176,17.74030081999235
KCu4AsS4,mp-557728,4.172262438318803,19.75900877028204
KF,mp-463,2.5790805387069127,18.702759347064404
KH3(SeO3)2,mp-1180593,2.8835032990387264,14.206778950750769
KI,mp-22898,3.1004771845922225,44.453493500722004
KIO3,mp-1200675,4.037656090559175,17.60214158933388
KIn(TeO3)2,mp-1195253,4.9088372154348106,17.086722060134782
KInS2,mp-505412,3.1786197152159876,28.47732914890234
KInSe2,mp-505700,4.012864701954274,32.259769328992064
KLiCO3,mp-562137,2.1627973058444216,13.570171259750147
KNa2Sb,mp-15724,3.0038813223614054,28.584876907685388
KNb3(SeO6)2,mp-1202434,4.08731250622745,15.070920994076621
KNb3(TeO6)2,mp-1202170,4.579284713118945,15.411545560934732
KP(HO2)2,mp-23959,2.385660174160203,11.840294844695487
KPSe3,mp-569702,3.2783749332146126,31.09503341795216
KPSe6,mp-18625,3.825810071235391,29.505332459206095
KSb,mp-1536,3.4570667075428854,38.632678211568646
KSb(SO4)2,mp-1195296,3.2011454400686317,15.258675959092377
KSb5S8,mp-15559,3.9738039033090344,26.995039733795718
KSbS2,mp-11703,3.126561606741884,29.873220862841276
KSbSe2,mp-9576,3.977084352239109,33.27461614161595
KSiBiS4,mp-866651,3.692352626031423,25.98274447585365
KSm2CuS4,mp-11604,4.567940152318723,24.157029466984437
KSnAuS3,mp-1223460,4.454546546706895,28.018305847074654
KSnAuSe3,mp-1223442,5.287918987697528,30.965742421682837
KTa3(TeO6)2,mp-1200554,6.399932119415574,14.83451880320957
KTaO3,mp-3614,6.981426041917768,12.75092400607338
KTeP2,mp-1188829,3.239213835586062,29.303045618340153
KThCuS3,mp-12365,4.678085717980998,25.490793041099867
KTiPO5,mp-6268,3.0398925306474887,13.515303597342617
KUClO3,mp-1095429,4.627344652503922,21.565807222849983
KV4Ag11O16,mp-553910,5.72396127905017,15.279413498853396
KY(TeO3)2,mp-1194980,4.312778366214509,18.45054780103737
KZn4(BO3)3,mp-6652,3.489521739237472,13.356726310651544
La10Se14O,mp-558535,6.151065714440611,27.109276493222595
La2Fe(SeO)2,mp-1078132,6.283013898050536,19.767954046128263
La2HfS5,mp-1197947,5.8533893507766726,21.86620865040108
La2Mn(SeO)2,mp-1196301,5.798045890874985,21.384305091275028
La2MoO5,mp-1105399,6.066582527361159,15.524930579964751
La2O3,mp-1968,6.615226585908185,16.356773217045408
La2S3,mp-7475,4.927142517339004,25.209397630570916
La2Se3,mp-32798,6.045119341034584,28.27618000172701
La2TiCoO6,mp-1211314,6.332539966707742,12.602645885624604
La2Zn(SeO)2,mp-1196943,5.90879751626913,21.403864401231367
La2ZrS5,mp-1198687,4.963733410030479,22.136131920550564
La3CuGeSe7,mp-510011,5.866857826990432,26.07769012041484
La3LuSe6,mp-645695,6.469328209893499,27.347668075502487
La3Mo4O16F,mp-1198818,4.665310472784239,15.949742356429818
La4Cd4In2S13,mp-1196490,5.16336701863756,23.095733533651636
La4Fe(SbS5)2,mp-1203562,5.109673126945966,22.473993919733246
La4InSbS9,mp-1196663,4.693793145334563,25.490194678539623
La6Sb4(SO4)3,mp-1223262,5.790163945422655,18.453666110941104
La8Sb2S15,mp-1195582,4.754928966575054,25.64341926855344
LaCuSO,mp-6088,6.124617206709288,16.980301580423017
LaCuSeO,mp-552488,6.758638028487416,18.267821356347305
LaCuTeO,mp-546790,6.999248087992701,20.52473999498977
LaF3,mp-905,5.984096220582201,13.590219795030329
LaGaO3,mp-5837,6.9637120671375285,12.23883489030105
LaGaS3,mp-4816,4.34049606706342,23.323199585066106
LaMg2H7Pd,mp-1180682,4.399795488138083,10.32707911846941
LaTaN2O,mp-550514,9.057113041682872,13.342307958564874
LaVI5O16,mp-1202389,4.866746769031425,16.026950509694007
LaZnAsO,mp-549589,6.329918696896234,19.362414244806885
Li2B4O7,mp-4779,2.4072358388353647,8.974013053065772
Li2CdGeS4,mp-1189383,3.0996713203798323,21.91025687327858
Li2CdSnS4,mp-1188784,3.313296097401023,23.383730860279357
Li2Ga2GeS6,mp-554782,2.8395739313520427,22.24084635804584
Li2In2GeS6,mp-1191476,3.2593944109811965,23.553282792662376
Li2In2GeSe6,mp-1191200,4.375023988907741,27.25574038900116
Li2In2SiS6,mp-1191903,3.0712335679088767,22.806333095397836
Li2In2SiSe6,mp-1191817,4.2343075835552195,26.573094487312176
Li2PtO3,mp-531826,7.6862653000641314,9.252414884639649
Li2TeMoO6,mp-1203622,4.319569530413783,12.817348460883078
Li2TeWO6,mp-1196881,5.478207694399647,12.770886058091955
Li2ZnSnS4,mp-555186,3.075305884410742,22.020945101522422
Li3Bi,mp-23222,5.095583576182748,18.72197353023166
Li3PS4,mp-985583,1.8542669866217394,20.155625488648344
Li3ScN2,mp-542435,2.504720864974737,10.363483372581108
LiAlB14,mp-8204,2.5167775565522934,7.6401997086698605
LiAsS2,mp-555874,3.0528224898104876,19.852645915678213
LiAsSe2,mp-1078724,4.421161473687972,22.5149192785976
LiB3,mp-1222413,1.7803489422648802,9.181074515248154
LiB3O5,mp-3660,2.4880070232559994,8.852253008858392
LiBi3(ClO2)2,mp-754206,6.788270845459157,18.805950496233997
LiBiS2,mp-1222404,5.445330661763359,21.350231934557613
LiBr,mp-976280,2.9032208475784156,24.8361256015302
LiCa3As2H,mp-1192528,3.1614840263843815,20.861507857570096
LiCdBO3,mp-6126,4.344979659816659,11.348101944272369
LiCl,mp-22905,2.1425657398214,16.428175780340013
LiF,mp-1138,2.5304317804069387,8.51107560207809
LiGa(GeSe3)2,mp-1222398,4.109947041994989,28.10848069295621
LiGaO2,mp-5854,4.2030404435495,10.732636701311426
LiGaS2,mp-3647,2.9237620484129625,19.990848560144048
LiGaSe2,mp-11582,4.165028140620471,23.38134841156587
LiGaTe2,mp-5048,4.598910538235989,29.956721935360704
LiH3(SeO3)2,mp-696288,3.2355399653095818,11.285727664474052
LiI,mp-570935,3.4090510038684037,32.597874242748915
LiIO3,mp-23384,4.259170276463127,14.179217943813644
LiIn(IO3)4,mp-973966,4.799462593368732,15.787837529574217
LiInS2,mp-1188392,3.377928278021819,22.845063685897294
LiInSe2,mp-20187,4.414420042906587,26.301184589008578
LiInTe2,mp-20782,4.704605033033507,33.26289569535109
LiMgAs,mp-12558,3.022463836722795,19.442796443658608
LiMgBi,mp-570213,5.117847218284155,25.981322811118616
LiMgN,mp-37906,2.4675928982460373,10.150766261936482
LiMoIO6,mp-558917,4.157636337427093,14.457293584368607
LiNbO3,mp-3731,4.577485851594526,10.726559048942411
LiSbS2,mp-1079885,3.7826203849741353,21.16280357021169
LiSbSe2,mp-37480,5.189982129861168,22.926156386432975
LiSbTe2,mp-1222285,5.564201590448894,28.642141996664133
LiSiB6,mp-973391,2.3555393777694906,8.80241062173472
LiTaO3,mp-3666,7.452082824503236,10.512489484369373
LiZnBO3,mp-1222376,3.7201891155408826,9.757343367042656
LiZnN,mp-7575,4.982091077680031,9.59427623038902
Lu2O3,mp-1427,9.78462289416088,13.506539211693402
Mg2Ge,mp-408,3.1178885561064233,21.525289545807357
Mg2GeSe4,mp-1192564,4.320046404839095,24.00123095923838
Mg2Si,mp-1367,1.9993371522115477,21.23301612596068
Mg3As2,mp-1990,3.132694630713741,23.61536869115262
Mg3AsN,mp-1206514,3.6111663522785498,14.884228312987654
Mg3N2,mp-1559,2.73722024386655,12.245675261606925
Mg3P2,mp-2514,2.0680734386085926,21.65730534917084
Mg3Sb2,mp-1196139,3.569834467371242,29.438489898748962
Mg5B3O9F,mp-560026,3.0122144608524106,9.706950924343545
MgCu2GeS4,mp-2222834,3.706108854275235,19.731035789435243
MgCu2SiS4,mp-1205334,3.371334784326635,18.947185476761298
MgF2,mp-1249,3.187243199654242,10.819651651535182
MgGeN2,mp-7798,4.412035345023502,11.757516014342135
MgO,mp-1265,3.6289033819523207,9.2213850455102
MgSe,mp-1018040,3.260005132094054,26.299892141933864
MgSiN2,mp-3677,3.1469685467816175,10.606542063595088
MgTe,mp-13033,3.7357481379341437,33.76086631088615
Mn(PbO2)2,mp-21823,7.888239877665714,16.03878844361924
Mn(SbSe2)2,mp-1210700,5.339330465061909,27.29250442095531
Mn11Si19,mp-567968,5.253111010460837,11.990347529292235
MnF2,mp-560902,3.9261829704143527,13.101949362460067
MnI2,mp-28013,4.767267673406124,35.84767805588446
MnO,mp-1232659,5.4848291586156375,10.738201254842725
MnO2,mp-644514,5.001461680242682,9.62132250389411
MnP4,mp-569522,4.1140442471047685,14.436370612027043
MoO3,mp-715584,4.4198179463231755,13.519505055345066
MoSe2,mp-1634,6.5127140791360825,21.575462105090818
Na(GeP)3,mp-1104707,3.4872650536204644,22.708729391624168
Na2Be4B4O11,mp-1020144,2.421470747535384,9.8378504499766
Na2Cd(GeS3)2,mp-1190146,2.96305800606685,25.272659099635824
Na2CdSnS4,mp-2831941,3.0303325160156858,27.76580650718148
Na2EuGeSe4,mp-1221353,4.761360020347146,25.564628362257675
Na2Ga2GeS6,mp-1190388,2.789246223367379,24.3793144893652
Na2Ge2Se5,mp-17964,3.978850703455322,27.176322222543153
Na2In2GeS6,mp-1190145,3.0851529070957584,26.454060492491717
Na2In2GeSe6,mp-1190429,4.0946566279993,30.305325366485757
Na2In2SiS6,mp-1190138,2.9864156623723432,25.07653574326669
Na2Mo2Se2O11,mp-1195277,3.8885471035857653,14.362710565932565
Na2Nb4Se4O19,mp-1192640,3.9076934674797497,15.201657548744016
Na2S,mp-648,1.8890808023843084,22.867559900045947
Na2Se,mp-1266,2.686924163065691,25.73785391163207
Na2Te,mp-2784,3.0055841040984324,31.966676576913542
Na2TeS3,mp-1190141,2.904618695480478,25.704530578023963
Na2TeSe3,mp-573581,4.059082855596543,27.98596478092504
Na2Ti3O7,mp-3488,3.456687956033042,12.072714741940706
Na2Zn(GeS3)2,mp-1190399,2.8012734883031762,24.199358859227754
Na2Zn(GeSe3)2,mp-1190476,4.031300660981383,27.35199168253178
Na2Zn(SnS3)2,mp-1190487,3.0622635428687723,26.679056298329773
Na3MoO4F,mp-1194849,2.9279874008081905,15.621517348435987
Na3Sb,mp-7956,2.728208035261483,29.022114765484005
Na3Zn(BO2)5,mp-560158,2.7379064468466967,11.122158438457962
Na4Mg(GeSe3)2,mp-1103730,3.773932717271349,24.88734487461081
Na4Mg(SiSe3)2,mp-1103351,3.517376320721198,23.466620754553837
Na5Gd(MoO4)4,mp-556070,4.112311992161791,14.163166545223874
NaAsS2,mp-5942,2.8533793246114985,23.575206227744808
NaAsSe2,mp-984519,4.025444214952513,26.38329836824124
NaBiS2,mp-1221125,5.162600272406609,23.809992676767312
NaBiSe2,mp-1221101,6.024334776269959,26.86719288588366
NaBr,mp-22916,3.2889280951307467,25.974894959260983
NaCdAsS3,mp-1192203,3.621194155299142,23.42616111575916
NaCl,mp-22862,2.224545043829438,21.812662732751388
NaF,mp-682,2.918620456906104,11.944513130030133
NaH3(SeO3)2,mp-1220990,3.101025949304965,12.49142194420481
NaI,mp-23268,3.7323303560221612,33.344481388298945
NaIn(IO3)4,mp-1196607,4.812457525080687,16.05285221709528
NaIn(TeO3)2,mp-1194878,5.135168231079662,15.812734661839801
NaIn3S5,mp-1195769,4.402145592724887,22.120038236939475
NaInS2,mp-20289,4.009346842222601,20.908988926835274
NaInSe2,mp-22473,5.105290087782719,24.046993683231964
NaInTe2,mp-22483,5.1327845960283245,31.786096910814045
NaLa2TaO6,mp-13019,6.719340996291562,14.277711545839363
NaNb2PS10,mp-557436,2.6450038707838868,25.131201424139817
NaNbSe2O7,mp-1190450,3.831977619992375,15.198793788690155
NaSb,mp-7944,4.0300177859408866,29.821536719925312
NaSb(PS3)2,mp-554384,2.773745454166595,23.891883823716178
NaSbF6,mp-5955,3.039349918240008,17.67023387518025
NaSbS2,mp-5414,3.5849119614937073,24.18839157261431
NaSbSe2,mp-1220879,4.884897314723899,25.72188030715318
NaSbTe2,mp-1220883,5.235361866714497,31.713768478427987
NaSc(SeO3)2,mp-1194561,3.55137060646393,15.049529301443036
NaSm(PS3)2,mp-561232,3.1333939065656304,22.66524669278686
NaY(Te2O5)2,mp-1195227,4.585829383228455,17.70430119686932
Nb2AgPS10,mp-554930,3.1557522662200452,24.25397927217882
Nb2O5,mp-581967,4.3004206622122565,14.662601818801999
Nb2Pb2Se4O15,mp-1199265,5.029642012956659,16.59428177500338
Nb2Tl3CuSe12,mp-570757,5.840488900551256,28.589913473700634
Nb2Tl4S11,mp-17803,4.947358978950995,26.77355035581565
Nb3CuO8,mp-27383,5.374651882707169,12.107538669234282
NbAg2(PS4)2,mp-554336,3.5974045704370456,22.266932867207704
NbCu3Se4,mp-4043,5.4738474183337145,22.728555959703698
NbCuO3,mp-17272,4.863962376053679,13.95973689888928
Nd10Se14O,mp-1202414,6.584323485160012,25.863788160257272
Nd2HfS5,mp-1196123,6.11120088207798,21.306256250590668
Nd2O3,mp-1045,6.487107728262267,17.226223510402143
Nd2S3,mp-438,5.354881460522223,23.85765258521059
Nd2Se3,mp-32688,6.517396416166739,26.771041393806893
Nd2ZrS5,mp-1196300,5.195530650205344,21.574935125196383
Nd4(GeS4)3,mp-560086,4.498184068338872,22.920182547790276
NdCuSO,mp-542314,6.463398253799101,16.433031386919676
NdCuTeO,mp-974307,7.29752149486508,19.989406869907018
NdF3,mp-254,6.550113185162411,12.754063889740513
NdLuSe3,mp-13327,7.110119240815493,25.974459154094784
NdMoO4F,mp-1192562,5.066537891481002,15.131485141862013
Ni2Te3O8,mp-17360,5.745923734484667,13.964692458338769
NiO,mp-19009,6.762154477618838,9.17091681388321
NiS2,mp-1180046,3.9407906041914456,17.251449812778926
P2Ir,mp-10155,9.202463695856821,15.287577160299326
P2Os,mp-2319,9.447313995231188,14.774944869050818
P2Pd,mp-28266,5.538126998604,16.82764174116311
P2Pd3S8,mp-3006,3.355390565467712,24.277157028513688
P2Pt,mp-730,9.109869824238285,15.617160112582361
P2Rh,mp-15953,6.04928689916941,15.084140834116804
P2Ru,mp-1413,6.197070793396386,14.560479521543114
P2Se5,mp-28860,3.720943185169942,29.11885007303911
P4Os,mp-1103842,6.680598971005209,15.615872656493675
P4Ru,mp-27173,4.8002002274080775,15.564486193329225
PH6NO4,mp-1220029,1.7413170139172724,9.140814601223637
POsS,mp-1102534,9.230866410680678,15.186825553153591
POsSe,mp-1101841,9.862299404533555,16.846431470450717
PPdS,mp-7280,5.015562776918197,18.701317412385034
PPdSe,mp-3123,5.894556122281345,20.31613953360943
PRuS,mp-1095584,6.0442348345432,15.028591593593426
PSe,mp-28885,3.169265900767657,28.79993541960136
Pb2O3,mp-20078,9.837550822423589,15.610191790325237
Pb2SeN2O9,mp-1192446,5.351782835590682,14.746348374626175
Pb3O4,mp-22633,8.662164587521179,18.77560390468158
Pb3Se2(BrO3)2,mp-1194412,6.446903546717075,20.513086993518627
PbBr2,mp-2456335,4.794035014492292,42.3742644009644
PbCl2,mp-23291,5.772894416406985,26.665184125740783
PbI2,mp-567503,5.697440270130672,44.78756064866406
PbN6,mp-667338,4.529275318381045,15.253645793803184
PbS,mp-21276,7.445972212994699,26.679449533579113
PbSe,mp-2201,8.046470006595401,29.527224914078356
PbSeO4,mp-22342,6.415916467935371,15.104373037813922
Pd(IO3)2,mp-1198404,5.3168975273217685,15.83170545416583
PdS2,mp-13682,4.711000020437429,20.038557742872722
PdSe2,mp-2418,6.3594820579421425,23.007476230807082
Pr10Se14O,mp-560835,6.35968924042202,26.429093320437886
Pr2S3,mp-15179,5.137654200236373,24.4353102121317
Pr2Se3,mp-32689,6.297756108096,27.35303795599692
Pr2Te3,mp-32581,6.610114466259504,33.39184746477134
Pr2Te4O11,mp-2980,6.071020016028592,15.57784908250956
PrBN2,mp-9028,5.921697975730973,12.599937204170885
PrCuSO,mp-6166,6.267240646514073,16.726503364757566
PrF3,mp-2651,6.278134809847106,13.086109159451846
PrLuSe3,mp-13326,6.987287394207647,26.272590170849707
PrMoO4F,mp-1192358,4.9277515940121654,15.397137480597223
PrTl2InSe4,mp-1219751,6.796744442549593,29.938598051110255
PrTlSe2,mp-999289,6.624028139229765,31.53675617209342
PtS,mp-288,10.100456437172683,18.67191798634727
PtS2,mp-762,7.051273539602691,20.347859678215684
PtSe2,mp-1115,8.416136651043896,23.216390012447494
Rb2AgPS4,mp-1105212,3.1755463320233033,28.632021402273537
Rb2BaNb2Se11,mp-571293,4.712577199552886,30.00891488081661
Rb2Cd(IBr)2,mp-1103709,3.9177527311177758,42.201131457451325
Rb2Cd(PSe3)2,mp-541897,3.920422764694838,31.538142514301637
Rb2Cd3(B4O7)4,mp-1200744,3.271749159755612,11.695427957689612
Rb2Cd3S4,mp-18556,4.181207477565439,28.083715026552525
Rb2Cd3Se4,mp-16818,4.8587579360266036,31.290540813796262
Rb2Cd3Te4,mp-29901,5.045938982790017,37.24387644710742
Rb2Cu2Sb2S5,mp-1195291,4.0350237074357365,26.25842118639076
Rb2Cu2SnS4,mp-18006,4.054521496328551,24.80056474735746
Rb2GeB4O9,mp-1020707,3.136360480732156,14.255851127861773
Rb2Hg3(GeS4)2,mp-1209424,4.406477533966144,29.506749517530576
Rb2Mo3Se3O16,mp-1194625,3.8875800334730006,16.93654467331738
Rb2NbCuS4,mp-15221,3.20749258149302,29.486477839926287
Rb2NbCuSe4,mp-15222,4.098099135014877,32.579287199098154
Rb2Sn2Hg3S8,mp-561434,4.408527770238263,31.80675593541471
Rb2Sn3(SbS5)2,mp-1194540,3.5654995585972498,29.894983279171534
Rb2Te,mp-441,3.158986458882483,52.308974521133734
Rb2TeBr6,mp-570324,4.027617410689114,35.638172268852344
Rb2TeI6,mp-28070,4.362730964213464,44.826891483432675
Rb2Ti(AgS2)2,mp-1209316,3.7931905748497603,27.375070250587676
Rb2Ti(CuS2)2,mp-7129,3.800179492196923,23.020907843514042
Rb2VAgS4,mp-8901,3.189092121661404,29.810039360184767
Rb2VCuS4,mp-15219,3.200712305196358,26.82750288220812
Rb3Bi2Br9,mp-1195363,4.30988809516592,38.34971167830007
Rb3Bi2I9,mp-29895,4.393114722569822,49.04389776721344
Rb3Cd(BO2)5,mp-1200569,3.2411113933876408,15.71695190999344
Rb3Na(MoO4)2,mp-1104938,3.6261032230269685,19.602084373893696
Rb3Nb2AsSe11,mp-683902,4.239804284426313,31.924410138072584
Rb3Sb,mp-16319,3.166973696862201,49.57059636147694
Rb3Sb2Br9,mp-1194576,3.9480290760955437,36.623984112235824
Rb3Sb2I9,mp-1209693,4.074595547815445,47.79985041214542
Rb3Ta2AsS11,mp-1209358,3.6547831776456174,27.95397486806036
Rb3Zn(BO2)5,mp-1020643,3.0652019102901966,15.27878724203687
Rb4Ge(PSe3)4,mp-1195251,3.613789180140341,32.51353900683452
Rb4Ge3B6O17,mp-1020896,3.478982393240664,14.265832209465588
Rb4Mo5(PO11)2,mp-1199088,3.6281350461029493,17.135485157076673
Rb4Ti3S14,mp-542067,2.862230239415652,25.81367236388133
Rb5Li6(BO2)11,mp-1020620,2.760280593656304,12.850543959543772
Rb7Th2(P2Se7)3,mp-585963,4.032510964587649,33.24447241357014
RbAg2SbS4,mp-17756,4.257535546262503,26.87380142248189
RbAg5(PS4)2,mp-1195102,4.255776533341282,23.003251790970353
RbBi3Se5,mp-1209327,6.384470556501388,31.99715070985601
RbBiS2,mp-30041,5.161621539321554,28.83944052247252
RbBr,mp-22867,3.326427543971318,41.276464132165934
RbCd(BO2)3,mp-1197285,3.4041118632611513,14.470401348221111
RbCl,mp-23295,2.7716925421197955,36.22221969305402
RbF,mp-11718,3.8835717641775656,22.333849106778406
RbGaSnSe4,mp-1209628,4.139294045385822,33.797607129221696
RbGeB3O7,mp-1199892,3.238362699988925,12.927670809749415
RbH2(IO3)3,mp-1192404,4.271443637659398,15.866114655480121
RbH3(SeO3)2,mp-24022,3.163872037503767,14.975897865740748
RbHgSbTe3,mp-1219595,5.894123496652014,37.123182788050755
RbI,mp-22903,3.506111301341046,50.29110896488622
RbInS2,mp-601861,3.6345482043226403,30.201330471012483
RbInTe3O8,mp-1192556,4.942539870061224,18.3770009730204
RbMoPO6,mp-1198591,3.563939064404949,15.96465920075957
RbNa2Sb,mp-975275,3.4537247930583703,30.43530556298051
RbNb3(TeO6)2,mp-1201687,4.8181113709505485,15.535452845245146
RbNb4Br11,mp-1201070,4.950316943343634,28.010102556144073
RbPSe6,mp-17945,4.004124228298113,30.595103167100575
RbSbS2,mp-10621,3.6852888012734573,30.56749770675529
RbSbSe2,mp-1189259,4.470102607251972,33.9109770097535
RbTa3(TeO6)2,mp-1204836,6.6239927752104375,14.97851880966164
RbTbSe2,mp-10782,5.405723540926321,30.89580411965666
RbV(CuS2)2,mp-15998,3.451061205399365,23.56285881043658
RbY(TeO3)2,mp-1194706,4.602726630487341,18.961143476980943
ReS2,mp-572758,7.113031380529443,19.480413065205344
ReSe2,mp-541582,8.62376120443585,22.087668161850512
Rh2S3,mp-974381,6.1448831192557245,16.322288044051223
RuS2,mp-2030,6.146853388312788,14.875960998402613
RuSe2,mp-1922,8.078168322945961,17.745896333006744
Sb2O3,mp-2136,5.832523086050206,16.599243674926626
Sb2Os,mp-2695,11.074427020701247,21.679340423704144
Sb2S3,mp-2809,4.375422722175947,25.785395598507144
Sb2Se3,mp-2160,5.506812533083567,28.972221690937097
Sb2Te3,mp-1201,6.120536415946441,33.98489143805178
Sb3IO4,mp-1209215,5.33735097648844,21.629691851019313
Sb5IO7,mp-556869,5.225534520126911,20.72131656404113
Sb8I2O11,mp-1219562,5.3479747970104645,20.757314319137645
SbI3,mp-23281,4.741073521538678,43.99724679664578
SbOsS,mp-1102833,10.042148323235562,18.963962363748667
SbOsSe,mp-1101771,10.542719681196585,20.525625509615118
SbPb2S2I3,mp-578882,5.941181299600147,34.273370997836146
SbPbBrO2,mp-1206466,7.066364340245682,20.71984593948095
SbPbIO2,mp-1219447,7.4047476439307545,21.88098927741931
SbRuSe,mp-1102395,8.212739944046893,20.339703449495243
SbSBr,mp-22971,4.591719201212127,28.175077677143673
SbSI,mp-23041,4.890449799560453,31.7736453146437
SbSeBr,mp-1209072,5.070301437854808,30.635069777541844
SbSeI,mp-22996,5.387431489874499,33.66064345824241
SbTeI,mp-28051,5.5049912426188445,37.83244600351152
SbTeOs,mp-1103213,10.823599196577488,22.480395385098646
SbTeRh,mp-1219458,8.73314564238582,22.326839549709643
SbTeRu,mp-1102857,8.70378741132592,22.285421185396036
Sc(CuSe)3,mp-1219527,6.103902576604674,18.362055586077815
Sc2O3,mp-216,3.818904932303188,11.993227722986564
Sc2S3,mp-401,2.883972633977312,21.431385871831516
ScAg(PSe3)2,mp-13383,4.075887198057913,28.05116100153087
ScAgO2,mp-11022,5.53811517415263,13.85424716387072
ScCuO2,mp-3642,4.5624290881974545,12.784139580637918
ScNiSb,mp-3432,6.6522731462277545,18.755542169505357
ScSbPd,mp-569779,7.085385842478886,21.33748076443217
ScTlS2,mp-13312,5.59073709680138,23.276352638730152
ScTlSe2,mp-13313,6.4477421898270135,26.221187659523764
ScTlTe2,mp-13314,6.5605469851542555,31.925961129972773
Si(Bi3O5)4,mp-23492,9.18901302686875,15.638673190228793
Si3N4,mp-988,3.2020796398588742,10.392616506468475
Si3Ru2,mp-22192,6.914050613111794,13.756699318504605
SiAs,mp-1863,3.5590785713465807,24.029718683965005
SiAs2,mp-978553,3.9861830117278756,24.706806532303904
SiB3,mp-569128,2.4689221874015743,10.175830369910996
SiGe,mp-1219182,3.9285444703441104,21.287607791565573
SiP,mp-2798,2.259448359192474,21.70224678881688
SiP2,mp-9996,2.2756147276297805,21.899335861633904
SiSe2,mp-1250007,3.5759034017657996,28.7917359288793
SiSn,mp-1009813,4.361247561367914,27.94609330485066
Sm(CuTe)3,mp-1219189,6.910809723997417,24.845028571759133
Sm(ErSe2)3,mp-13282,7.174218771502713,26.05992391665154
Sm2Mn3(SbS3)4,mp-1192255,4.803028650620211,22.017147419202722
Sm2O3,mp-218,7.079480081162786,16.358833917061403
Sm2S3,mp-1403,5.745705003776228,22.94210590994024
Sm2Se3,mp-15081,6.868940343675141,25.99253327410699
Sm2Te3,mp-1106376,7.076621181130209,32.077784969723616
Sm2ZrSe5,mp-1198078,6.760978480378132,24.153662654094187
Sm3B(SO)3,mp-1105337,5.697334235137298,17.66486658869425
Sm4GaSbS9,mp-1199065,5.183655835714276,23.096778821196185
Sm4InSbS9,mp-1196183,5.24194339014166,23.792299341589587
SmBiW2O9,mp-1200917,7.582166361792146,14.673647102952511
SmCuSe2,mp-11793,7.048720440069294,21.89871212183944
SmCuSeO,mp-9194,7.4062054656101095,17.31261255856832
Sn2SbS2I3,mp-1219046,4.73121652507062,35.2740219056562
Sn2WO5,mp-557633,6.151812947164751,16.912836062626322
Sn3Ir2Se3,mp-1194504,8.824949521283822,22.989989114091415
Sn3WO6,mp-556980,5.935831753975785,17.791054329288023
SnBr2,mp-29862,4.652505947406003,33.135549241598085
SnCl2,mp-29179,3.783777170456364,27.738135859838835
SnGe,mp-995181,1.530941159943396,103.77412232017396
SnGeS3,mp-5045,3.5901240564423698,26.599621539465964
SnI2,mp-27194,5.117978698029424,40.28818728486138
SnI4,mp-23182,4.1437086996951304,50.198601717214196
SnO2,mp-856,6.873191556302777,12.136906512323106
SnPbS3,mp-1188095,5.558311572013088,25.22067479039631
SnS,mp-2231,4.90139839037615,25.540443545479764
SnS2,mp-1170,4.169006438095262,24.275405299034816
SnSe,mp-691,5.8029379989225,28.282118243876628
SnSe2,mp-665,5.5406012757769405,27.6356842353206
SnTe,mp-1883,6.324705070463654,32.33410672414661
Sr(LaS2)2,mp-34141,4.794566938256253,24.426251727175323
Sr(NdS2)2,mp-37108,5.098063552494077,23.468746435718778
Sr(PrS2)2,mp-38240,4.947127512790547,23.865002953055132
Sr2Be2B2O7,mp-556498,3.593061787951688,11.620699848993063
Sr2ScSbO6,mp-1106218,5.389964205263415,13.492425843452347
Sr2SmTaO6,mp-1208761,6.716446697084901,14.896988860652034
Sr2TiO4,mp-5532,4.9871465095478476,13.656489697718376
Sr2V3Se5O18,mp-1197632,3.90646076367928,15.346025112641229
Sr3Ti2O7,mp-3349,5.022340116866562,12.965946966620686
Sr4Te3(ClO2)4,mp-1218587,4.266658761153353,20.546898466877657
Sr4V2(Se2O7)3,mp-1204879,4.018808930317438,15.802840049175515
Sr5V3O12F,mp-40674,3.9772542854929176,15.943187814873557
SrBiClO2,mp-547244,5.777712014833325,20.926030886609208
SrCrO4,mp-510607,3.926545563854614,14.351397763698166
SrO,mp-2472,4.987595380591106,17.249200128305095
SrPbO3,mp-20489,7.669326838228552,14.845188524341973
SrS,mp-1087,3.593405710633063,27.653657030423094
SrSe,mp-2758,4.46861550539798,30.950592793236133
SrSeO4,mp-4092,4.371653066875919,14.5971903848752
SrSnO3,mp-2879,6.345516909051056,13.31087499698159
SrTaNO2,mp-2583419,7.80119074770591,13.391837315502574
SrTe,mp-1958,4.728243242961414,37.79217772326529
SrTh(PS4)2,mp-1194714,3.434406494244769,25.711197927129138
SrTiO3,mp-4651,5.093987781835845,11.962507795144642
SrZrS3,mp-558760,3.9582074137901837,23.07675958300889
Ta2Mn3O8,mp-31909,6.71316414754598,12.457307915465448
Ta2O5,mp-10390,8.7289892060389,12.00892097923963
Ta2Tl4S11,mp-18344,5.58284433247195,26.806754130024814
Ta4Cu2O11,mp-676563,7.935946170711641,12.639207841870723
Ta7Cu3O19,mp-28752,8.363505379002003,12.05831611497077
TaCu3S4,mp-10748,5.025571147896058,20.64475824221836
TaNO,mp-4165,10.896074306494693,10.716315962100145
TaTl3S4,mp-7562,6.565969587348933,29.158129402995932
TaTlS3,mp-10795,6.718270500255314,23.803537932873546
Tb(CuSe)3,mp-1217841,6.963066032212186,19.979131699368732
Tb(CuTe)3,mp-1217851,7.208168350699238,24.10198094426102
Tb2(MoO4)3,mp-3114,4.4172960016694525,17.638570842091607
Tb2EuSe4,mp-646337,6.763508196295207,27.555655698716468
Tb2O3,mp-1056,8.013812686078552,15.161482173846803
Tb4Al2O9,mp-1200490,6.5418778223386616,14.107299703144689
Tb4GaSbS9,mp-1202576,5.5429422513449325,22.28393747102195
TbWClO4,mp-1103802,5.715600438174673,18.353698763128243
TcS2,mp-9481,4.694071105098641,19.117960567706433
Te2Mo,mp-602,7.23066892428707,26.880025160946165
Te2Ru,mp-267,8.53132679029429,23.11482015242221
Te3As2,mp-484,5.771057633752973,30.652088344633448
TeI,mp-569766,5.119597092881965,41.274206484618695
TeI4,mp-570884,4.305102807150928,49.00250483174358
TeO2,mp-8377,5.657354018806982,15.615076205911963
TePb,mp-19717,7.94335593467838,34.99455923097759
TePb3Cl4O3,mp-1196950,5.84996160550661,24.231132164698682
TeSe,mp-1217322,5.345475456222573,32.08329665021795
Th2Se5,mp-2392,8.26420097312425,24.6536210002623
ThO2,mp-643,9.981284074654347,14.642188245289411
ThSO,mp-8136,8.692176439657416,17.836770829098032
ThSeO,mp-7950,9.41536851374871,19.22360787812222
ThTeO,mp-3718,9.369622464185339,22.19088618894632
Ti(Bi3O5)4,mp-23494,9.052858903741887,15.983830714498506
Ti6H2O13,mp-1191976,3.1568100633284675,12.454355980883813
TiCoSb,mp-5967,7.557042599749188,16.740813965144266
TiFe2Si,mp-866141,6.92322236784906,11.251541740573039
TiO2,mp-390,3.8561390579169474,11.463995375804954
TiS3,mp-9920,3.1228527280544403,19.15080535686719
TiTlPS5,mp-1542940,3.400311642483385,27.075847115106907
Tl2BiP2S7,mp-559093,4.51390215004013,27.71762207702498
Tl2Cu2SnS4,mp-18240,6.129355431106988,23.564512838850444
Tl2GeTe3,mp-29034,6.947759752129458,34.4247371841387
Tl2Hg3S4,mp-1188364,7.826202912871073,26.847363689843394
Tl2Hg3Se4,mp-1105692,8.363910943855155,29.25930725349414
Tl2Hg3Te4,mp-1190100,7.95289577089489,35.285185769336586
Tl2PAuS4,mp-9510,5.870987142438443,27.045227718192134
Tl2S,mp-667,7.990500577138402,30.537014401248708
Tl2Te3,mp-29711,7.5583865249440505,34.780630992550755
Tl2TeBr6,mp-31076,5.5687516222314155,33.655258429539764
Tl2TeI6,mp-31077,5.64612062309539,42.40938785220007
Tl2TeS3,mp-17172,5.701471747341469,30.70532473540096
Tl3AsSe3,mp-7684,7.297571445985277,30.06710836863891
Tl3VS4,mp-5513,6.027814315155005,27.284567535267737
Tl4CdI6,mp-570339,6.373296091594524,40.061868579334266
Tl4CuTeO6,mp-1191858,8.155925954964061,18.742578503132467
TlAsS2,mp-4988,5.264075448285785,27.083914064604393
TlAsSe2,mp-30236,6.058135248733245,29.960911960990416
TlBiTe2,mp-27438,7.765457715019705,35.74084693724409
TlBr,mp-568949,6.905637602678175,34.18005656748869
TlCl,mp-571079,6.469049477403585,30.781766867753348
TlCr5S8,mp-541823,4.547170872082889,18.803775327774527
TlCuCl3,mp-1105457,4.966746229309072,25.02726395214926
TlGaS2,mp-4016,5.570099156202046,25.20846461354558
TlGaSe2,mp-17254,6.256269728893391,28.66710436234439
TlGaTe2,mp-3785,6.916599707810294,31.768998730510546
TlHg6S4Br5,mp-1204377,6.690046525641654,30.028854607706272
TlHg6Se4Br5,mp-1202157,6.963926903174094,31.64337914272139
TlInHgS3,mp-1190524,6.7529038257233,25.245172102704732
TlInS2,mp-20042,6.575468661370863,24.201187469725486
TlInSe2,mp-22232,6.854806571114,28.895000534939324
TlInTe2,mp-22791,6.9792552419133544,34.166102452728865
TlN3,mp-870,5.822987526243125,17.56669020837873
TlS,mp-561066,6.50127913126112,30.19649144836779
TlSe,mp-1836,7.997060555923034,29.41722246687786
Tm(CuTe)3,mp-2514049,7.442324750937269,23.662691774366625
Tm2O3,mp-1767,9.150946297529503,14.003941803917707
UHg3(TeCl3)2,mp-567543,5.445825511295654,33.229045694485166
UHg4(AsCl3)2,mp-570252,5.382776446576297,33.2921336338287
V2O5,mp-25279,3.4375305059565995,12.551321151285189
V2Pb4(Se2O7)3,mp-1203641,5.426534771123412,16.138725243210107
V2Zn3TeO10,mp-554700,4.232091488055301,14.363234706304771
V3As2O9,mp-1216491,4.345672838204343,12.191112307772672
V3Bi(PbO4)3,mp-1216962,5.875469853734954,17.483876525981902
VAg(IO4)2,mp-1198619,5.05118599347163,14.810224807020257
VCu3S4,mp-3762,3.9661354529695454,19.35552080243483
VFeSb,mp-567636,7.969117301040473,15.874212807949958
VGa(TeO4)2,mp-1195697,4.936207297145916,14.124857837364297
VO,mp-19184,5.318032742750917,10.451043175212194
VO2,mp-541404,4.067600255193656,11.286393262601704
VZn2BiO6,mp-1105584,5.950271724644552,13.583323227656786
WO3,mp-2383161,6.712705038560279,14.337602576709996
WSe2,mp-1821,8.65592175403535,21.854242198860273
Y(CuSe)3,mp-1216202,6.035351568315497,20.29807136318332
Y(CuTe)3,mp-1216225,6.544163963101845,24.00934950042195
Y2O3,mp-2652,5.026122832858722,14.920692272925162
Y2S3,mp-541289,3.8050672458027317,23.91541596864251
Y3GaS6,mp-1189598,3.835477197201199,22.89529418992136
Y6Zn(SiS7)2,mp-1216132,3.8052798339531217,20.944706064477252
YCuO2,mp-2918,5.001199948022238,15.310701100137324
YMoClO4,mp-560118,3.7502893397642953,17.982816750970393
YMoO4F,mp-555913,4.356706499932605,14.58381662898084
YN,mp-2114,5.821847704574437,14.6766386197419
YNiSb,mp-11520,7.046821290786001,21.157603743970558
YSbPd,mp-1207056,7.40343023048882,23.706733455468456
YSbPt,mp-4964,9.442610857880519,23.784505060193435
Zn(GaSe2)2,mp-15776,5.104347978029998,24.198820104093436
Zn(InS2)2,mp-674328,4.291947825864141,23.396453016081114
Zn(InSe2)2,mp-22607,5.288812570099574,27.400112278911855
Zn(InTe2)2,mp-20832,5.552410892873276,34.41163832901932
Zn2InCuSe4,mp-1215816,5.313536937770767,24.41578605360869
Zn2InCuTe4,mp-1215701,5.611507582829014,30.316004861300698
Zn2MoSeO7,mp-1191333,4.3291066425469875,14.565887498292227
Zn2TeMoO7,mp-1192126,4.742398328320518,14.844784702994746
Zn3(BO3)2,mp-557683,3.9812910376295285,11.900035409870446
Zn3(PS4)2,mp-30311,2.9722098182768106,22.11952661804084
Zn3As2,mp-680580,5.42354724097907,21.191410763201393
Zn3P2,mp-2071,4.691224769052758,18.27705574591018
Zn6S5Cl2,mp-1215990,3.1839394539263863,25.0210910762251
ZnAs,mp-7372,5.983306791739732,19.472881104903426
ZnAs2,mp-7262,5.121352392989239,23.264342426484763
ZnB12(H5O12)2,mp-1195627,2.241427855784395,9.287388980124348
ZnCu2GeS4,mp-6408,4.443875003832139,18.37522794791075
ZnCu2SiS4,mp-1189702,4.060762574280743,17.831418080361413
ZnCu2SiSe4,mp-1232332,5.078185669069057,21.926068128895338
ZnCu2SiTe4,mp-1078498,5.713784559283442,26.554896054731227
ZnGeN2,mp-2979,6.0526797656450535,11.389711391081992
ZnGeP2,mp-4524,4.179818738428334,19.8634236356311
ZnHg3(SCl2)2,mp-1105779,4.989886939981584,29.055799215647347
ZnI2,mp-27161,4.378271017384577,40.356406903154046
ZnO,mp-2133,5.70421780686615,11.849287064975101
ZnS,mp-554820,4.141139565305906,19.542855586637522
ZnSb,mp-753,6.346784757848934,24.48495170504198
ZnSe,mp-1190,5.274845268778988,22.723923858478194
ZnSi(AgS2)2,mp-1189914,4.364531119583839,20.806093221339644
ZnSiAs2,mp-3595,4.700003754302898,21.49316140740628
ZnSiP2,mp-4763,3.418565574455873,18.876159299976194
ZnSnO3,mp-13334,6.556764826849906,11.757007878380284
ZnSnP2,mp-4175,4.525181829974542,22.57384849034703
ZnTe,mp-2176,5.616959252306423,28.52958071342576
ZrHg4(PCl3)2,mp-1200713,5.177212848669309,28.82340855001919
ZrO2,mp-2858,5.777331384412114,11.805697110602315
ZrS2,mp-1186,3.6186651797200184,23.763033544184378
ZrS3,mp-9921,3.608861478892194,21.559193470251937
ZrSe2,mp-2076,5.139046403440359,26.834637708403644
ZrSe3,mp-1683,5.464371229421456,24.926450227897973
