Formula,Material ID,density,density_atomic,avg_Density_(g/mL),sum_Density_(g/mL),range_Density_(g/mL)
Ag2GeS3,mp-9900,4.767775067,22.32333477,5.421666666666667,32.53,8.43
Ag2GeSe3,mp-1096802,5.642427207,25.76340347,6.781666666666666,40.69,5.71
Ag2HgI4,mp-1229122,5.746625629,38.14028494,7.7457142857142856,54.22,8.57
Ag2Mo(I2O7)2,mp-1203404,5.307991705,15.54185657,2.4247619047619047,50.92,10.5
Ag2SnSe3,mp-1096812,5.688196752,27.79761461,7.113333333333333,42.68,5.71
Ag3AsS3,mp-561620,5.393890423,21.7575234,6.2057142857142855,43.440000000000005,8.43
Ag3AsSe3,mp-662599,6.331067759,23.80814418,7.371428571428572,51.60000000000001,5.71
Ag3SbS3,mp-555269,5.802740887,22.13931289,6.3428571428571425,44.4,8.43
Ag5IO6,mp-554648,7.370315629,14.31115105,4.785833333333334,57.43,10.5
Ag7AsS6,mp-15077,5.62606129,21.55424281,6.546428571428572,91.65,8.43
Ag8GeS6,mp-9770,6.204443919,20.12587079,6.782666666666667,101.74,8.43
AgAsS2,mp-13740,4.454054202,23.01386308,5.0925,20.37,8.43
AgBi(PS3)2,mp-556434,4.147865929,22.86662321,3.6310000000000002,36.31,8.68
AgBi(PSe3)2,mp-569126,4.996191649,28.33563742,5.263,52.63,8.68
AgBiPbS3,mp-1229121,7.057910391,24.32114397,6.3100000000000005,37.86,9.33
AgBiS2,mp-1172905,6.996772733,22.60434464,6.0975,24.39,8.43
AgBiSe2,mp-27916,7.943634553,24.81143243,7.4575,29.83,5.71
AgBr,mp-23231,6.444350902,24.19196894,6.8100000000000005,13.620000000000001,7.38
AgCl,mp-22922,5.582622712,21.31529067,5.25,10.5,10.5
AgI,mp-580941,5.809898806,33.55042862,7.715,15.43,5.57
AgN3,mp-2247,4.322439137,14.39553976,2.625,10.5,10.5
AgP15,mp-1195243,2.777913859,21.3878232,2.3625,37.8,8.68
AgPd(IO3)3,mp-1193499,5.273246956,16.62207212,2.6635714285714283,37.29,12
AgSbS2,mp-3922,5.037409127,24.20872292,5.3325000000000005,21.330000000000002,8.43
AgTe,mp-568761,7.276716901,26.86679655,8.370000000000001,16.740000000000002,4.26
Al2S3,mp-1228491,2.289530183,21.78118072,2.322,11.61,0.6300000000000003
Al2Se3,mp-11674,3.824586749,25.25534515,3.954,19.770000000000003,2.09
Al2Te3,mp-29502,4.155653863,34.90483936,4.824,24.119999999999997,3.54
AlAgO2,mp-9631,6.306938397,10.98229042,3.3,13.2,10.5
AlAgS2,mp-5782,3.900206525,21.17923931,4.335,17.34,8.43
AlAgSe2,mp-14091,4.941582477,24.59513682,5.695,22.78,7.8
AlAgTe2,mp-14092,5.285977139,30.63259695,6.42,25.68,7.8
AlCuS2,mp-4979,3.507737278,18.30345779,3.95,15.8,6.890000000000001
AlCuSe2,mp-8016,4.781385838,21.57098683,5.3100000000000005,21.240000000000002,6.260000000000001
AlCuTe2,mp-8017,5.249753009,27.33909973,6.035,24.14,6.260000000000001
AlN,mp-661,3.200889713,10.63182077,1.35,2.7,2.7
AlP,mp-1550,2.348192311,20.49172896,2.2600000000000002,4.5200000000000005,0.8800000000000001
AlSb,mp-2624,4.175546636,29.57590433,4.695,9.39,3.99
AlV(TeO4)2,mp-1194859,4.64336743,13.74191003,1.7741666666666667,21.29,6.24
As2Ir,mp-15649,10.71025663,17.67789341,11.286666666666665,33.86,16.669999999999998
As2O3,mp-1582,4.117486464,15.95747194,2.2920000000000003,11.46,5.73
As2Os,mp-2455,11.02793169,17.06892552,11.353333333333333,34.06,16.87
As2Pt,mp-2513,10.56259894,18.07525761,10.953333333333333,32.86,15.669999999999998
As2Rh,mp-15954,8.009504853,17.46670979,7.953333333333333,23.86,6.67
As2Ru,mp-766,8.231194674,16.87285129,7.953333333333333,23.86,6.67
As2S3,mp-1189572,3.10444588,26.32070642,3.534,17.67,3.6600000000000006
As2Se3,mp-909,4.573186525,28.08409314,5.166,25.830000000000002,0.9400000000000004
AsBr3,mp-23317,3.726935401,35.04631341,3.7725,15.09,2.6100000000000003
AsI3,mp-23218,4.447894936,42.52571976,5.13,20.52,0.8000000000000007
AsOsS,mp-1214793,10.01630017,16.42455355,10.133333333333333,30.400000000000002,20.53
AsP,mp-1228799,3.811700292,23.06626599,3.7750000000000004,7.550000000000001,3.91
AsPPt,mp-1228792,9.681762038,17.20719799,9.649999999999999,28.95,19.58
AsPRu,mp-1228753,7.141666143,16.04079786,6.6499999999999995,19.950000000000003,10.58
AsRuS,mp-1214786,7.088232344,16.24693321,6.7333333333333325,20.200000000000003,10.33
AsS,mp-542810,3.260272138,27.24549078,3.9000000000000004,7.800000000000001,3.6600000000000006
AsSeI,mp-505373,4.697280997,33.08695952,5.15,15.45,0.9400000000000004
B2Mo(PbO2)6,mp-1196917,7.441138601,16.50035505,3.9657142857142857,83.28,11.4
B2O3,mp-306,2.561902769,9.025093639,0.9359999999999999,4.68,2.34
B2Se2O7,mp-558521,3.578819756,12.29734787,1.2963636363636364,14.26,4.79
B3Pb10Br3O13,mp-1229254,7.026553509,20.79757789,4.4958620689655175,130.38,11.4
B3Pb3NO10,mp-1200969,5.969686709,13.54866949,2.4247058823529417,41.22,11.4
B4C,mp-1238815,2.541908945,7.219187621,2.322,11.61,0.09
B6As,mp-624,3.589969113,9.236958533,2.824285714285714,19.77,3.3900000000000006
B6P,mp-28395,2.607392551,8.719475535,2.265714285714285,15.86,0.5199999999999998
BAs,mp-10044,5.087631341,13.99102274,4.035,8.07,3.3900000000000006
BH(PbO2)2,mp-1105235,6.186756877,16.44689884,3.1425,25.14,11.4
BP,mp-1479,2.981368783,11.63647216,2.08,4.16,0.5199999999999998
BPb7Br3O7,mp-1201413,7.402369027,22.59353639,5.083333333333334,91.5,11.4
BSb,mp-997618,5.974007196,18.42476226,4.515000000000001,9.030000000000001,4.3500000000000005
BSbPbS4,mp-1228703,4.409238874,25.18036663,4.101428571428571,28.71,9.33
Ba(BO2)2,mp-540659,3.688629575,14.33794358,1.1685714285714286,8.18,3.5
Ba(GaS2)2,mp-849286,3.873010546,24.80805903,3.3685714285714283,23.58,3.8300000000000005
Ba(GaSe2)2,mp-7841,4.745645848,29.62285458,4.9228571428571435,34.46,2.4000000000000004
Ba(InS2)2,mp-21943,4.096007203,28.68079283,3.7714285714285714,26.4,5.24
Ba(InSe2)2,mp-21766,4.901912837,33.04310827,5.325714285714286,37.28,3.8099999999999996
Ba(ZnAs)2,mp-7427,5.942561358,23.35981721,5.844000000000001,29.22,3.63
Ba12In4S19,mp-1229044,4.316618699,29.85630395,3.1591428571428573,110.57,5.24
Ba2B6H4O13,mp-1199077,3.682959448,9.947003821,0.8416,21.04,3.5
Ba2Cd(BO2)6,mp-1190588,3.977258358,12.80207823,1.4138095238095238,29.689999999999998,8.65
Ba2DyGaSe5,mp-1105698,5.486259274,30.3236344,5.044444444444444,45.400000000000006,5.050000000000001
Ba2DyGaTe5,mp-1105922,5.758294934,36.6835632,5.85,52.650000000000006,5.050000000000001
Ba2DyInSe5,mp-1106127,5.63657566,30.99107583,5.2011111111111115,46.81,5.050000000000001
Ba2DyInTe5,mp-1189860,5.833766718,37.6352038,6.006666666666667,54.06,5.050000000000001
Ba2ErGaSe5,mp-1105790,5.559083875,30.0843413,5.102222222222222,45.92,5.57
Ba2ErGaTe5,mp-1105724,5.741174962,36.94589237,5.907777777777778,53.17,5.57
Ba2ErInSe5,mp-1188122,5.73183021,30.62923942,5.2588888888888885,47.33,5.57
Ba2ErInTe5,mp-1106146,5.908495985,37.30781168,6.064444444444444,54.58,5.57
Ba2GaAsSe5,mp-1195309,4.920215179,30.52808059,4.731111111111112,42.58,2.4000000000000004
Ba2GaBiS5,mp-1201906,4.681831121,28.12521368,3.6666666666666665,33,7.68
Ba2GaBiSe5,mp-1203584,5.585604244,31.3196475,5.177777777777778,46.599999999999994,6.25
Ba2GaBiTe5,mp-1202829,5.85834404,37.52094622,5.983333333333333,53.85,6.25
Ba2GaS4,mp-1199702,4.016998936,27.91110675,3.025714285714286,21.18,3.8300000000000005
Ba2GaSbSe5,mp-1203387,5.090691303,31.20334826,4.837777777777777,43.54,3.1900000000000004
Ba2GaSbTe5,mp-1200935,5.484344678,37.14538039,5.643333333333333,50.790000000000006,3.1900000000000004
Ba2GaSe4,mp-1195574,4.895537405,31.99170504,4.58,32.06,2.4000000000000004
Ba2GdGaSe5,mp-1190156,5.426839558,30.47716279,4.972222222222222,44.75,4.4
Ba2GdGaTe5,mp-1105573,5.693151254,36.93317092,5.777777777777778,52,4.4
Ba2HgS5,mp-1194545,4.635298641,28.46060296,3.85625,30.85,11.43
Ba2In2S5,mp-22841,4.32390258,28.35964736,3.552222222222222,31.97,5.24
Ba2In2Se5,mp-573635,5.108878848,32.47013927,5.0633333333333335,45.56999999999999,3.8099999999999996
Ba2InAgS4,mp-1197611,4.674343859,27.7801977,4.1362499999999995,33.089999999999996,8.43
Ba2InBiS5,mp-864638,4.952783994,28.26647076,3.823333333333333,34.41,7.68
Ba2InSbSe5,mp-1189339,5.335144886,31.3331391,4.9944444444444445,44.95,3.8099999999999996
Ba2NaCu3S5,mp-1191092,4.483815716,21.83685721,4.109090909090909,45.2,7.990000000000001
Ba2NdGaS5,mp-1228486,4.671603696,25.62995337,3.3611111111111107,30.25,4.93
Ba2NdGaSe5,mp-1205363,5.212666251,31.26895764,4.872222222222222,43.849999999999994,3.5
Ba2NdInSe5,mp-1190093,5.431090138,31.5433659,5.028888888888889,45.26,3.8099999999999996
Ba2NdInTe5,mp-1205400,5.644110423,38.30299248,5.834444444444444,52.510000000000005,3.8099999999999996
Ba2ScTaO6,mp-1205823,6.892776028,14.37159045,2.6590000000000003,26.590000000000003,16.6
Ba2SmGaSe5,mp-1189376,5.303750481,30.94478866,4.93,44.370000000000005,4.02
Ba2SmGaTe5,mp-1189729,5.614611851,37.22339121,5.735555555555555,51.620000000000005,4.02
Ba2SmInSe5,mp-1188304,5.512588291,31.28179575,5.086666666666667,45.78,4.02
Ba2SmTaO6,mp-1214622,7.21098816,16.16462434,3.112,31.12,16.6
Ba2SnSe4,mp-1192595,5.044381488,33.35141854,4.781428571428572,33.47,3.8099999999999996
Ba2SnSe5,mp-31307,5.132330094,31.87580224,4.7825,38.26,3.8099999999999996
Ba2TaInO6,mp-1079630,7.468428663,14.81717664,3.091,30.91,16.6
Ba2ThCu2Se5,mp-1078405,6.261531608,27.27773525,6.057,60.57000000000001,8.2
Ba2V2Te2O11,mp-1204192,4.618947953,17.08140288,1.8647058823529412,31.7,6.24
Ba2V2ZnO8,mp-556688,4.549200979,16.00297304,2.0269230769230773,26.349999999999998,7.13
Ba2YGaSe5,mp-1106265,5.040133287,30.31365871,4.591111111111111,41.31999999999999,2.4000000000000004
Ba2YGaTe5,mp-1189739,5.400295371,36.60102317,5.3966666666666665,48.57,2.74
Ba2YInSe5,mp-1205397,5.183298715,31.08157805,4.747777777777777,42.73,3.8099999999999996
Ba2YInTe5,mp-1106096,5.432501272,37.91560257,5.553333333333333,49.980000000000004,3.8099999999999996
Ba2ZnSe3,mp-1190528,5.247394475,30.42895527,4.75,28.5,3.63
Ba2ZnTe3,mp-1190380,5.361872684,37.3110392,5.475,32.849999999999994,3.63
Ba3Bi2TeO9,mp-556407,7.149560034,17.05600733,2.416,36.24,9.75
Ba3Cd(SnS4)2,mp-1228659,4.040900363,29.89044019,3.5949999999999998,50.33,6.58
Ba3Dy2(PS4)4,mp-560798,3.527533144,25.87010445,2.7199999999999998,68,6.73
Ba3Er2(PS4)4,mp-560534,3.577075079,25.68854421,2.7615999999999996,69.03999999999999,7.25
Ba3FeS4Br,mp-1195713,4.314988795,28.90461487,3.3066666666666666,29.76,5.790000000000001
Ba3Gd2(PS4)4,mp-684036,3.494891192,25.9121728,2.668,66.69999999999999,6.08
Ba3GeS5,mp-1200759,4.201872296,28.31959854,2.9077777777777776,26.17,3.2500000000000004
Ba3Ho2(PS4)4,mp-559171,3.551301135,25.78787287,2.74,68.5,6.98
Ba3In2(PO4)4,mp-1200796,4.530775529,14.97531458,1.2959999999999998,32.4,7.31
Ba3InS4Cl,mp-1205371,4.37779933,29.1019418,2.8988888888888886,26.089999999999996,7.31
Ba3MgTa2O9,mp-6325,7.37008353,14.15199386,3.0293333333333337,45.440000000000005,16.6
Ba3Nb2Se9,mp-1195033,5.232618064,29.65881307,5.053571428571429,70.75,5.07
Ba3P3ClO10,mp-1194911,3.919151912,17.45511718,0.9388235294117648,15.96,3.5
Ba3Sb2S7,mp-1195624,4.009674196,30.36824696,3.1975,38.370000000000005,4.620000000000001
Ba3Ta2Se9,mp-1195068,5.933794719,29.67383306,6.200714285714286,86.81,13.100000000000001
Ba3Ta2ZnO9,mp-1214475,7.661767592,14.20712589,3.388666666666667,50.830000000000005,16.6
Ba3Tb2(PS4)4,mp-554264,3.496627944,25.96295192,2.6944,67.36,6.41
Ba3ThSe7,mp-1095255,5.577608409,32.38976956,5.066363636363636,55.730000000000004,8.2
Ba3V2(SeO4)4,mp-1200758,4.281210993,16.84418702,1.6752,41.879999999999995,6.11
Ba4Ga4SnSe12,mp-1195344,4.895372109,30.60008664,4.8757142857142854,102.39000000000001,3.8099999999999996
Ba4LiGa5Se12,mp-1197353,4.838203395,28.89836791,4.614545454545454,101.52000000000001,5.36
Ba5(Ga2Se5)2,mp-1228123,5.140361656,29.84079357,4.684210526315789,89,2.4000000000000004
Ba5(GaSe4)2,mp-1204617,5.145584642,31.3624108,4.508,67.62,2.4000000000000004
Ba5In4Te4S7,mp-1105201,4.718509679,33.09391088,4.3095,86.18999999999998,5.24
Ba8Al10B12O41,mp-1019529,3.718468324,13.54878474,1.1701408450704225,83.08,3.5
Ba8Sn4S15,mp-1195594,4.197042015,30.10464957,3.27,88.28999999999999,5.24
BaAgSbS3,mp-1190401,4.632952647,27.66698545,4.483333333333333,26.9,8.43
BaAl4Se7,mp-1191234,4.129855151,26.73753172,3.985833333333334,47.83,2.09
BaBClF4,mp-1103527,3.548292507,17.35443938,0.8342857142857143,5.84,3.5
BaBSbS4,mp-866301,3.609817021,26.16503471,2.9728571428571424,20.810000000000002,4.620000000000001
BaBiClO2,mp-552806,5.919370303,23.21406773,2.6500000000000004,13.25,9.75
BaCaB2O5,mp-1019542,3.617093119,14.23273813,1.081111111111111,9.73,3.5
BaCdSnS4,mp-12306,4.108386333,28.68011817,3.9628571428571426,27.740000000000002,6.58
BaCu2SnSe4,mp-12364,5.299959512,27.37439145,5.98625,47.89,5.460000000000001
BaCuTeF,mp-13287,6.120271073,23.56880246,4.675000000000001,18.700000000000003,8.96
BaF2,mp-1029,4.825907156,20.10896745,1.1666666666666665,3.5,3.5
BaGa2GeS6,mp-1227983,3.723094554,24.16497982,3.3040000000000003,33.04,3.8300000000000005
BaGa2GeSe6,mp-1227970,4.882512154,27.9960578,4.936,49.36,2.4000000000000004
BaGa2SiS6,mp-1227993,3.54653449,23.2818985,3.005,30.05,3.8300000000000005
BaGa2SiSe6,mp-1227978,4.675939636,27.65062293,4.6370000000000005,46.370000000000005,3.5700000000000003
BaGa4S7,mp-4309,3.824823525,23.17893883,3.4658333333333333,41.59,3.8300000000000005
BaGa4Se7,mp-1191072,4.989722287,26.87125272,5.0525,60.63,2.4000000000000004
BaGe2,mp-2139,5.064587687,30.88635528,4.713333333333333,14.14,1.8200000000000003
BaHgS2,mp-28007,5.803646073,28.75841935,5.285,21.14,11.43
BaIn2(P2O7)2,mp-1205018,4.050559711,13.95498814,1.2095238095238094,25.4,7.31
BaLa2Te5O14,mp-559703,5.601331849,17.20957177,2.1363636363636367,47,6.24
BaNaB5O9,mp-1019554,3.068945462,12.11901131,1.0106249999999999,16.169999999999998,3.5
BaO,mp-1342,5.859229671,21.7267876,1.75,3.5,3.5
BaPd(IO3)4,mp-1106270,4.870003425,17.86996555,1.9566666666666666,35.22,12
BaReH9,mp-28911,4.820811221,10.41515317,2.2272727272727275,24.5,21
BaS,mp-1500,4.190346372,33.56310059,2.785,5.57,1.4300000000000002
BaSe,mp-1253,4.847306733,37.0466563,4.145,8.29,1.29
BaSi2,mp-1477,3.602765206,29.72818284,2.7199999999999998,8.16,1.17
BaSn2S5,mp-1202711,4.245772344,26.15860812,3.55875,28.47,5.24
BaSnO3,mp-3163,7.097114448,14.22725619,2.162,10.809999999999999,7.31
BaTaNO2,mp-1227303,8.542674057,14.16188416,4.0200000000000005,20.1,16.6
BaTe,mp-1000,4.937715826,44.54707893,4.87,9.74,2.74
BaTeMo2O9,mp-19049,5.118940605,14.99190202,2.3184615384615386,30.14,10.2
BaTiO3,mp-5777,5.905237275,13.11462148,1.608,8.04,4.54
BaV2SeO8,mp-1200210,4.139667185,14.91413665,1.7091666666666667,20.51,6.11
BaZnSO,mp-548469,5.165024818,20.15788291,3.175,12.7,7.13
Be3N2,mp-18337,2.724295336,6.710916011,1.11,5.550000000000001,1.85
BeO,mp-2542,3.019437109,6.877558222,0.925,1.85,1.85
BeS,mp-422,2.36179233,14.44036052,1.96,3.92,0.21999999999999975
BeSe,mp-1541,4.233530574,17.2528865,3.3200000000000003,6.640000000000001,2.94
BeTe,mp-252,4.996636953,22.70025492,4.045,8.09,4.390000000000001
Bi2(MoO4)3,mp-23388,6.291529074,13.9383318,2.947058823529412,50.099999999999994,10.2
Bi2CO5,mp-556210,7.860438033,13.46653032,2.71875,21.75,9.75
Bi2I4O13,mp-1204764,6.334366205,15.64015346,2.0642105263157893,39.22,9.75
Bi2Mo2Se2O13,mp-1200193,5.824205482,14.6419427,2.6042105263157893,49.48,10.2
Bi2O3,mp-23262,9.438175801,16.39603117,3.9000000000000004,19.5,9.75
Bi2S3,mp-22856,6.602026285,25.86405311,5.142,25.71,7.68
Bi2Se3,mp-541837,7.164344933,30.3555661,6.774000000000001,33.870000000000005,4.96
Bi2Te2Se,mp-29666,7.293480171,34.24773748,7.354000000000001,36.77,4.96
Bi2Te3,mp-34202,7.315389164,36.35335213,7.644,38.22,3.51
Bi4Pb7Se13,mp-1190436,7.533131997,30.4268999,7.544583333333334,181.07,6.61
Bi5IO7,mp-554445,8.424573736,19.46506905,4.1292307692307695,53.68,9.75
Bi7O5F11,mp-1190898,8.61838419,14.67541542,2.967391304347826,68.25,9.75
BiBPbO4,mp-556601,7.579586995,15.366582,3.355714285714286,23.490000000000002,11.4
BiBr3,mp-2913080,4.309906649,43.21852651,4.7775,19.11,6.63
BiBrO,mp-23072,7.818496136,21.58434955,4.29,12.870000000000001,9.75
BiClO,mp-22939,7.61466476,18.93096423,3.25,9.75,9.75
BiI3,mp-22849,5.324512984,45.97648704,6.135,24.54,4.82
BiIO,mp-22987,7.588488276,25.66684149,4.893333333333333,14.68,9.75
BiP3(PbO4)3,mp-1227709,6.27818077,15.52848576,2.6005263157894736,49.410000000000004,11.4
BiPO4,mp-1190564,6.867906492,12.24836554,1.9283333333333332,11.57,9.75
BiPbBrO2,mp-1227444,8.267326654,21.21369629,4.854000000000001,24.27,11.4
BiPbClO2,mp-23084,7.836737093,20.4955239,4.23,21.15,11.4
BiSBr,mp-23324,6.212864259,28.59384415,4.98,14.940000000000001,7.68
BiSCl,mp-23318,5.648961777,27.09267137,3.94,11.82,9.75
BiSI,mp-23514,6.276619769,32.44820493,5.583333333333333,16.75,7.68
BiSbTe3,mp-1227340,6.747313633,35.12099108,7.032,35.16,3.51
BiSeBr,mp-569707,6.215972667,32.75539911,5.886666666666667,17.66,6.63
BiSeI,mp-23020,6.3258583,36.29895373,6.49,19.47,4.96
BiTeI,mp-22965,6.367951493,40.28688212,6.973333333333333,20.92,4.82
BiTeNO6,mp-1195032,5.934153884,13.8851462,1.7766666666666666,15.99,9.75
CBr4,mp-680422,3.054042882,36.06230248,2.9460000000000006,14.73,0.8700000000000001
CI4,mp-27962,3.925783223,43.95879794,4.394,21.97,2.6799999999999997
Ca(BiO2)2,mp-558751,7.039315957,17.59224987,3.007142857142857,21.05,9.75
Ca(GdS2)2,mp-36358,5.336217471,21.46441119,3.661428571428571,25.630000000000003,6.3500000000000005
Ca(LaS2)2,mp-35421,4.497083947,23.53422647,3.161428571428571,22.130000000000003,4.6000000000000005
Ca(NdS2)2,mp-35876,4.804724802,22.55431026,3.404285714285714,23.83,5.45
Ca(PrS2)2,mp-34185,4.653161088,22.94898109,3.338571428571428,23.369999999999997,5.22
Ca(SmS2)2,mp-36100,5.070605361,21.94410101,3.5528571428571425,24.869999999999997,5.97
Ca10Ge16(B2O17)3,mp-1019569,4.158731165,11.75670616,1.3814457831325302,114.66,5.32
Ca2Bi2O5,mp-28848,6.202404431,17.1972832,2.511111111111111,22.6,9.75
Ca2CdAs2,mp-1095180,4.451118462,25.54798389,4.642000000000001,23.21,7.1000000000000005
Ca2Ge,mp-1009755,2.733403182,30.94112727,2.8066666666666666,8.42,3.7700000000000005
Ca2ScSbO6,mp-1189528,4.536639055,12.54995647,1.278,12.780000000000001,6.69
Ca2Si,mp-1009733,1.950117653,30.72280265,1.8099999999999998,5.43,0.78
Ca2Sn,mp-22735,3.432630541,32.06722057,3.4699999999999998,10.41,5.76
Ca2SnS4,mp-866503,2.882205719,26.92409691,2.67,18.689999999999998,5.76
Ca3(BN2)2,mp-1227905,2.514359078,14.52069272,1.0366666666666666,9.33,2.34
Ca3N2,mp-844,2.63493316,18.68514944,0.9299999999999999,4.65,1.55
Ca3Sb2,mp-1013546,3.137486274,38.50392798,3.606,18.03,5.140000000000001
Ca3Ti2(SiO4)3,mp-1154470,3.536213279,11.55679807,1.036,20.72,4.54
Ca4Bi6O13,mp-757343,6.983940125,16.76955598,2.8130434782608695,64.7,9.75
Ca5B3O9F,mp-6632,2.89050135,12.63271694,0.8205555555555555,14.77,2.34
CaF2,mp-2741,3.089832699,13.98633074,0.5166666666666666,1.55,1.55
CaI2,mp-30031,3.810445047,42.69061654,3.803333333333333,11.41,3.38
CaMg2N2,mp-5795,2.952859396,13.12539527,1.0060000000000002,5.03,1.74
CaO,mp-2605,3.353083749,13.8855335,0.775,1.55,1.55
CaS,mp-1672,2.581034201,23.20702877,1.81,3.62,0.5199999999999998
CaSe,mp-1415,3.77164603,26.20437441,3.17,6.34,3.24
CaSnO3,mp-4438,5.520396787,12.44028561,1.772,8.86,7.31
CaTaNO2,mp-556340,7.056899503,12.56687978,3.6300000000000003,18.150000000000002,16.6
CaTe,mp-1519,4.265149323,32.64081144,3.895,7.79,4.69
CaZnSO,mp-7204,3.580958773,17.80096579,2.6875,10.75,7.13
Cd(GaS2)2,mp-4452,3.946332376,22.84939418,4.104285714285714,28.730000000000004,6.58
Cd(GaSe2)2,mp-3772,5.163480132,26.08105448,5.658571428571429,39.61,3.8600000000000003
Cd(InS2)2,mp-559200,4.789859607,23.29215738,4.507142857142857,31.549999999999997,6.58
Cd(InSe2)2,mp-22304,5.299382669,29.44944273,6.061428571428571,42.43,3.8600000000000003
Cd(InTe2)2,mp-21374,5.549603021,36.43816736,6.890000000000001,48.230000000000004,2.41
Cd2InCuTe4,mp-1227025,5.638496464,33.63142226,7.31625,58.53,2.7200000000000006
Cd4As2Br3,mp-1203526,5.371929243,28.82314493,6.1577777777777785,55.42,5.53
Cd4As2I3,mp-27528,5.524101318,32.73858623,6.761111111111111,60.85,3.7200000000000006
Cd4P2Br3,mp-28914,5.114675486,27.10216157,5.288888888888889,47.6,6.83
Cd4P2Cl3,mp-29746,4.47098632,25.50098476,4.248888888888889,38.24,8.65
Cd4P2I3,mp-568545,5.40885446,30.43789305,5.892222222222221,53.03,6.83
Cd4Sb2I3,mp-29044,5.557658485,35.65081304,6.974444444444444,62.77,3.7200000000000006
CdAg2GeS4,mp-1197203,4.813239904,22.8147748,5.40625,43.25,8.43
CdAs2,mp-471,5.705092247,25.44413106,6.703333333333333,20.11,2.92
CdBiClO2,mp-550553,6.374422446,20.25875536,3.6800000000000006,18.4,9.75
CdBr2,mp-568722,4.887249835,30.83058294,4.963333333333333,14.89,5.53
CdCl2,mp-22881,3.869336072,26.22370991,2.8833333333333333,8.65,8.65
CdCu2GeS4,mp-13982,4.618779706,19.79165583,5.02125,40.17,6.890000000000001
CdF2,mp-241,6.34085497,13.12956689,2.8833333333333333,8.65,8.65
CdGeAs2,mp-4953,5.494970404,25.30063228,6.3575,25.43,3.33
CdGeP2,mp-3668,4.561961999,22.47666128,4.4025,17.61,6.83
CdHg4(AsI2)2,mp-570838,6.390187403,37.14150272,8.53,93.83,8.57
CdHg6(As2Br3)2,mp-567910,6.789362577,30.14171292,7.722941176470589,131.29000000000002,10.379999999999999
CdI2,mp-570437,5.33992125,37.96076689,6.17,18.509999999999998,3.7200000000000006
CdIClO3,mp-1191962,4.723675073,18.91065243,2.263333333333333,13.58,8.65
CdP2,mp-913,4.13057479,23.36471762,4.096666666666667,12.290000000000001,6.83
CdP4,mp-7904,3.799097857,20.65729492,3.1860000000000004,15.93,6.83
CdS,mp-672,4.702284794,25.5097312,5.36,10.72,6.58
CdSb,mp-1321,6.599078064,29.46245596,7.67,15.34,1.96
CdSb2Se3Br2,mp-567556,5.114825927,30.54241898,5.330000000000001,42.64000000000001,5.53
CdSe,mp-1070,5.480139996,28.99369559,6.720000000000001,13.440000000000001,3.8600000000000003
CdSiAs2,mp-3078,5.019279735,24.01342622,5.61,22.44,6.32
CdSiP2,mp-4666,3.960434743,21.22028467,3.6550000000000002,14.620000000000001,6.83
CdSnAs2,mp-3829,5.562690705,28.43075279,6.855,27.42,2.92
CdSnO3,mp-754329,7.073964607,13.10406149,3.192,15.96,8.65
CdSnP2,mp-5213,4.762893134,25.54391415,4.9,19.6,6.83
CdTe,mp-406,5.636239503,35.35581142,7.445,14.89,2.41
CdTeO3,mp-28290,6.32473192,15.12318733,2.9780000000000006,14.89,8.65
Ce10Se14O,mp-1198305,6.534965728,25.63976631,5.346400000000001,133.66,6.66
CeBiW2O9,mp-1204806,8.088548989,13.59323271,4.231538461538461,55.010000000000005,19.3
CeMoO4F,mp-1192442,4.967810313,15.23517785,2.4085714285714284,16.86,10.2
CeO2,mp-20194,6.994759104,13.6198805,2.2199999999999998,6.66,6.66
CeTl2P2S7,mp-638100,4.398139549,26.28049816,4.049166666666666,48.59,10.08
Co2Te3O8,mp-18855,5.578240041,14.39545754,2.809230769230769,36.519999999999996,8.9
CoAsSe,mp-505511,7.391006616,15.93771545,6.473333333333334,19.42,4.11
CoP2,mp-14285,5.185653189,12.90272405,4.18,12.540000000000001,7.08
CoPS,mp-1226003,5.140340194,13.13396857,4.263333333333334,12.790000000000001,7.08
CoSb3,mp-1317,7.594834427,23.18755562,7.2425,28.97,2.21
CoSbS,mp-5881,7.023037647,16.76830418,5.886666666666667,17.66,6.83
CrB2(PbO2)6,mp-1197022,6.856192251,17.40129737,3.822380952380952,80.27000000000001,11.4
CrO3,mp-510421,2.88505257,14.38833761,1.7975,7.19,7.19
CrPbO4,mp-19146,6.105820644,14.64929385,3.098333333333333,18.59,11.4
Cs2AgBiBr6,mp-1078250,4.652655553,37.90590406,4.271,42.71,8.629999999999999
Cs2AgBiCl6,mp-1078258,4.185373901,31.55644989,2.399,23.990000000000002,10.5
Cs2Al2B2O7,mp-1019602,3.470986088,16.68501169,1.063076923076923,13.82,2.7
Cs2Ba3(P2O7)2,mp-1019605,4.001065992,18.50788622,0.9356521739130435,21.52,3.5
Cs2Cd3(B4O7)4,mp-1201213,3.502397516,11.84322828,1.37,67.13,8.65
Cs2Cd3Te4,mp-567386,5.208601381,39.44153495,6.072222222222223,54.650000000000006,6.78
Cs2Cu2Sb2S5,mp-1190579,4.111806558,29.25126599,4.126363636363637,45.39000000000001,7.090000000000001
Cs2Hg3I8,mp-540574,5.007770937,48.02521559,6.436923076923077,83.68,11.629999999999999
Cs2Hg3S4,mp-1105419,6.068699959,30.27616634,5.835555555555556,52.52,11.629999999999999
Cs2Hg6S7,mp-17905,6.643120908,28.22599913,6.615333333333334,99.22999999999999,11.629999999999999
Cs2Li3(BO2)5,mp-966802,2.951733156,14.08331102,0.853,17.06,2.34
Cs2MgGe3Se8,mp-1195667,3.998287018,33.80988577,4.268571428571429,59.760000000000005,3.58
Cs2MgSn3Se8,mp-1195633,3.982393736,38.06120547,4.695,65.73,5.569999999999999
Cs2NbCuSe4,mp-15223,4.311045926,35.53805036,5.053750000000001,40.43000000000001,7.090000000000001
Cs2PdSe8,mp-31285,4.372583629,34.65879499,4.914545454545455,54.06,10.129999999999999
Cs2Sb,mp-1191118,4.33448461,49.49274518,3.4766666666666666,10.43,4.82
Cs2SiB4O9,mp-1226151,3.402651802,14.67501519,0.964375,15.43,2.34
Cs2Sn3(SbS5)2,mp-1195304,3.75463064,30.85732357,3.514705882352941,59.75,5.4399999999999995
Cs2Te,mp-573763,4.077192022,53.40883068,3.3266666666666667,9.98,4.37
Cs2TeBr6,mp-23405,4.262190086,37.78382129,3.188888888888889,28.7,4.37
Cs2TeI6,mp-540957,4.592671627,46.39403602,4.395555555555555,39.56,4.37
Cs2Th(PS3)3,mp-640389,3.381473843,28.78830974,2.635333333333333,39.53,9.879999999999999
Cs2Ti(AgS2)2,mp-10488,4.178013147,29.0434136,4.173333333333333,37.56,8.629999999999999
Cs2VAgS4,mp-8684,3.493969477,32.8451582,3.5787500000000003,28.630000000000003,8.629999999999999
Cs2ZnGe3Se8,mp-1194749,4.04811342,34.59808447,4.6535714285714285,65.15,5.26
Cs2ZnSn3Se8,mp-1194701,4.250306889,36.80911827,5.08,71.12,5.4399999999999995
Cs3Bi,mp-635413,4.870314552,51.79871817,3.84,15.36,7.88
Cs3Bi2Br9,mp-27544,4.610617677,39.50939088,3.7992857142857144,53.19,7.88
Cs3Bi2I9,mp-669458,4.773291674,48.67400013,4.962857142857143,69.47999999999999,7.88
Cs3Li4(BO2)7,mp-1019615,3.110217999,13.84605183,0.8624999999999999,24.15,2.34
Cs3Nb2AsSe11,mp-683903,4.361703744,34.21924411,4.774705882352942,81.17,6.7
Cs3Nb9(TeO8)4,mp-1201443,4.835179138,16.15012296,2.2437500000000004,107.69999999999999,8.57
Cs3Sb,mp-10378,4.374317889,49.39463385,3.075,12.3,4.82
Cs3Sb2Br9,mp-579560,4.180171249,38.62815055,3.362142857142857,47.07000000000001,4.82
Cs3Sb2I9,mp-23029,4.459304233,47.46139236,4.525714285714286,63.36,4.82
Cs4BiAs3Se7,mp-1204289,4.273373863,39.32634749,4.53,67.95,7.88
Cs4Ge(PSe3)4,mp-1195417,3.646212916,36.3394248,3.6933333333333334,77.56,3.5
Cs4Zr3S14,mp-680246,3.332290361,29.76151813,2.6661904761904758,55.989999999999995,4.64
CsAg2AsS3,mp-866615,4.343555018,28.38620212,4.972857142857142,34.81,8.629999999999999
CsAg5Te3,mp-9206,6.95181612,28.00140951,8.121111111111112,73.09,8.629999999999999
CsAgSb4S7,mp-554408,4.278937262,28.42688772,4.124615384615385,53.620000000000005,8.629999999999999
CsAsSe2,mp-581864,4.292116085,35.37516555,4.295,17.18,3.8600000000000003
CsAu,mp-2667,6.972598524,39.27985928,10.585,21.17,17.43
CsB3O5,mp-3977,3.32366776,13.61912775,0.9877777777777776,8.89,2.34
CsBi3Se5,mp-567928,6.408777869,33.24148904,6.118888889,55.07,7.88
CsBiS2,mp-541378,4.858672446,34.69081273,3.9400000000000004,15.760000000000002,7.88
CsBiSe2,mp-1096942,5.44577637,38.1004969,5.300000000000001,21.200000000000003,7.88
CsBr,mp-22906,4.366105728,40.4683751,2.495,4.99,1.25
CsCdBO3,mp-1191636,4.526663474,18.59399419,2.1433333333333335,12.86,8.65
CsCeCdSe3,mp-574426,4.966302153,34.6795297,5.258333333333333,31.55,6.78
CsCl,mp-22865,3.92934016,35.57413907,0.935,1.87,1.87
CsCu2AsS3,mp-1196438,4.182496618,24.45161999,4.532857142857143,31.730000000000004,7.090000000000001
CsErZnSe3,mp-7155,5.393311549,30.9147569,5.406666666666666,32.44,7.2
CsF,mp-1784,4.642591754,27.16610668,0.935,1.87,1.87
CsGaS3,mp-562726,3.326758497,29.83132177,2.7960000000000003,13.98,4.03
CsGdZnTe3,mp-1104469,5.471632923,37.34665181,5.9366666666666665,35.62,6.03
CsGeB3O7,mp-558804,3.357642967,14.42345924,1.1841666666666666,14.21,5.32
CsGeI3,mp-28377,4.325382721,45.01362336,4.396,21.98,3.45
CsH3(SeO3)2,mp-1228884,3.526138012,15.2989372,0.9541666666666666,11.45,4.79
CsI,mp-614603,3.622301623,59.55115974,3.4,6.8,3.0599999999999996
CsInHgS3,mp-1194853,4.78903978,31.46690492,4.8149999999999995,28.89,11.629999999999999
CsInS2,mp-559459,3.995907581,32.3984495,3.33,13.32,5.4399999999999995
CsInSe2,mp-1200720,4.629128689,36.37762332,4.6899999999999995,18.759999999999998,5.4399999999999995
CsInTe2,mp-1199743,4.683208109,44.58076707,5.415,21.66,5.4399999999999995
CsInTe3O8,mp-1192413,5.055640627,19.16442593,2.1461538461538465,27.9,7.31
CsK2Sb,mp-581024,3.446978376,40.08804093,2.5700000000000003,10.280000000000001,5.83
CsLaHgSe3,mp-11124,5.715663492,34.34388914,5.9816666666666665,35.89,11.629999999999999
CsLi(B3O5)2,mp-1019715,2.377491541,14.15145381,0.9138888888888888,16.45,2.34
CsLu7S11,mp-1202825,5.857103267,25.52158397,4.922105263157894,93.52,7.97
CsLu7Se11,mp-1203743,6.730183482,28.90942751,6.496842105263157,123.44,7.97
CsPPbO4,mp-1192530,5.391094084,19.14432621,2.1557142857142857,15.09,11.4
CsPSe6,mp-1225967,4.07160289,32.50638795,4.05375,32.43,2.9699999999999998
CsRb2Sb,mp-984761,3.967898635,44.52779913,2.9050000000000002,11.620000000000001,5.16
CsSb,mp-573514,4.360504912,48.49001897,4.28,8.56,4.82
CsSb(SO4)2,mp-1195448,3.662842864,16.87926927,1.0583333333333333,12.7,6.69
CsSbS2,mp-561639,3.94434463,33.55261468,3.175,12.7,4.82
CsSbSe2,mp-2969,4.635730888,36.94747806,4.535,18.14,4.82
CsSc(SeO3)2,mp-1194629,3.894480792,18.41025501,1.4440000000000002,14.440000000000001,4.79
CsSmCdSe3,mp-510062,5.167033421,33.8809724,5.401666666666667,32.41,6.78
CsSmHgSe3,mp-7212,5.900862462,33.80323306,6.21,37.260000000000005,11.629999999999999
CsSmZnSe3,mp-505709,5.01458576,32.31692804,5.148333333333333,30.89,5.6499999999999995
CsTbZnTe3,mp-638078,5.426832809,37.74039866,5.991666666666666,35.95,6.36
CsYCdSe3,mp-11116,4.786701644,33.01987304,4.893333333333333,29.36,6.78
CsYHgSe3,mp-11123,5.53445744,32.96807229,5.701666666666666,34.21,11.629999999999999
CsYZnSe3,mp-574620,4.652519107,31.17626552,4.640000000000001,27.84,5.26
CsZn2B3O7,mp-1195000,3.424413627,15.22445397,1.7807692307692309,23.15,7.13
Cu2GeS3,mp-15252,4.491883289,18.23282547,4.908333333333333,29.450000000000003,6.890000000000001
Cu2O,mp-361,6.204947168,12.76448471,5.973333333333334,17.92,8.96
Cu2Se,mp-1097707,6.684578452,17.06202808,7.57,22.71,4.170000000000001
Cu2SnSe3,mp-1200177,5.543609876,24.09718384,6.6,39.6,4.170000000000001
Cu2WSe4,mp-1025340,6.004547169,24.76169578,8.054285714285713,56.379999999999995,14.510000000000002
Cu3Hg2(Te3O8)2,mp-1194777,5.920688448,16.75936032,3.3822222222222225,91.32,13.5
CuBS2,mp-12954,4.097111183,14.03202546,3.8600000000000003,15.440000000000001,6.890000000000001
CuBi(PSe3)2,mp-683998,4.903230081,27.37183415,5.109,51.09,7.93
CuBiPbS3,mp-624191,7.005217819,22.75303944,6.053333333333333,36.32,9.33
CuBiSeO,mp-23116,8.627813977,17.68189859,5.875,23.5,9.75
CuBr,mp-22913,5.264051279,22.62557073,6.040000000000001,12.080000000000002,5.840000000000001
CuCl,mp-1225654,4.207638996,19.53491105,4.48,8.96,8.96
CuHg(SeO3)2,mp-1194904,5.598589093,15.36541144,3.2040000000000006,32.04,13.5
CuI,mp-570081,5.728773114,27.60193495,6.945,13.89,4.030000000000001
CuN3,mp-27954,2.784706971,15.73743979,2.24,8.96,8.96
CuP2,mp-927,4.365565051,15.91141099,4.2,12.600000000000001,7.140000000000001
CuPS3,mp-1105187,3.013374959,21.01891183,3.3979999999999997,16.990000000000002,7.140000000000001
CuSbPbS3,mp-649774,5.63473688,24.00310549,5.543333333333333,33.260000000000005,9.33
CuSbS2,mp-4468,4.950919152,20.91521846,4.947500000000001,19.790000000000003,6.890000000000001
CuSbSe2,mp-20331,5.942303001,23.97808483,6.307500000000001,25.230000000000004,4.170000000000001
Dy(CuSe)3,mp-1225403,7.046771415,19.86214438,7.114285714285714,49.80000000000001,4.170000000000001
Dy(CuTe)3,mp-1225395,7.249515301,24.08148779,7.735714285714286,54.150000000000006,2.7200000000000006
Dy2(MoO4)3,mp-1213120,4.698582236,16.73124345,2.8058823529411763,47.7,10.2
Dy2O3,mp-2345,8.333958265,14.86395931,3.4200000000000004,17.1,8.55
Dy2S3,mp-1270,6.522929551,21.44468208,4.662,23.310000000000002,6.48
Dy2Te3,mp-1188427,6.686222073,35.15676083,7.164,35.82,2.3100000000000005
Dy3GaS6,mp-1189242,5.474547205,22.73725341,4.397,43.97,6.48
Dy4GaSbS9,mp-1196712,5.675275006,22.04324384,4.3613333333333335,65.42,6.48
Dy4Te3S4,mp-1095296,6.327594458,27.69953246,5.5636363636363635,61.2,6.48
DyN,mp-1410,10.03231147,14.6076142,4.275,8.55,8.55
DyPO4,mp-5767,6.006926605,11.86245156,1.7283333333333335,10.370000000000001,8.55
Er(CuTe)3,mp-2717767,7.386340661,23.78823989,7.8100000000000005,54.67,2.83
Er2O3,mp-679,8.894209986,14.28306943,3.628,18.14,9.07
Er2Se3,mp-209,6.781400486,27.98326698,6.502000000000001,32.510000000000005,4.28
Er2Te3,mp-14643,6.949237558,34.28101435,7.372,36.86,2.83
ErBiW2O9,mp-1983109,8.007616105,14.16359189,4.4169230769230765,57.42,19.3
ErN,mp-19830,10.76794489,13.97661204,4.535,9.07,9.07
Eu(BiSe2)2,mp-1193071,7.160811479,29.34318385,6.271428571428571,43.900000000000006,4.96
Eu(DySe2)2,mp-645690,6.895468238,27.27426952,5.928571428571429,41.5,3.7600000000000007
Eu(ErSe2)2,mp-1193984,7.101413224,26.80124531,6.0771428571428565,42.540000000000006,4.28
Eu(GaS2)2,mp-1181942,4.305396067,23.12309016,3.6171428571428565,25.32,3.8300000000000005
Eu(GaSe2)2,mp-1201775,5.303823677,27.15998359,5.171428571428571,36.2,1.1100000000000003
Eu(HoSe2)2,mp-1193885,6.922423076,27.33463376,6,42,4.010000000000001
Eu(InSe2)2,mp-1104657,5.679863216,29.12862819,5.574285714285715,39.019999999999996,2.5199999999999996
Eu(LuSe2)2,mp-645692,7.431266361,26.1037204,6.297142857142857,44.08,5.05
Eu(SbS2)2,mp-1194437,5.285111004,23.50801748,3.8428571428571425,26.9,4.620000000000001
Eu(TmSe2)2,mp-542964,7.25295148,26.35085931,6.148571428571429,43.040000000000006,4.53
EuAl2O4,mp-1019732,4.707682089,13.60149108,1.52,10.64,5.24
EuIn2(GeIr)4,mp-1095411,11.0209877,19.73823494,11.885454545454545,130.74,17.159999999999997
Fe2B(PO4)3,mp-1197728,3.14858209,11.93709576,1.3066666666666666,23.520000000000003,7.86
FeAsS,mp-561511,6.347305253,14.19963393,5.220000000000001,15.66,5.790000000000001
FeAsSe,mp-1101894,7.407455827,15.67156213,6.126666666666667,18.38,3.0700000000000003
FeBi(SeO3)3,mp-1197024,4.81910384,15.89225642,2.2842857142857143,31.98,9.75
FeBi25O39,mp-757766,8.849072549,17.04545999,3.870923076923077,251.61,9.75
FeP4,mp-570553,4.142491451,14.40994508,3.0280000000000005,15.14,6.04
FePS,mp-1101971,5.074600806,12.96726834,3.9166666666666665,11.75,6.04
FeSi2,mp-1714,5.083093963,12.19775104,4.173333333333334,12.52,5.53
Ga2(TeO3)3,mp-1181313,4.081258145,19.3623511,2.18,30.52,6.24
Ga2HgS4,mp-4809,4.848774584,22.9107608,4.797142857142856,33.58,11.43
Ga2HgSe4,mp-4730,5.949833585,26.1497763,6.3514285714285705,44.46,8.71
Ga2O3,mp-886,5.887588,10.57337629,2.3600000000000003,11.8,5.9
Ga2PbS4,mp-1196984,4.673442148,24.10581632,4.497142857142856,31.480000000000004,9.33
Ga2PbSe4,mp-571171,5.89445331,26.66147856,6.051428571428572,42.36,6.61
Ga2S3,mp-539,3.57170404,21.91061084,3.6020000000000003,18.009999999999998,3.8300000000000005
Ga2Se2O7,mp-1196063,4.86483306,12.70269247,1.9436363636363638,21.380000000000003,5.9
Ga2Se3,mp-1340,4.965206662,25.17131984,5.234,26.17,1.1100000000000003
Ga2SnGeS6,mp-1194838,3.470872537,25.03032833,3.6849999999999996,36.849999999999994,5.24
Ga2Te3,mp-38970,5.404814384,32.09027447,6.104,30.52,0.33999999999999986
GaAgGeS4,mp-1224946,3.795469259,23.65600295,4.285714285714286,30,8.43
GaAgO2,mp-11020,7.234829672,12.02628116,4.1,16.4,10.5
GaAgS2,mp-5342,4.669724657,21.48882029,5.135,20.54,8.43
GaAgSe2,mp-5518,5.606598706,24.84257765,6.494999999999999,25.979999999999997,5.71
GaAgTe2,mp-4899,5.863972664,30.63907083,7.22,28.88,4.6
GaAs,mp-2534,5.053200362,23.76592969,5.815,11.63,0.16999999999999993
GaBi25O39,mp-849761,8.950114721,16.89263821,3.8407692307692307,249.65,9.75
GaCuGeSe4,mp-1224851,5.286351471,23.41297753,5.619999999999999,39.34,4.170000000000001
GaCuO2,mp-11019,6.267888092,10.946017,3.7150000000000003,14.860000000000001,8.96
GaCuS2,mp-5238,4.413158153,18.56883098,4.75,19,6.890000000000001
GaCuSe2,mp-4840,5.545702568,21.79754072,6.11,24.44,4.170000000000001
GaCuTe2,mp-3839,5.910200069,27.28621464,6.835000000000001,27.340000000000003,3.0600000000000005
GaGeTe,mp-8211,5.200476369,28.73352851,5.82,17.46,0.9199999999999999
GaHSeO4,mp-1194398,4.529430053,11.19151115,1.5271428571428571,10.690000000000001,5.9
GaN,mp-804,6.08097682,11.4320809,2.95,5.9,5.9
GaP,mp-2490,4.128066394,20.25293336,3.8600000000000003,7.720000000000001,4.08
GaS,mp-2507,3.775576276,22.38372876,3.9850000000000003,7.970000000000001,3.8300000000000005
GaSe,mp-568263,4.850188152,25.45199509,5.345000000000001,10.690000000000001,1.1100000000000003
GaTe,mp-542812,5.154297046,31.78537707,6.07,12.14,0.33999999999999986
Gd(CuS)3,mp-1226384,5.961722971,17.67027931,5.855714285714286,40.99,6.890000000000001
Gd2(MoO4)3,mp-3572,4.307440004,18.01243805,2.7294117647058824,46.4,10.2
Gd2O3,mp-504886,7.632702113,15.77272148,3.16,15.8,7.9
Gd2S3,mp-669509,6.127634301,22.25900106,4.402,22.009999999999998,5.83
Gd2Se3,mp-1188175,7.244907554,25.27535441,6.034000000000001,30.17,3.1100000000000003
Gd2Te3,mp-1105966,7.396977716,31.30721588,6.904,34.519999999999996,1.6600000000000001
Gd4GaSbS9,mp-1199284,5.435838256,22.58652858,4.188000000000001,62.81999999999999,5.83
GdScS3,mp-510490,4.588943874,21.59566059,3.42,17.1,5.83
Ge(Bi3O5)4,mp-23352,9.204318995,15.85624378,3.7066666666666666,122.32,9.75
Ge(SeO3)2,mp-1205339,4.278777381,14.08137604,1.6555555555555554,14.9,5.32
Ge2Sb2Te5,mp-1224375,6.24362698,30.34278916,6.135555555555555,55.220000000000006,1.37
Ge3Ru2,mp-21945,9.182948736,15.19176596,8.152000000000001,40.760000000000005,7.08
GeAs,mp-9548,4.961487057,24.69338313,5.525,11.05,0.41000000000000014
GeAs2,mp-17524,4.888236337,25.19259298,5.593333333333334,16.78,0.41000000000000014
GeI2,mp-27922,4.739246028,38.12710678,5.06,15.18,0.39000000000000057
GeO2,mp-470,6.20512815,9.33404388,1.7733333333333334,5.32,5.32
GeP,mp-1095275,3.814043348,22.55542006,3.5700000000000003,7.140000000000001,3.5
GePb2(SeO3)4,mp-1198509,5.666135918,15.34532411,2.488421052631579,47.28,11.4
GePbS3,mp-624190,4.825704315,25.87895019,4.586,22.93,9.33
GeS,mp-2242,3.9582907,21.96235145,3.6950000000000003,7.390000000000001,3.2500000000000004
GeS2,mp-572892,2.768684047,27.34294516,3.1533333333333333,9.46,3.2500000000000004
GeSe,mp-700,5.064232302,24.85448015,5.055,10.11,0.5300000000000002
GeSe2,mp-540625,4.115928917,31.00587133,4.966666666666667,14.9,0.5300000000000002
H7Se2NO6,mp-24354,2.643831779,10.7942959,0.59875,9.58,4.79
HfHg4(AsCl3)2,mp-1198529,5.465403925,31.39731033,6.058461538461539,78.75999999999999,13.5
HfHg4(PCl3)2,mp-1202310,5.575057648,28.76593333,5.456923076923077,70.94,13.5
HfO2,mp-352,10.24124329,11.37638161,4.433333333333334,13.3,13.3
HfS2,mp-985829,5.799198856,23.15722098,5.8133333333333335,17.44,11.23
HfS3,mp-9922,5.431896672,20.99290547,4.8774999999999995,19.509999999999998,11.23
HfSe2,mp-985831,7.094213797,26.24777334,7.626666666666667,22.880000000000003,8.510000000000002
Hg3Bi2(SCl4)2,mp-1104411,5.290891543,28.61221548,4.276,64.14,13.5
Hg3Bi2(TeCl4)2,mp-1192395,5.751114643,30.00045839,4.832,72.48,13.5
Hg8Bi3As4Cl13,mp-1204118,5.765546743,30.7784326,5.720357142857142,160.17000000000002,13.5
HgBr,mp-23177,7.337680532,31.73831587,8.31,16.62,10.379999999999999
HgBr2,mp-571558,5.88410745,33.90233572,6.58,19.740000000000002,10.379999999999999
HgBrCl,mp-1224070,5.490357439,31.85234855,5.54,16.62,13.5
HgCl,mp-22897,6.920946902,28.316835,6.75,13.5,13.5
HgCl2,mp-22855,5.308672812,28.30774787,4.5,13.5,13.5
HgI,mp-22859,7.187592341,37.83028695,9.215,18.43,8.57
HgO,mp-1224,10.77019191,16.69678513,6.75,13.5,13.5
HgPS3,mp-27178,4.600070932,23.66294941,4.306,21.53,11.68
HgSe,mp-1018722,8.307718382,27.93809773,9.145,18.29,8.71
Ho(CuTe)3,mp-1224142,7.319369962,23.93042507,7.771428571428572,54.400000000000006,2.7200000000000006
Ho2(MoO4)3,mp-1212381,4.774717512,16.56389188,2.835294117647059,48.2,10.2
Ho2HfS5,mp-1195954,6.966677708,19.922732,5.15625,41.25,11.23
Ho2O3,mp-812,8.612953628,14.5699,3.5200000000000005,17.6,8.8
Ho2S3,mp-878,6.046408249,23.40172895,4.7620000000000005,23.810000000000002,6.73
HoN,mp-883,10.38451367,14.30649146,4.4,8.8,8.8
In2As2Cl2O5,mp-1191856,4.227394858,18.93967568,2.370909090909091,26.08,7.31
In2B(PO4)3,mp-1198577,3.700071042,13.09858645,1.2455555555555555,22.42,7.31
In2Bi3Se7I,mp-1198248,6.476221492,30.29927832,6.3330769230769235,82.33000000000001,4.96
In2HgS4,mp-22356,5.648418624,23.45505588,5.199999999999999,36.4,11.43
In2HgSe4,mp-20731,6.005962726,29.46766157,6.7542857142857144,47.28,8.71
In2HgTe4,mp-19765,6.147064275,36.29946985,7.582857142857143,53.08,7.26
In2O3,mp-22598,6.99871242,13.1744929,2.924,14.62,7.31
In2S3,mp-22216,4.499472953,24.04971028,4.1659999999999995,20.83,5.24
In2Se2O7,mp-1199125,5.428309876,13.89224101,2.2,24.2,7.31
In2Se3,mp-612740,5.191105834,29.84597379,5.798,28.990000000000002,2.5199999999999996
In3CuSe5,mp-1224175,5.409015905,27.38392479,6.093333333333334,54.84,4.170000000000001
In4As5(BrO4)3,mp-1200791,4.434226572,19.74745923,2.8020833333333335,67.25,7.31
In4Bi3S10,mp-1224757,5.761206118,23.85275968,4.658235294117647,79.19,7.68
In4Se3,mp-19932,5.777570959,28.58313395,6.23,43.61,2.5199999999999996
In4Te3,mp-617281,6.020879476,33.17724734,6.851428571428571,47.959999999999994,1.0699999999999994
In5AgS8,mp-36751,4.834628163,23.02407403,4.543571428571428,63.61,8.43
In5AgTe8,mp-1224268,5.597700659,36.07982079,6.926428571428572,96.97,4.26
In5CuS8,mp-674514,4.910197384,21.59908762,4.433571428571429,62.06999999999999,6.890000000000001
In6S7,mp-555853,4.978098661,23.43611714,4.4884615384615385,58.349999999999994,5.24
In6Se7,mp-1192955,6.006894166,26.40263444,5.953076923076923,77.39,2.5199999999999996
InAgO2,mp-20329,7.150982639,14.78518455,4.4525,17.81,10.5
InAgS2,mp-19833,4.845347505,24.57354733,5.4875,21.95,8.43
InAgTe2,mp-22386,5.826963993,34.04640502,7.5725,30.29,4.26
InBi2S4Br,mp-1206068,6.015850801,25.56505527,4.776249999999999,38.209999999999994,7.68
InBi2S4Cl,mp-559521,5.989809577,24.13582245,4.3862499999999995,35.089999999999996,9.75
InBi2Se4Br,mp-571169,6.44128458,29.92121301,6.1362499999999995,49.089999999999996,6.63
InCuGeSe4,mp-1224210,5.026789959,26.75000531,5.821428571428571,40.75,4.170000000000001
InHg7S6Cl5,mp-1196151,6.071313816,27.18651192,6.012105263157895,114.23,13.5
InP,mp-20351,4.705583122,25.72400807,4.5649999999999995,9.129999999999999,5.489999999999999
InPS4,mp-20790,3.056129866,24.81753486,2.9016666666666664,17.409999999999997,5.489999999999999
InS,mp-19795,4.920436512,24.78489044,4.6899999999999995,9.379999999999999,5.24
InSb2S4Br,mp-559864,4.548765448,25.85038493,4.0112499999999995,32.089999999999996,5.24
InSb2S4Cl,mp-556541,4.241925354,25.54518314,3.62125,28.97,7.31
InSb2Se4Br,mp-570321,5.329025714,29.3717531,5.37125,42.97,4.1899999999999995
InSe,mp-20485,5.220219865,30.82015198,6.05,12.1,2.5199999999999996
IrS2,mp-2833,8.401620928,16.88857471,8.846666666666666,26.54,20.33
IrSe2,mp-1361,9.752430302,19.87252234,10.66,31.979999999999997,17.61
K10Zn4Sn4S17,mp-1224229,2.701186558,29.37712006,2.9014285714285712,101.55,6.449999999999999
K2Ag3Sb3S7,mp-1223709,4.090203385,26.83623023,4.518666666666666,67.78,9.64
K2Al2B2O7,mp-560217,2.47182613,13.73428329,0.9076923076923077,11.8,2.7
K2Au(IO3)5,mp-1195201,4.587905855,18.09182697,1.9856521739130435,45.67,19.3
K2BaNb2S11,mp-1212599,2.946133269,26.56303253,2.8206249999999997,45.129999999999995,7.71
K2Bi8Se13,mp-28800,6.539594692,30.65287426,6.173478260869565,141.99,8.89
K2Cd2Te3,mp-571637,4.343211512,37.45840984,5.3914285714285715,37.739999999999995,7.79
K2Cd3S4,mp-18101,3.782273258,26.52190478,3.9944444444444445,35.95,7.79
K2Cd3Se4,mp-1198419,4.558188685,29.60000666,5.203333333333333,46.83,7.79
K2Cd3Te4,mp-18531,4.608235989,37.06832297,5.847777777777778,52.63,7.79
K2Ce(PO4)2,mp-1195550,3.873099477,13.46415029,0.9246153846153847,12.020000000000001,6.66
K2FeGe3Se8,mp-1200819,3.845350366,30.34045106,4.561428571428571,63.86,7
K2Ga3CuSe6,mp-10973,4.169716117,27.36795844,4.76,57.120000000000005,8.100000000000001
K2Gd2Sb2Se9,mp-1199482,5.118184116,29.13152986,4.934,74.00999999999999,7.04
K2Ge2PbS6,mp-561132,3.267886837,28.78219257,3.289090909090909,36.18,10.540000000000001
K2Ge3(BO5)2,mp-560019,3.471399633,13.44251225,1.315294117647059,22.36,5.32
K2Hg(PSe3)2,mp-568855,3.99094438,30.80836795,4.327272727272727,47.6,12.64
K2Hg3(GeS4)2,mp-17792,4.507776025,26.56617794,4.628,69.42,12.64
K2Ho4Cu4S9,mp-1172870,5.270524755,21.23658105,4.8100000000000005,91.39,8.100000000000001
K2In2P3Se10,mp-1199715,3.891963504,29.87497228,4.1000000000000005,69.7,6.449999999999999
K2In3AgSe6,mp-21705,4.575631957,30.3718371,5.240833333333333,62.89,9.64
K2In3CuSe6,mp-21713,4.351386865,30.52753613,5.1125,61.35,8.100000000000001
K2La2Sb2S9,mp-1223734,3.68609251,26.67224736,3.068666666666666,46.03,5.83
K2La2Ti3O10,mp-6548,4.764175477,13.52367565,1.6258823529411766,27.64,6.15
K2Mn(SnSe3)2,mp-669410,3.958046622,32.20177633,4.7736363636363635,52.510000000000005,6.569999999999999
K2MnSnSe4,mp-628305,3.972338465,29.66333744,4.452500000000001,35.620000000000005,6.569999999999999
K2Mo2Se2O11,mp-1195788,3.680762412,16.0284726,1.864705882352941,31.699999999999996,10.2
K2NbCuS4,mp-9763,2.752204911,27.37007955,3.44125,27.53,8.100000000000001
K2NbCuSe4,mp-9003,3.76775267,30.32671386,4.80125,38.41,8.100000000000001
K2Nd2Ti3O10,mp-1223975,4.886071925,13.39965851,1.7258823529411766,29.340000000000003,7
K2PAuS4,mp-9509,3.24832553,27.75788124,3.8899999999999997,31.119999999999997,18.44
K2PdSe10,mp-505138,3.949648276,31.50669494,4.74,61.62,11.14
K2RbSb,mp-976148,3.0387109,38.99337436,2.4850000000000003,9.940000000000001,5.83
K2ReH9,mp-29877,3.148111856,12.02085678,1.8933333333333333,22.72,21
K2S,mp-1022,1.797202075,33.95902569,1.2633333333333332,3.79,1.21
K2Se,mp-8426,2.311697322,37.62959095,2.17,6.51,3.93
K2SmP2S7,mp-555587,2.447528638,29.114734,2.2808333333333333,27.369999999999997,6.659999999999999
K2Sn(AuS2)2,mp-557121,4.57289965,29.01376222,6.212222222222222,55.910000000000004,18.44
K2Sn2Hg3S8,mp-18115,4.348283674,29.88639374,4.8933333333333335,73.4,12.64
K2Sn3(SbS5)2,mp-1195395,3.374144477,28.90567343,3.395882352941176,57.730000000000004,6.449999999999999
K2Te,mp-1747,2.495220889,45.65170904,2.6533333333333333,7.96,5.38
K2TeI6,mp-27688,4.104261957,43.48087946,4.171111111,37.54,5.38
K2Th(CuS2)2,mp-555425,4.48291829,23.27796027,4.402222222222222,39.620000000000005,10.84
K2Ti(CuS2)2,mp-1211474,3.178635901,22.13931888,3.606666666666667,32.46,8.100000000000001
K2VAgS4,mp-8900,2.878095044,26.34290006,3.32625,26.61,9.64
K2VCuS4,mp-15147,2.603007472,25.5925224,3.13375,25.07,8.100000000000001
K2Zn(SnSe3)2,mp-1195072,4.042280339,31.92178589,4.746363636363636,52.21,6.449999999999999
K2ZnTe2,mp-12535,3.710848204,35.69169324,4.266000000000001,21.33,6.27
K3B6ClO10,mp-1189091,2.307668275,13.58584933,0.831,16.619999999999997,2.34
K3Bi2I9,mp-1120792,4.260627387,46.69636683,4.746428571428572,66.44999999999999,8.89
K3Cd(BO2)5,mp-1204785,2.68662482,14.4354935,1.2068421052631577,22.93,8.65
K3Cr2(PS4)3,mp-559251,2.061293915,28.15458566,2.3629999999999995,47.26,6.33
K3NaSn3Se8,mp-628185,3.876487786,32.21550662,4.253333333333334,63.8,6.449999999999999
K3Nb2AsSe11,mp-542545,4.074784702,29.88263499,4.596470588235294,78.14,7.71
K3Sm(AsS4)2,mp-560964,2.738580489,29.19221919,2.7228571428571424,38.120000000000005,6.659999999999999
K3Ta2AsS11,mp-1211748,3.363809601,26.33257545,3.7811764705882354,64.28,15.740000000000002
K3Ta2AsSe11,mp-683905,4.692403558,29.61486002,5.541176470588235,94.2,15.740000000000002
K3Th2Cu3S7,mp-638086,4.607611653,23.94107198,4.49,67.35,10.84
K3Ti2P5S18,mp-1211873,2.160345072,25.94363732,2.072142857142857,58.019999999999996,3.68
K4Ge(PSe3)4,mp-1195433,3.321124546,30.96262082,3.500952380952381,73.52000000000001,4.46
K4GeS4,mp-556627,2.267570136,29.07171217,1.8933333333333333,17.04,4.46
K4GeSe4,mp-568847,3.064977075,32.80007259,3.102222222222222,27.92,4.46
K4Nb2S11,mp-15148,2.444082237,27.77280675,2.55,43.35,7.71
K5In3P6Se19,mp-1199321,3.711781268,30.17751112,3.883636363636364,128.16,6.449999999999999
K6Cd4Sn3Se13,mp-6296,3.14159189,42.01783185,4.7676923076923075,123.96000000000001,7.79
K6CdTe4,mp-17698,3.179069555,40.71367136,3.5245454545454544,38.77,7.79
KAg2PS4,mp-12532,3.650312446,23.54513715,3.995,31.96,9.64
KAg2SbS3,mp-1192667,4.324988718,25.93188489,4.965714285714285,34.76,9.64
KAg2SbS4,mp-9490,3.921085921,26.7250887,4.60375,36.83,9.64
KAsSe2,mp-14659,3.514308916,32.12344436,4.0425,16.17,4.87
KAu(IO3)4,mp-557441,4.904763259,17.59883109,2.2155555555555555,39.879999999999995,19.3
KBaAsSe3,mp-1191826,4.083017594,33.09316464,4.076666666666666,24.46,4.87
KBaB5O9,mp-557420,2.972581914,13.07428649,1.00375,16.06,3.5
KBaSbSe3,mp-1190698,4.347490183,34.06167683,4.236666666666666,25.42,5.83
KBi3S5,mp-1223584,4.528073265,33.67168073,4.495555555555555,40.46,8.89
KBiS2,mp-1223443,4.75650785,27.24870639,3.6875,14.75,8.89
KBiSe2,mp-36539,5.494115876,30.6772153,5.047499999999999,20.189999999999998,8.89
KBr,mp-23251,2.763056204,35.75894835,1.99,3.98,2.2600000000000002
KCl,mp-23193,1.995763839,31.0145278,0.43,0.86,0.86
KCu2BiS3,mp-1194436,4.779319152,23.39607483,4.962857142857143,34.74,8.89
KCu2SbS3,mp-1192531,4.097311624,22.24065563,4.525714285714286,31.68,8.100000000000001
KCu3S2,mp-9868,4.584443789,17.74030082,5.313333333333334,31.880000000000003,8.100000000000001
KCu4AsS4,mp-557728,4.172262438,19.75900877,5.071000000000001,50.71000000000001,8.100000000000001
KF,mp-463,2.579080539,18.70275935,0.43,0.86,0.86
KH3(SeO3)2,mp-1180593,2.883503299,14.20677895,0.87,10.44,4.79
KI,mp-22898,3.100477185,44.4534935,2.895,5.79,4.069999999999999
KIO3,mp-1200675,4.037656091,17.60214159,1.158,5.79,4.93
KIn(TeO3)2,mp-1195253,4.908837215,17.08672206,2.0650000000000004,20.65,7.31
KInS2,mp-505412,3.178619715,28.47732915,3.0774999999999997,12.309999999999999,6.449999999999999
KInSe2,mp-505700,4.012864702,32.25976933,4.4375,17.75,6.449999999999999
KLiCO3,mp-562137,2.162797306,13.57017126,0.6083333333333333,3.65,2.25
KNa2Sb,mp-15724,3.003881322,28.58487691,2.3725,9.49,5.83
KNb3(SeO6)2,mp-1202434,4.087312506,15.07092099,2.008333333333333,36.15,8.57
KNb3(TeO6)2,mp-1202170,4.579284713,15.41154556,2.1694444444444443,39.05,8.57
KP(HO2)2,mp-23959,2.385660174,11.84029484,0.335,2.68,1.82
KPSe3,mp-569702,3.278374933,31.09503342,3.41,17.05,3.93
KPSe6,mp-18625,3.825810071,29.50533246,3.9275,31.42,3.93
KSb,mp-1536,3.457066708,38.63267821,3.7750000000000004,7.550000000000001,5.83
KSb(SO4)2,mp-1195296,3.20114544,15.25867596,0.9741666666666666,11.690000000000001,6.69
KSb5S8,mp-15559,3.973803903,26.99503973,3.633571428571429,50.870000000000005,5.83
KSbS2,mp-11703,3.126561607,29.87322086,2.9225000000000003,11.690000000000001,5.83
KSbSe2,mp-9576,3.977084352,33.27461614,4.282500000000001,17.130000000000003,5.83
KSiBiS4,mp-866651,3.692352626,25.98274448,3.031428571428571,21.22,8.89
KSm2CuS4,mp-11604,4.567940152,24.15702947,4.1425,33.14,8.100000000000001
KSnAuS3,mp-1223460,4.454546547,28.01830585,5.613333333333333,33.68,18.44
KSnAuSe3,mp-1223442,5.287918988,30.96574242,6.973333333333333,41.84,18.44
KTa3(TeO6)2,mp-1200554,6.399932119,14.8345188,3.5077777777777777,63.14,16.6
KTaO3,mp-3614,6.981426042,12.75092401,3.4920000000000004,17.46,16.6
KTeP2,mp-1188829,3.239213836,29.30304562,2.685,10.74,5.38
KThCuS3,mp-12365,4.678085718,25.49079304,4.621666666666666,27.729999999999997,10.84
KTiPO5,mp-6268,3.039892531,13.5153036,0.9025000000000001,7.220000000000001,4.54
KUClO3,mp-1095429,4.627344653,21.56580722,3.3099999999999996,19.86,19
KV4Ag11O16,mp-553910,5.723961279,15.2794135,4.4,140.8,10.5
KY(TeO3)2,mp-1194980,4.312778366,18.4505478,1.7810000000000001,17.810000000000002,6.24
KZn4(BO3)3,mp-6652,3.489521739,13.35672631,2.1411764705882352,36.4,7.13
La10Se14O,mp-558535,6.151065714,27.10927649,5.1424,128.56,6.15
La2Fe(SeO)2,mp-1078132,6.283013898,19.76795405,4.248571428571428,29.740000000000002,7.86
La2HfS5,mp-1197947,5.853389351,21.86620865,4.49375,35.95,11.23
La2Mn(SeO)2,mp-1196301,5.798045891,21.38430509,4.187142857142857,29.310000000000002,7.43
La2MoO5,mp-1105399,6.066582527,15.52493058,2.8125,22.5,10.2
La2O3,mp-1968,6.615226586,16.35677322,2.4600000000000004,12.3,6.15
La2S3,mp-7475,4.927142517,25.20939763,3.702,18.509999999999998,4.08
La2Se3,mp-32798,6.045119341,28.27618,5.3340000000000005,26.67,1.3600000000000003
La2TiCoO6,mp-1211314,6.332539967,12.60264589,2.5740000000000003,25.740000000000002,8.9
La2Zn(SeO)2,mp-1196943,5.908797516,21.4038644,4.144285714285714,29.009999999999998,7.13
La2ZrS5,mp-1198687,4.96373341,22.13613192,3.6450000000000005,29.160000000000004,4.4399999999999995
La3CuGeSe7,mp-510011,5.866857827,26.07769012,5.5216666666666665,66.26,4.170000000000001
La3LuSe6,mp-645695,6.46932821,27.34766808,5.702999999999999,57.03,5.05
La3Mo4O16F,mp-1198818,4.665310473,15.94974236,2.46875,59.25,10.2
La4Cd4In2S13,mp-1196490,5.163367019,23.09573353,4.379565217391304,100.73,6.58
La4Fe(SbS5)2,mp-1203562,5.109673127,22.47399392,3.9141176470588235,66.54,5.790000000000001
La4InSbS9,mp-1196663,4.693793145,25.49019468,3.8153333333333332,57.230000000000004,5.24
La6Sb4(SO4)3,mp-1223262,5.790163945,18.45366611,2.7948000000000004,69.87,6.69
La8Sb2S15,mp-1195582,4.754928967,25.64341927,3.7451999999999996,93.63,4.620000000000001
LaCuSO,mp-6088,6.124617207,16.98030158,4.295,17.18,8.96
LaCuSeO,mp-552488,6.758638028,18.26782136,4.9750000000000005,19.900000000000002,8.96
LaCuTeO,mp-546790,6.999248088,20.52473999,5.3375,21.35,8.96
LaF3,mp-905,5.984096221,13.5902198,1.5375,6.15,6.15
LaGaO3,mp-5837,6.963712067,12.23883489,2.41,12.05,6.15
LaGaS3,mp-4816,4.340496067,23.32319959,3.652,18.259999999999998,4.08
LaMg2H7Pd,mp-1180682,4.399795488,10.32707912,1.9663636363636363,21.630000000000003,12
LaTaN2O,mp-550514,9.057113042,13.34230796,4.550000000000001,22.75,16.6
LaVI5O16,mp-1202389,4.866746769,16.02695051,1.604782608695652,36.91,6.15
LaZnAsO,mp-549589,6.329918697,19.36241424,4.7525,19.01,7.13
Li2B4O7,mp-4779,2.407235839,8.974013053,0.803076923,10.44,2.34
Li2CdGeS4,mp-1189383,3.09967132,21.91025687,2.91625,23.33,8.11
Li2CdSnS4,mp-1188784,3.313296097,23.38373086,3.165,25.32,8.11
Li2Ga2GeS6,mp-554782,2.839573931,22.24084636,2.7836363636363632,30.62,5.36
Li2In2GeS6,mp-1191476,3.259394411,23.55328279,3.04,33.44,6.77
Li2In2GeSe6,mp-1191200,4.375023989,27.25574039,4.5236363636363635,49.760000000000005,6.77
Li2In2SiS6,mp-1191903,3.071233568,22.8063331,2.768181818181818,30.45,6.77
Li2In2SiSe6,mp-1191817,4.234307584,26.57309449,4.251818181818182,46.77,6.77
Li2PtO3,mp-531826,7.6862653,9.252414885,3.7466666666666666,22.479999999999997,21.4
Li2TeMoO6,mp-1203622,4.31956953,12.81734846,1.7520000000000002,17.52,10.2
Li2TeWO6,mp-1196881,5.478207694,12.77088606,2.6620000000000004,26.62,19.3
Li2ZnSnS4,mp-555186,3.075305884,22.0209451,2.9749999999999996,23.799999999999997,6.77
Li3Bi,mp-23222,5.095583576,18.72197353,2.8425000000000002,11.370000000000001,9.21
Li3PS4,mp-985583,1.854266987,20.15562549,1.4649999999999999,11.719999999999999,1.5299999999999998
Li3ScN2,mp-542435,2.504720865,10.36348337,0.7683333333333333,4.61,2.99
LiAlB14,mp-8204,2.516777557,7.640199709,2.25,36,2.16
LiAsS2,mp-555874,3.05282249,19.85264592,2.6025,10.41,5.19
LiAsSe2,mp-1078724,4.421161474,22.51491928,3.9625000000000004,15.850000000000001,5.19
LiB3,mp-1222413,1.780348942,9.181074515,1.89,7.56,1.7999999999999998
LiB3O5,mp-3660,2.488007023,8.852253009,0.8399999999999999,7.56,2.34
LiBi3(ClO2)2,mp-754206,6.788270845,18.8059505,2.9789999999999996,29.79,9.75
LiBiS2,mp-1222404,5.445330662,21.35023193,3.6075,14.43,9.21
LiBr,mp-976280,2.903220848,24.8361256,1.83,3.66,2.58
LiCa3As2H,mp-1192528,3.161484026,20.86150786,2.3785714285714286,16.650000000000002,5.73
LiCdBO3,mp-6126,4.34497966,11.34810194,1.9216666666666666,11.530000000000001,8.65
LiCl,mp-22905,2.14256574,16.42817578,0.27,0.54,0.54
LiF,mp-1138,2.53043178,8.511075602,0.27,0.54,0.54
LiGa(GeSe3)2,mp-1222398,4.109947042,28.10848069,4.582000000000001,45.82000000000001,5.36
LiGaO2,mp-5854,4.203040444,10.7326367,1.61,6.44,5.9
LiGaS2,mp-3647,2.923762048,19.99084856,2.645,10.58,5.36
LiGaSe2,mp-11582,4.165028141,23.38134841,4.005,16.02,5.36
LiGaTe2,mp-5048,4.598910538,29.95672194,4.73,18.92,5.7
LiH3(SeO3)2,mp-696288,3.235539965,11.28572766,0.8433333333333334,10.120000000000001,4.79
LiI,mp-570935,3.409051004,32.59787424,2.735,5.47,4.39
LiIO3,mp-23384,4.259170276,14.17921794,1.094,5.47,4.93
LiIn(IO3)4,mp-973966,4.799462593,15.78783753,1.5316666666666665,27.57,7.31
LiInS2,mp-1188392,3.377928278,22.84506369,2.9974999999999996,11.989999999999998,6.77
LiInSe2,mp-20187,4.414420043,26.30118459,4.3575,17.43,6.77
LiInTe2,mp-20782,4.704605033,33.2628957,5.0825,20.33,6.77
LiMgAs,mp-12558,3.022463837,19.44279644,2.67,8.010000000000002,5.19
LiMgBi,mp-570213,5.117847218,25.98132281,4.01,12.030000000000001,9.21
LiMgN,mp-37906,2.467592898,10.15076626,0.76,2.2800000000000002,1.74
LiMoIO6,mp-558917,4.157636337,14.45729358,1.7411111111111108,15.669999999999998,10.2
LiNbO3,mp-3731,4.577485852,10.72655905,1.8220000000000003,9.11,8.57
LiSbS2,mp-1079885,3.782620385,21.16280357,2.8425000000000002,11.370000000000001,6.15
LiSbSe2,mp-37480,5.18998213,22.92615639,4.202500000000001,16.810000000000002,6.15
LiSbTe2,mp-1222285,5.56420159,28.642142,4.9275,19.71,6.15
LiSiB6,mp-973391,2.355539378,8.802410622,2.11375,16.91,1.7999999999999998
LiTaO3,mp-3666,7.452082825,10.51248948,3.4280000000000004,17.14,16.6
LiZnBO3,mp-1222376,3.720189116,9.757343367,1.6683333333333332,10.01,7.13
LiZnN,mp-7575,4.982091078,9.59427623,2.5566666666666666,7.67,7.13
Lu2O3,mp-1427,9.784622894,13.50653921,3.936,19.68,9.84
Mg2Ge,mp-408,3.117888556,21.52528955,2.9333333333333336,8.8,3.58
Mg2GeSe4,mp-1192564,4.320046405,24.00123096,3.994285714285714,27.96,3.58
Mg2Si,mp-1367,1.999337152,21.23301613,1.9366666666666665,5.8100000000000005,0.5900000000000001
Mg3As2,mp-1990,3.132694631,23.61536869,3.3360000000000003,16.68,3.99
Mg3AsN,mp-1206514,3.611166352,14.88422831,2.1900000000000004,10.95,5.73
Mg3N2,mp-1559,2.737220244,12.24567526,1.044,5.22,1.74
Mg3P2,mp-2514,2.068073439,21.65730535,1.7720000000000002,8.86,0.08
Mg3Sb2,mp-1196139,3.569834467,29.4384899,3.72,18.6,4.95
Mg5B3O9F,mp-560026,3.012214461,9.706950924,0.8733333333333333,15.719999999999999,2.34
MgCu2GeS4,mp-2222834,3.706108854,19.73103579,4.1575,33.26,7.220000000000001
MgCu2SiS4,mp-1205334,3.371334784,18.94718548,3.7837500000000004,30.270000000000003,7.220000000000001
MgF2,mp-1249,3.1872432,10.81965165,0.58,1.74,1.74
MgGeN2,mp-7798,4.412035345,11.75751601,1.7650000000000001,7.0600000000000005,5.32
MgO,mp-1265,3.628903382,9.221385046,0.87,1.74,1.74
MgSe,mp-1018040,3.260005132,26.29989214,3.265,6.53,3.05
MgSiN2,mp-3677,3.146968547,10.60654206,1.0175,4.07,2.33
MgTe,mp-13033,3.735748138,33.76086631,3.99,7.98,4.5
Mn(PbO2)2,mp-21823,7.888239878,16.03878844,4.3185714285714285,30.23,11.4
Mn(SbSe2)2,mp-1210700,5.339330465,27.29250442,5.71,39.97,2.6399999999999997
Mn11Si19,mp-567968,5.25311101,11.99034753,4.199999999999999,126,5.1
MnF2,mp-560902,3.92618297,13.10194936,2.4766666666666666,7.43,7.43
MnI2,mp-28013,4.767267673,35.84767806,5.763333333333333,17.29,2.5
MnO,mp-1232659,5.484829159,10.73820125,3.715,7.43,7.43
MnO2,mp-644514,5.00146168,9.621322504,2.4766666666666666,7.43,7.43
MnP4,mp-569522,4.114044247,14.43637061,2.942,14.71,5.609999999999999
MoO3,mp-715584,4.419817946,13.51950506,2.55,10.2,10.2
MoSe2,mp-1634,6.512714079,21.57546211,6.593333333333333,19.78,5.409999999999999
Na(GeP)3,mp-1104707,3.487265054,22.70872939,3.1985714285714284,22.39,4.3500000000000005
Na2Be4B4O11,mp-1020144,2.421470748,9.83785045,0.8904761904761904,18.7,2.34
Na2Cd(GeS3)2,mp-1190146,2.963058006,25.2726591,3.059090909090909,33.65,7.680000000000001
Na2CdSnS4,mp-2831941,3.030332516,27.76580651,3.2725,26.18,7.680000000000001
Na2EuGeSe4,mp-1221353,4.76136002,25.56462836,3.9575,31.66,4.3500000000000005
Na2Ga2GeS6,mp-1190388,2.789246223,24.37931449,2.8618181818181814,31.48,4.930000000000001
Na2Ge2Se5,mp-17964,3.978850703,27.17632222,4.058888888888889,36.53,4.3500000000000005
Na2In2GeS6,mp-1190145,3.085152907,26.45406049,3.118181818181818,34.3,6.34
Na2In2GeSe6,mp-1190429,4.094656628,30.30532537,4.601818181818182,50.620000000000005,6.34
Na2In2SiS6,mp-1190138,2.986415662,25.07653574,2.846363636363636,31.31,6.34
Na2Mo2Se2O11,mp-1195277,3.888547104,14.36271057,1.8776470588235292,31.92,10.2
Na2Nb4Se4O19,mp-1192640,3.907693467,15.20165755,1.9096551724137931,55.379999999999995,8.57
Na2S,mp-648,1.889080802,22.8675599,1.3366666666666664,4.01,1.0999999999999999
Na2Se,mp-1266,2.686924163,25.73785391,2.243333333333333,6.73,3.8200000000000003
Na2Te,mp-2784,3.005584104,31.96667658,2.7266666666666666,8.18,5.2700000000000005
Na2TeS3,mp-1190141,2.904618695,25.70453058,2.3983333333333334,14.389999999999999,5.2700000000000005
Na2TeSe3,mp-573581,4.059082856,27.98596478,3.7583333333333333,22.55,5.2700000000000005
Na2Ti3O7,mp-3488,3.456687956,12.07271474,1.2966666666666666,15.56,4.54
Na2Zn(GeS3)2,mp-1190399,2.801273488,24.19935886,2.920909090909091,32.129999999999995,6.16
Na2Zn(GeSe3)2,mp-1190476,4.031300661,27.35199168,4.404545454545454,48.45,6.16
Na2Zn(SnS3)2,mp-1190487,3.062263543,26.6790563,3.2827272727272727,36.11,6.34
Na3MoO4F,mp-1194849,2.927987401,15.62151735,1.4566666666666663,13.11,10.2
Na3Sb,mp-7956,2.728208035,29.02211477,2.4000000000000004,9.600000000000001,5.720000000000001
Na3Zn(BO2)5,mp-560158,2.737906447,11.12215844,1.1442105263157893,21.74,7.13
Na4Mg(GeSe3)2,mp-1103730,3.773932717,24.88734487,3.4615384615384617,45,4.3500000000000005
Na4Mg(SiSe3)2,mp-1103351,3.517376321,23.46662075,3.0015384615384617,39.02,3.8200000000000003
Na5Gd(MoO4)4,mp-556070,4.112311992,14.16316655,2.059615384615385,53.55,10.2
NaAsS2,mp-5942,2.853379325,23.57520623,2.71,10.84,4.760000000000001
NaAsSe2,mp-984519,4.025444215,26.38329837,4.07,16.28,4.760000000000001
NaBiS2,mp-1221125,5.162600272,23.80999268,3.715,14.86,8.78
NaBiSe2,mp-1221101,6.024334776,26.86719289,5.075,20.3,8.78
NaBr,mp-22916,3.288928095,25.97489496,2.045,4.09,2.1500000000000004
NaCdAsS3,mp-1192203,3.621194155,23.42616112,3.5933333333333337,21.560000000000002,7.680000000000001
NaCl,mp-22862,2.224545044,21.81266273,0.485,0.97,0.97
NaF,mp-682,2.918620457,11.94451313,0.485,0.97,0.97
NaH3(SeO3)2,mp-1220990,3.101025949,12.49142194,0.8791666666666667,10.55,4.79
NaI,mp-23268,3.732330356,33.34448139,2.9499999999999997,5.8999999999999995,3.96
NaIn(IO3)4,mp-1196607,4.812457525,16.05285222,1.5555555555555554,28,7.31
NaIn(TeO3)2,mp-1194878,5.135168231,15.81273466,2.076,20.759999999999998,7.31
NaIn3S5,mp-1195769,4.402145593,22.12003824,3.694444444444444,33.25,6.34
NaInS2,mp-20289,4.009346842,20.90898893,3.1049999999999995,12.419999999999998,6.34
NaInSe2,mp-22473,5.105290088,24.04699368,4.465,17.86,6.34
NaInTe2,mp-22483,5.132784596,31.78609691,5.1899999999999995,20.759999999999998,6.34
NaLa2TaO6,mp-13019,6.719340996,14.27771155,2.987,29.870000000000005,16.6
NaNb2PS10,mp-557436,2.645003871,25.13120142,2.9021428571428567,40.629999999999995,7.6000000000000005
NaNbSe2O7,mp-1190450,3.83197762,15.19879379,1.7381818181818183,19.12,8.57
NaSb,mp-7944,4.030017786,29.82153672,3.83,7.66,5.720000000000001
NaSb(PS3)2,mp-554384,2.773745454,23.89188382,2.372,23.72,5.720000000000001
NaSbF6,mp-5955,3.039349918,17.67023388,0.9575,7.66,6.69
NaSbS2,mp-5414,3.584911961,24.18839157,2.95,11.8,5.720000000000001
NaSbSe2,mp-1220879,4.884897315,25.72188031,4.3100000000000005,17.240000000000002,5.720000000000001
NaSbTe2,mp-1220883,5.235361867,31.71376848,5.035,20.14,5.720000000000001
NaSc(SeO3)2,mp-1194561,3.551370606,15.0495293,1.354,13.54,4.79
NaSm(PS3)2,mp-561232,3.133393907,22.66524669,2.455,24.549999999999997,6.55
NaY(Te2O5)2,mp-1195227,4.585829383,17.7043012,1.9,30.4,6.24
Nb2AgPS10,mp-554930,3.155752266,24.25397927,3.5828571428571427,50.16,8.68
Nb2O5,mp-581967,4.300420662,14.66260182,2.4485714285714284,17.14,8.57
Nb2Pb2Se4O15,mp-1199265,5.029642013,16.59428178,2.5695652173913044,59.099999999999994,11.4
Nb2Tl3CuSe12,mp-570757,5.840488901,28.58991347,6.626666666666667,119.28,7.11
Nb2Tl4S11,mp-17803,4.947358979,26.77355036,5.147647059,87.51,9.83
Nb3CuO8,mp-27383,5.374651883,12.10753867,2.8891666666666667,34.67,8.96
NbAg2(PS4)2,mp-554336,3.59740457,22.26693287,3.828461538461539,49.769999999999996,8.68
NbCu3Se4,mp-4043,5.473847418,22.72855596,6.82625,54.61,4.170000000000001
NbCuO3,mp-17272,4.863962376,13.9597369,3.5060000000000002,17.53,8.96
Nd10Se14O,mp-1202414,6.584323485,25.86378816,5.4824,137.06,7
Nd2HfS5,mp-1196123,6.111200882,21.30625625,4.70625,37.65,11.23
Nd2O3,mp-1045,6.487107728,17.22622351,2.8000000000000003,14,7
Nd2S3,mp-438,5.354881461,23.85765259,4.042,20.21,4.93
Nd2Se3,mp-32688,6.517396416,26.77104139,5.674,28.37,2.21
Nd2ZrS5,mp-1196300,5.19553065,21.57493513,3.8575,30.86,4.93
Nd4(GeS4)3,mp-560086,4.498184068,22.92018255,3.621052631578947,68.8,4.93
NdCuSO,mp-542314,6.463398254,16.43303139,4.5075,18.03,8.96
NdCuTeO,mp-974307,7.297521495,19.98940687,5.550000000000001,22.200000000000003,8.96
NdF3,mp-254,6.550113185,12.75406389,1.75,7,7
NdLuSe3,mp-13327,7.110119241,25.97445915,6.242000000000001,31.21,5.05
NdMoO4F,mp-1192562,5.066537891,15.13148514,2.457142857142857,17.2,10.2
Ni2Te3O8,mp-17360,5.745923734,13.96469246,2.809230769230769,36.519999999999996,8.9
NiO,mp-19009,6.762154478,9.170916814,4.45,8.9,8.9
NiS2,mp-1180046,3.940790604,17.25144981,4.346666666666667,13.04,6.83
P2Ir,mp-10155,9.202463696,15.28757716,8.68,26.04,20.58
P2Os,mp-2319,9.447313995,14.77494487,8.746666666666666,26.240000000000002,20.78
P2Pd,mp-28266,5.538126999,16.82764174,5.213333333333333,15.64,10.18
P2Pd3S8,mp-3006,3.355390565,24.27715703,4.323076923076924,56.2,10.18
P2Pt,mp-730,9.109869824,15.61716011,8.346666666666666,25.04,19.58
P2Rh,mp-15953,6.049286899,15.08414083,5.346666666666666,16.04,10.58
P2Ru,mp-1413,6.197070793,14.56047952,5.346666666666666,16.04,10.58
P2Se5,mp-28860,3.720943185,29.11885007,3.9414285714285717,27.59,2.9699999999999998
P4Os,mp-1103842,6.680598971,15.61587266,5.976000000000001,29.880000000000003,20.78
P4Ru,mp-27173,4.800200227,15.56448619,3.936000000000001,19.68,10.58
PH6NO4,mp-1220029,1.741317014,9.140814601,0.15166666666666667,1.82,1.82
POsS,mp-1102534,9.230866411,15.18682555,8.83,26.490000000000002,20.78
POsSe,mp-1101841,9.862299405,16.84643147,9.736666666666668,29.21,20.78
PPdS,mp-7280,5.015562777,18.70131741,5.296666666666667,15.89,10.18
PPdSe,mp-3123,5.894556122,20.31613953,6.203333333333333,18.61,10.18
PRuS,mp-1095584,6.044234835,15.02859159,5.43,16.29,10.58
PSe,mp-28885,3.169265901,28.79993542,3.305,6.61,2.9699999999999998
Pb2O3,mp-20078,9.837550822,15.61019179,4.5600000000000005,22.8,11.4
Pb2SeN2O9,mp-1192446,5.351782836,14.74634837,1.9707142857142856,27.59,11.4
Pb3O4,mp-22633,8.662164588,18.7756039,4.885714285714285,34.2,11.4
Pb3Se2(BrO3)2,mp-1194412,6.446903547,20.51308699,3.847692307692308,50.02,11.4
PbBr2,mp-2456335,4.794035014,42.3742644,5.88,17.64,8.280000000000001
PbCl2,mp-23291,5.772894416,26.66518413,3.8,11.4,11.4
PbI2,mp-567503,5.69744027,44.78756065,7.086666666666666,21.259999999999998,6.470000000000001
PbN6,mp-667338,4.529275318,15.25364579,1.6285714285714286,11.4,11.4
PbS,mp-21276,7.445972213,26.67944953,6.735,13.47,9.33
PbSe,mp-2201,8.046470007,29.52722491,8.095,16.19,6.61
PbSeO4,mp-22342,6.415916468,15.10437304,2.6983333333333333,16.19,11.4
Pd(IO3)2,mp-1198404,5.316897527,15.83170545,2.4288888888888884,21.86,12
PdS2,mp-13682,4.71100002,20.03855774,5.38,16.14,9.93
PdSe2,mp-2418,6.359482058,23.00747623,7.193333333333333,21.58,7.21
Pr10Se14O,mp-560835,6.35968924,26.42909332,5.3904000000000005,134.76,6.77
Pr2S3,mp-15179,5.1376542,24.43531021,3.95,19.75,4.699999999999999
Pr2Se3,mp-32689,6.297756108,27.35303796,5.582000000000001,27.91,1.9799999999999995
Pr2Te3,mp-32581,6.610114466,33.39184746,6.452,32.26,0.5299999999999994
Pr2Te4O11,mp-2980,6.071020016,15.57784908,2.264705882352941,38.5,6.77
PrBN2,mp-9028,5.921697976,12.5999372,2.2775,9.11,6.77
PrCuSO,mp-6166,6.267240647,16.72650336,4.45,17.8,8.96
PrF3,mp-2651,6.27813481,13.08610916,1.6925,6.77,6.77
PrLuSe3,mp-13326,6.987287394,26.27259017,6.196,30.98,5.05
PrMoO4F,mp-1192358,4.927751594,15.39713748,2.424285714285714,16.97,10.2
PrTl2InSe4,mp-1219751,6.796744443,29.93859805,7.130000000000001,57.040000000000006,7.11
PrTlSe2,mp-999289,6.624028139,31.53675617,7.0625,28.25,7.11
PtS,mp-288,10.10045644,18.67191799,11.735,23.47,19.33
PtS2,mp-762,7.05127354,20.34785968,8.513333333333332,25.54,19.33
PtSe2,mp-1115,8.416136651,23.21639001,10.326666666666666,30.979999999999997,16.61
Rb2AgPS4,mp-1105212,3.175546332,28.6320214,2.9575,23.66,8.97
Rb2BaNb2Se11,mp-571293,4.7125772,30.00891488,4.774375,76.39,7.04
Rb2Cd(IBr)2,mp-1103709,3.917752731,42.20113146,3.9728571428571424,27.810000000000002,7.12
Rb2Cd(PSe3)2,mp-541897,3.920422765,31.53814251,4.008181818181818,44.09,7.12
Rb2Cd3(B4O7)4,mp-1200744,3.27174916,11.69542796,1.3561224489795918,66.45,8.65
Rb2Cd3S4,mp-18556,4.181207478,28.08371503,4.143333333333333,37.29,7.12
Rb2Cd3Se4,mp-16818,4.858757936,31.29054081,5.352222222222222,48.17,7.12
Rb2Cd3Te4,mp-29901,5.045938983,37.24387645,5.996666666666666,53.97,7.12
Rb2Cu2Sb2S5,mp-1195291,4.035023707,26.25842119,4.0645454545454545,44.71,7.430000000000001
Rb2Cu2SnS4,mp-18006,4.054521496,24.80056475,4.0633333333333335,36.57,7.430000000000001
Rb2GeB4O9,mp-1020707,3.136360481,14.25585113,1.1087500000000001,17.740000000000002,5.32
Rb2Hg3(GeS4)2,mp-1209424,4.406477534,29.50674952,4.717333333333333,70.76,11.97
Rb2Mo3Se3O16,mp-1194625,3.887580033,16.93654467,2.0012499999999998,48.03,10.2
Rb2NbCuS4,mp-15221,3.207492581,29.48647784,3.6087500000000006,28.870000000000005,7.430000000000001
Rb2NbCuSe4,mp-15222,4.098099135,32.5792872,4.96875,39.75,7.430000000000001
Rb2Sn2Hg3S8,mp-561434,4.40852777,31.80675594,4.982666666666667,74.74,11.97
Rb2Sn3(SbS5)2,mp-1194540,3.565499559,29.89498328,3.474705882352941,59.06999999999999,5.779999999999999
Rb2Te,mp-441,3.158986459,52.30897452,3.1,9.3,4.71
Rb2TeBr6,mp-570324,4.027617411,35.63817227,3.1133333333333333,28.02,4.71
Rb2TeI6,mp-28070,4.362730964,44.82689148,4.319999999999999,38.879999999999995,4.71
Rb2Ti(AgS2)2,mp-1209316,3.793190575,27.37507025,4.097777777777777,36.88,8.97
Rb2Ti(CuS2)2,mp-7129,3.800179492,23.02090784,3.7555555555555555,33.800000000000004,7.430000000000001
Rb2VAgS4,mp-8901,3.189092122,29.81003936,3.4937500000000004,27.950000000000003,8.97
Rb2VCuS4,mp-15219,3.200712305,26.82750288,3.3012500000000005,26.410000000000004,7.430000000000001
Rb3Bi2Br9,mp-1195363,4.309888095,38.34971168,3.7264285714285714,52.17,8.22
Rb3Bi2I9,mp-29895,4.393114723,49.04389777,4.890000000000001,68.46,8.22
Rb3Cd(BO2)5,mp-1200569,3.241111393,15.71695191,1.3126315789473684,24.939999999999998,8.65
Rb3Na(MoO4)2,mp-1104938,3.626103223,19.60208437,1.854285714285714,25.959999999999997,10.2
Rb3Nb2AsSe11,mp-683902,4.239804284,31.92441014,4.714705882352941,80.15,7.04
Rb3Sb,mp-16319,3.166973697,49.57059636,2.8200000000000003,11.280000000000001,5.16
Rb3Sb2Br9,mp-1194576,3.948029076,36.62398411,3.2892857142857146,46.05,5.16
Rb3Sb2I9,mp-1209693,4.074595548,47.79985041,4.452857142857143,62.339999999999996,5.16
Rb3Ta2AsS11,mp-1209358,3.654783178,27.95397487,3.8994117647058824,66.29,15.070000000000002
Rb3Zn(BO2)5,mp-1020643,3.06520191,15.27878724,1.2326315789473683,23.419999999999998,7.13
Rb4Ge(PSe3)4,mp-1195251,3.61378918,32.51353901,3.6285714285714286,76.2,3.79
Rb4Ge3B6O17,mp-1020896,3.478982393,14.26583221,1.204,36.120000000000005,5.32
Rb4Mo5(PO11)2,mp-1199088,3.628135046,17.13548516,1.8412121212121213,60.76,10.2
Rb4Ti3S14,mp-542067,2.862230239,25.81367236,2.32,48.72,3.01
Rb5Li6(BO2)11,mp-1020620,2.760280594,12.85054396,0.8325,36.629999999999995,2.34
Rb7Th2(P2Se7)3,mp-585963,4.032510965,33.24447241,4.045,145.62,10.17
RbAg2SbS4,mp-17756,4.257535546,26.87380142,4.6875,37.5,8.97
RbAg5(PS4)2,mp-1195102,4.255776533,23.00325179,4.639375,74.23,8.97
RbBi3Se5,mp-1209327,6.384470557,31.99715071,6.081111111111111,54.730000000000004,8.22
RbBiS2,mp-30041,5.161621539,28.83944052,3.8549999999999995,15.419999999999998,8.22
RbBr,mp-22867,3.326427544,41.27646413,2.325,4.65,1.59
RbCd(BO2)3,mp-1197285,3.404111863,14.47040135,1.5636363636363635,17.2,8.65
RbCl,mp-23295,2.771692542,36.22221969,0.765,1.53,1.53
RbF,mp-11718,3.883571764,22.33384911,0.765,1.53,1.53
RbGaSnSe4,mp-1209628,4.139294045,33.79760713,4.842857142857143,33.9,5.779999999999999
RbGeB3O7,mp-1199892,3.2383627,12.92767081,1.1558333333333333,13.870000000000001,5.32
RbH2(IO3)3,mp-1192404,4.271443638,15.86611466,1.088,16.32,4.93
RbH3(SeO3)2,mp-24022,3.163872038,14.97589787,0.9258333333333333,11.11,4.79
RbHgSbTe3,mp-1219595,5.894123497,37.12318279,6.74,40.44,11.97
RbI,mp-22903,3.506111301,50.29110896,3.23,6.46,3.3999999999999995
RbInS2,mp-601861,3.634548204,30.20133047,3.245,12.98,5.779999999999999
RbInTe3O8,mp-1192556,4.94253987,18.37700097,2.12,27.56,7.31
RbMoPO6,mp-1198591,3.563939064,15.9646592,1.5055555555555553,13.549999999999999,10.2
RbNa2Sb,mp-975275,3.453724793,30.43530556,2.54,10.16,5.720000000000001
RbNb3(TeO6)2,mp-1201687,4.818111371,15.53545285,2.2066666666666666,39.72,8.57
RbNb4Br11,mp-1201070,4.950316943,28.01010256,4.383125,70.13,7.04
RbPSe6,mp-17945,4.004124228,30.59510317,4.01125,32.09,3.26
RbSbS2,mp-10621,3.685288801,30.56749771,3.09,12.36,5.16
RbSbSe2,mp-1189259,4.470102607,33.91097701,4.45,17.8,5.16
RbTa3(TeO6)2,mp-1204836,6.623992775,14.97851881,3.545,63.81,16.6
RbTbSe2,mp-10782,5.405723541,30.89580412,4.835,19.34,6.7
RbV(CuS2)2,mp-15998,3.451061205,23.56285881,4.23,33.84,7.430000000000001
RbY(TeO3)2,mp-1194706,4.60272663,18.96114348,1.8480000000000003,18.48,6.24
ReS2,mp-572758,7.113031381,19.48041307,8.379999999999999,25.14,18.93
ReSe2,mp-541582,8.623761204,22.08766816,10.193333333333333,30.58,16.21
Rh2S3,mp-974381,6.144883119,16.32228804,6.202000000000001,31.009999999999998,10.33
RuS2,mp-2030,6.146853388,14.875961,5.513333333333333,16.54,10.33
RuSe2,mp-1922,8.078168323,17.74589633,7.326666666666666,21.98,7.61
Sb2O3,mp-2136,5.832523086,16.59924367,2.676,13.38,6.69
Sb2Os,mp-2695,11.07442702,21.67934042,11.993333333333332,35.980000000000004,15.91
Sb2S3,mp-2809,4.375422722,25.7853956,3.918,19.59,4.620000000000001
Sb2Se3,mp-2160,5.506812533,28.97222169,5.550000000000001,27.75,1.9000000000000004
Sb2Te3,mp-1201,6.120536416,33.98489144,6.42,32.1,0.4500000000000002
Sb3IO4,mp-1209215,5.337350976,21.62969185,3.125,25,6.69
Sb5IO7,mp-556869,5.22553452,20.72131656,2.9523076923076923,38.38,6.69
Sb8I2O11,mp-1219562,5.347974797,20.75731432,3.018095238095238,63.38,6.69
SbI3,mp-23281,4.741073522,43.9972468,5.37,21.48,1.7600000000000007
SbOsS,mp-1102833,10.04214832,18.96396236,10.453333333333333,31.360000000000003,20.53
SbOsSe,mp-1101771,10.54271968,20.52562551,11.36,34.080000000000005,17.810000000000002
SbPb2S2I3,mp-578882,5.9411813,34.273371,6.0525,48.42,9.33
SbPbBrO2,mp-1206466,7.06636434,20.71984594,4.242000000000001,21.21,11.4
SbPbIO2,mp-1219447,7.404747644,21.88098928,4.604,23.02,11.4
SbRuSe,mp-1102395,8.212739944,20.33970345,7.96,23.88,7.61
SbSBr,mp-22971,4.591719201,28.17507768,3.96,11.879999999999999,4.620000000000001
SbSI,mp-23041,4.8904498,31.77364531,4.563333333333333,13.69,4.620000000000001
SbSeBr,mp-1209072,5.070301438,30.63506978,4.866666666666667,14.600000000000001,3.5700000000000003
SbSeI,mp-22996,5.38743149,33.66064346,5.47,16.41,1.9000000000000004
SbTeI,mp-28051,5.504991243,37.832446,5.953333333333333,17.86,1.7600000000000007
SbTeOs,mp-1103213,10.8235992,22.48039539,11.843333333333334,35.53,16.36
SbTeRh,mp-1219458,8.733145642,22.32683955,8.443333333333333,25.33,6.16
SbTeRu,mp-1102857,8.703787411,22.28542119,8.443333333333333,25.33,6.16
Sc(CuSe)3,mp-1219527,6.103902577,18.36205559,6.32,44.24000000000001,5.970000000000001
Sc2O3,mp-216,3.818904932,11.99322772,1.1960000000000002,5.98,2.99
Sc2S3,mp-401,2.883972634,21.43138587,2.4379999999999997,12.19,0.9200000000000004
ScAg(PSe3)2,mp-13383,4.075887198,28.051161,4.587000000000001,45.870000000000005,8.68
ScAgO2,mp-11022,5.538115174,13.85424716,3.3725,13.49,10.5
ScCuO2,mp-3642,4.562429088,12.78413958,2.9875000000000003,11.950000000000001,8.96
ScNiSb,mp-3432,6.652273146,18.75554217,6.193333333333333,18.580000000000002,5.91
ScSbPd,mp-569779,7.085385842,21.33748076,7.226666666666667,21.68,9.01
ScTlS2,mp-13312,5.590737097,23.27635264,4.7575,19.03,9.83
ScTlSe2,mp-13313,6.44774219,26.22118766,6.1175,24.47,8.91
ScTlTe2,mp-13314,6.560546985,31.92596113,6.8425,27.37,8.91
Si(Bi3O5)4,mp-23492,9.189013027,15.63867319,3.616060606060606,119.33,9.75
Si3N4,mp-988,3.20207964,10.39261651,0.9985714285714286,6.99,2.33
Si3Ru2,mp-22192,6.914050613,13.75669932,6.3580000000000005,31.79,10.07
SiAs,mp-1863,3.559078571,24.02971868,4.03,8.06,3.4000000000000004
SiAs2,mp-978553,3.986183012,24.70680653,4.596666666666667,13.790000000000001,3.4000000000000004
SiB3,mp-569128,2.468922187,10.17583037,2.3375,9.35,0.01
SiGe,mp-1219182,3.92854447,21.28760779,3.825,7.65,2.99
SiP,mp-2798,2.259448359,21.70224679,2.075,4.15,0.51
SiP2,mp-9996,2.275614728,21.89933586,1.99,5.970000000000001,0.51
SiSe2,mp-1250007,3.575903402,28.79173593,3.9699999999999998,11.91,2.46
SiSn,mp-1009813,4.361247561,27.9460933,4.82,9.64,4.9799999999999995
Sm(CuTe)3,mp-1219189,6.910809724,24.84502857,7.588571428571429,53.120000000000005,2.7200000000000006
Sm(ErSe2)3,mp-13282,7.174218772,26.05992392,6.3469999999999995,63.470000000000006,4.28
Sm2Mn3(SbS3)4,mp-1192255,4.803028651,22.01714742,4.234761904761904,88.93,5.449999999999999
Sm2O3,mp-218,7.079480081,16.35883392,3.008,15.04,7.52
Sm2S3,mp-1403,5.745705004,22.94210591,4.25,21.25,5.449999999999999
Sm2Se3,mp-15081,6.868940344,25.99253327,5.882,29.41,2.7299999999999995
Sm2Te3,mp-1106376,7.076621181,32.07778497,6.752,33.76,1.2799999999999994
Sm2ZrSe5,mp-1198078,6.76097848,24.15366265,5.6875,45.5,2.7299999999999995
Sm3B(SO)3,mp-1105337,5.697334235,17.66486659,3.1109999999999998,31.11,7.52
Sm4GaSbS9,mp-1199065,5.183655836,23.09677882,4.086666666666667,61.3,5.449999999999999
Sm4InSbS9,mp-1196183,5.24194339,23.79229934,4.180666666666666,62.709999999999994,5.449999999999999
SmBiW2O9,mp-1200917,7.582166362,14.6736471,4.297692307692308,55.870000000000005,19.3
SmCuSe2,mp-11793,7.04872044,21.89871212,6.515000000000001,26.060000000000002,4.170000000000001
SmCuSeO,mp-9194,7.406205466,17.31261256,5.3175,21.27,8.96
Sn2SbS2I3,mp-1219046,4.731216525,35.27402191,5.029999999999999,40.239999999999995,5.24
Sn2WO5,mp-557633,6.151812947,16.91283606,4.24,33.92,19.3
Sn3Ir2Se3,mp-1194504,8.824949521,22.98998911,10.1375,81.1,17.61
Sn3WO6,mp-556980,5.935831754,17.79105433,4.122999999999999,41.230000000000004,19.3
SnBr2,mp-29862,4.652505947,33.13554924,4.516666666666667,13.55,4.1899999999999995
SnCl2,mp-29179,3.78377717,27.73813586,2.4366666666666665,7.31,7.31
SnGe,mp-995181,1.53094116,103.7741223,6.3149999999999995,12.629999999999999,1.9899999999999993
SnGeS3,mp-5045,3.590124056,26.59962154,3.768,18.839999999999996,5.24
SnI2,mp-27194,5.117978698,40.28818728,5.723333333333333,17.169999999999998,2.38
SnI4,mp-23182,4.1437087,50.19860172,5.406,27.029999999999998,2.38
SnO2,mp-856,6.873191556,12.13690651,2.4366666666666665,7.31,7.31
SnPbS3,mp-1188095,5.558311572,25.22067479,4.984,24.92,9.33
SnS,mp-2231,4.90139839,25.54044355,4.6899999999999995,9.379999999999999,5.24
SnS2,mp-1170,4.169006438,24.2754053,3.8166666666666664,11.45,5.24
SnSe,mp-691,5.802937999,28.28211824,6.05,12.1,2.5199999999999996
SnSe2,mp-665,5.540601276,27.63568424,5.63,16.89,2.5199999999999996
SnTe,mp-1883,6.32470507,32.33410672,6.775,13.55,1.0699999999999994
Sr(LaS2)2,mp-34141,4.794566938,24.42625173,3.3028571428571425,23.119999999999997,4.08
Sr(NdS2)2,mp-37108,5.098063552,23.46874644,3.5457142857142854,24.82,4.93
Sr(PrS2)2,mp-38240,4.947127513,23.86500295,3.4799999999999995,24.36,4.699999999999999
Sr2Be2B2O7,mp-556498,3.593061788,11.62069985,1.0353846153846153,13.46,2.54
Sr2ScSbO6,mp-1106218,5.389964205,13.49242584,1.476,14.760000000000002,6.69
Sr2SmTaO6,mp-1208761,6.716446697,14.89698886,2.92,29.200000000000003,16.6
Sr2TiO4,mp-5532,4.98714651,13.6564897,1.374285714285714,9.620000000000001,4.54
Sr2V3Se5O18,mp-1197632,3.906460764,15.34602511,1.6914285714285715,47.36,6.11
Sr3Ti2O7,mp-3349,5.022340117,12.96594697,1.3916666666666666,16.7,4.54
Sr4Te3(ClO2)4,mp-1218587,4.266658761,20.54689847,1.52,28.88,6.24
Sr4V2(Se2O7)3,mp-1204879,4.01880893,15.80284005,1.5490909090909093,51.120000000000005,6.11
Sr5V3O12F,mp-40674,3.977254285,15.94318781,1.4776190476190476,31.03,6.11
SrBiClO2,mp-547244,5.777712015,20.92603089,2.458,12.29,9.75
SrCrO4,mp-510607,3.926545564,14.35139776,1.6216666666666666,9.73,7.19
SrO,mp-2472,4.987595381,17.24920013,1.27,2.54,2.54
SrPbO3,mp-20489,7.669326838,14.84518852,2.7880000000000003,13.940000000000001,11.4
SrS,mp-1087,3.593405711,27.65365703,2.3049999999999997,4.609999999999999,0.4700000000000002
SrSe,mp-2758,4.468615505,30.95059279,3.665,7.33,2.25
SrSeO4,mp-4092,4.371653067,14.59719038,1.2216666666666667,7.33,4.79
SrSnO3,mp-2879,6.345516909,13.310875,1.97,9.85,7.31
SrTaNO2,mp-2583419,7.801190748,13.39183732,3.8280000000000003,19.14,16.6
SrTe,mp-1958,4.728243243,37.79217772,4.390000000000001,8.780000000000001,3.7
SrTh(PS4)2,mp-1194714,3.434406494,25.71119793,2.8699999999999997,34.44,9.879999999999999
SrTiO3,mp-4651,5.093987782,11.9625078,1.416,7.08,4.54
SrZrS3,mp-558760,3.958207414,23.07675958,3.0519999999999996,15.26,4.4399999999999995
Ta2Mn3O8,mp-31909,6.713164148,12.45730792,4.268461538461539,55.49,16.6
Ta2O5,mp-10390,8.728989206,12.00892098,4.742857142857143,33.2,16.6
Ta2Tl4S11,mp-18344,5.582844332,26.80675413,6.092352941176472,103.57000000000001,14.530000000000001
Ta4Cu2O11,mp-676563,7.935946171,12.63920784,4.960000000000001,84.32000000000001,16.6
Ta7Cu3O19,mp-28752,8.363505379,12.05831611,4.933793103448276,143.08,16.6
TaCu3S4,mp-10748,5.025571148,20.64475824,6.470000000000001,51.760000000000005,14.530000000000001
TaNO,mp-4165,10.89607431,10.71631596,5.533333333333333,16.6,16.6
TaTl3S4,mp-7562,6.565969587,29.1581294,7.572500000000001,60.580000000000005,14.530000000000001
TaTlS3,mp-10795,6.7182705,23.80353793,6.942000000000001,34.71,14.530000000000001
Tb(CuSe)3,mp-1217841,6.963066032,19.9791317,7.068571428571429,49.480000000000004,4.170000000000001
Tb(CuTe)3,mp-1217851,7.208168351,24.10198094,7.69,53.83,2.7200000000000006
Tb2(MoO4)3,mp-3114,4.417296002,17.63857084,2.7682352941176473,47.06,10.2
Tb2EuSe4,mp-646337,6.763508196,27.5556557,5.837142857142857,40.86,3.4400000000000004
Tb2O3,mp-1056,8.013812686,15.16148217,3.2920000000000003,16.46,8.23
Tb4Al2O9,mp-1200490,6.541877822,14.1072997,2.5546666666666664,38.32,8.23
Tb4GaSbS9,mp-1202576,5.542942251,22.28393747,4.276,64.14,6.16
TbWClO4,mp-1103802,5.715600438,18.35369876,3.932857142857143,27.53,19.3
TcS2,mp-9481,4.694071105,19.11796057,5.213333333333333,15.64,9.43
Te2Mo,mp-602,7.230668924,26.88002516,7.56,22.68,3.959999999999999
Te2Ru,mp-267,8.53132679,23.11482015,8.293333333333333,24.880000000000003,6.16
Te3As2,mp-484,5.771057634,30.65208834,6.036,30.18,0.5099999999999998
TeI,mp-569766,5.119597093,41.27420648,5.585,11.17,1.3100000000000005
TeI4,mp-570884,4.305102807,49.00250483,5.192,25.96,1.3100000000000005
TeO2,mp-8377,5.657354019,15.61507621,2.08,6.24,6.24
TePb,mp-19717,7.943355935,34.99455923,8.82,17.64,5.16
TePb3Cl4O3,mp-1196950,5.849961606,24.23113216,3.6763636363636363,40.440000000000005,11.4
TeSe,mp-1217322,5.345475456,32.08329665,5.515000000000001,11.030000000000001,1.4500000000000002
Th2Se5,mp-2392,8.264200973,24.653621,6.764285714285714,47.349999999999994,6.909999999999999
ThO2,mp-643,9.981284075,14.64218825,3.8999999999999995,11.7,11.7
ThSO,mp-8136,8.69217644,17.83677083,4.59,13.77,11.7
ThSeO,mp-7950,9.415368514,19.22360788,5.496666666666666,16.49,11.7
ThTeO,mp-3718,9.369622464,22.19088619,5.9799999999999995,17.939999999999998,11.7
Ti(Bi3O5)4,mp-23494,9.052858904,15.98383071,3.683030303030303,121.54,9.75
Ti6H2O13,mp-1191976,3.156810063,12.45435598,1.2971428571428572,27.240000000000002,4.54
TiCoSb,mp-5967,7.5570426,16.74081397,6.710000000000001,20.130000000000003,4.36
TiFe2Si,mp-866141,6.923222368,11.25154174,5.647500000000001,22.590000000000003,5.53
TiO2,mp-390,3.856139058,11.46399538,1.5133333333333332,4.54,4.54
TiS3,mp-9920,3.122852728,19.15080536,2.6875,10.75,2.47
TiTlPS5,mp-1542940,3.400311642,27.07584712,3.57625,28.61,10.08
Tl2BiP2S7,mp-559093,4.51390215,27.71762208,4.306666666666667,51.67999999999999,10.08
Tl2Cu2SnS4,mp-18240,6.129355431,23.56451284,6.3677777777777775,57.31,9.83
Tl2GeTe3,mp-29034,6.947759752,34.42473718,7.973333333333334,47.84,6.58
Tl2Hg3S4,mp-1188364,7.826202913,26.84736369,8.064444444444444,72.58,11.43
Tl2Hg3Se4,mp-1105692,8.363910944,29.25930725,9.273333333333333,83.46,8.71
Tl2Hg3Te4,mp-1190100,7.952895771,35.28518577,9.917777777777777,89.25999999999999,7.26
Tl2PAuS4,mp-9510,5.870987142,27.04522772,6.65,53.2,17.48
Tl2S,mp-667,7.990500577,30.5370144,8.623333333333333,25.87,9.83
Tl2Te3,mp-29711,7.558386525,34.78063099,8.504000000000001,42.519999999999996,5.66
Tl2TeBr6,mp-31076,5.568751622,33.65525843,5.417777777777777,48.76,8.780000000000001
Tl2TeI6,mp-31077,5.646120623,42.40938785,6.624444444444444,59.62,6.970000000000001
Tl2TeS3,mp-17172,5.701471747,30.70532474,6.041666666666667,36.25,9.83
Tl3AsSe3,mp-7684,7.297571446,30.06710837,7.9714285714285715,55.80000000000001,7.11
Tl3VS4,mp-5513,6.027814315,27.28456754,6.26125,50.09,9.83
Tl4CdI6,mp-570339,6.373296092,40.06186858,7.802727272727272,85.83,6.970000000000001
Tl4CuTeO6,mp-1191858,8.155925955,18.7425785,5.233333333333334,62.800000000000004,11.9
TlAsS2,mp-4988,5.264075448,27.08391406,5.442500000000001,21.770000000000003,9.83
TlAsSe2,mp-30236,6.058135249,29.96091196,6.8025,27.21,7.11
TlBiTe2,mp-27438,7.765457715,35.74084694,8.532499999999999,34.129999999999995,5.66
TlBr,mp-568949,6.905637603,34.18005657,7.51,15.02,8.780000000000001
TlCl,mp-571079,6.469049477,30.78176687,5.95,11.9,11.9
TlCr5S8,mp-541823,4.547170872,18.80377533,4.600714285714286,64.41,9.83
TlCuCl3,mp-1105457,4.966746229,25.02726395,4.172000000000001,20.86,11.9
TlGaS2,mp-4016,5.570099156,25.20846461,5.485,21.94,9.83
TlGaSe2,mp-17254,6.256269729,28.66710436,6.845000000000001,27.380000000000003,7.11
TlGaTe2,mp-3785,6.916599708,31.76899873,7.57,30.28,6
TlHg6S4Br5,mp-1204377,6.690046526,30.02885461,7.29875,116.78,11.43
TlHg6Se4Br5,mp-1202157,6.963926903,31.64337914,7.97875,127.66,10.379999999999999
TlInHgS3,mp-1190524,6.752903826,25.2451721,6.486666666666666,38.92,11.43
TlInS2,mp-20042,6.575468661,24.20118747,5.8375,23.35,9.83
TlInSe2,mp-22232,6.854806571,28.89500053,7.1975,28.79,7.11
TlInTe2,mp-22791,6.979255242,34.16610245,7.9225,31.69,5.66
TlN3,mp-870,5.822987526,17.56669021,2.975,11.9,11.9
TlS,mp-561066,6.501279131,30.19649145,6.985,13.97,9.83
TlSe,mp-1836,7.997060556,29.41722247,8.345,16.69,7.11
Tm(CuTe)3,mp-2514049,7.442324751,23.66269177,7.845714285714286,54.92,3.08
Tm2O3,mp-1767,9.150946298,14.0039418,3.728,18.64,9.32
UHg3(TeCl3)2,mp-567543,5.445825511,33.22904569,5.998333333333333,71.98,19
UHg4(AsCl3)2,mp-570252,5.382776447,33.29213363,6.4969230769230775,84.46000000000001,19
V2O5,mp-25279,3.437530506,12.55132115,1.7457142857142858,12.22,6.11
V2Pb4(Se2O7)3,mp-1203641,5.426534771,16.13872524,2.623030303030303,86.56,11.4
V2Zn3TeO10,mp-554700,4.232091488,14.36323471,2.490625,39.85,7.13
V3As2O9,mp-1216491,4.345672838,12.19111231,2.127857142857143,29.790000000000003,6.11
V3Bi(PbO4)3,mp-1216962,5.875469854,17.48387653,3.2778947368421054,62.28,11.4
VAg(IO4)2,mp-1198619,5.051185993,14.81022481,2.2058333333333335,26.47,10.5
VCu3S4,mp-3762,3.966135453,19.3555208,5.15875,41.27,6.890000000000001
VFeSb,mp-567636,7.969117301,15.87421281,6.886666666666667,20.66,1.75
VGa(TeO4)2,mp-1195697,4.936207297,14.12485784,2.0408333333333335,24.490000000000002,6.24
VO,mp-19184,5.318032743,10.45104318,3.055,6.11,6.11
VO2,mp-541404,4.067600255,11.28639326,2.0366666666666666,6.11,6.11
VZn2BiO6,mp-1105584,5.950271725,13.58332323,3.0120000000000005,30.12,9.75
WO3,mp-2383161,6.712705039,14.33760258,4.825,19.3,19.3
WSe2,mp-1821,8.655921754,21.8542422,9.626666666666667,28.880000000000003,14.510000000000002
Y(CuSe)3,mp-1216202,6.035351568,20.29807136,6.531428571428572,45.72,4.490000000000001
Y(CuTe)3,mp-1216225,6.544163963,24.0093495,7.152857142857143,50.07,4.490000000000001
Y2O3,mp-2652,5.026122833,14.92069227,1.788,8.94,4.47
Y2S3,mp-541289,3.805067246,23.91541597,3.03,15.149999999999999,2.4
Y3GaS6,mp-1189598,3.835477197,22.89529419,3.173,31.73,3.8300000000000005
Y6Zn(SiS7)2,mp-1216132,3.805279834,20.94470606,2.938695652173913,67.59,5.0600000000000005
YCuO2,mp-2918,5.001199948,15.3107011,3.3575,13.43,8.96
YMoClO4,mp-560118,3.75028934,17.98281675,2.095714285714285,14.669999999999998,10.2
YMoO4F,mp-555913,4.3567065,14.58381663,2.095714285714285,14.669999999999998,10.2
YN,mp-2114,5.821847705,14.67663862,2.235,4.47,4.47
YNiSb,mp-11520,7.046821291,21.15760374,6.686666666666667,20.060000000000002,4.430000000000001
YSbPd,mp-1207056,7.40343023,23.70673346,7.72,23.16,7.53
YSbPt,mp-4964,9.442610858,23.78450506,10.853333333333332,32.56,16.93
Zn(GaSe2)2,mp-15776,5.104347978,24.1988201,5.441428571428571,38.09,2.34
Zn(InS2)2,mp-674328,4.291947826,23.39645302,4.289999999999999,30.03,5.24
Zn(InSe2)2,mp-22607,5.28881257,27.40011228,5.844285714285714,40.91,2.5199999999999996
Zn(InTe2)2,mp-20832,5.552410893,34.41163833,6.672857142857143,46.71,1.0699999999999994
Zn2InCuSe4,mp-1215816,5.313536938,24.41578605,6.21125,49.69,4.170000000000001
Zn2InCuTe4,mp-1215701,5.611507583,30.31600486,6.93625,55.49,2.7200000000000006
Zn2MoSeO7,mp-1191333,4.329106643,14.5658875,2.659090909090909,29.25,10.2
Zn2TeMoO7,mp-1192126,4.742398328,14.8447847,2.790909090909091,30.7,10.2
Zn3(BO3)2,mp-557683,3.981291038,11.90003541,2.3699999999999997,26.07,7.13
Zn3(PS4)2,mp-30311,2.972209818,22.11952662,3.1992307692307693,41.59,5.31
Zn3As2,mp-680580,5.423547241,21.19141076,6.57,32.85,1.3999999999999995
Zn3P2,mp-2071,4.691224769,18.27705575,5.005999999999999,25.03,5.31
Zn6S5Cl2,mp-1215990,3.183939454,25.02109108,4.086923076923077,53.13,7.13
ZnAs,mp-7372,5.983306792,19.4728811,6.43,12.86,1.3999999999999995
ZnAs2,mp-7262,5.121352393,23.26434243,6.196666666666667,18.59,1.3999999999999995
ZnB12(H5O12)2,mp-1195627,2.241427856,9.28738898,0.7491489361702127,35.21,7.13
ZnCu2GeS4,mp-6408,4.443875004,18.37522795,4.83125,38.65,6.890000000000001
ZnCu2SiS4,mp-1189702,4.060762574,17.83141808,4.4575000000000005,35.660000000000004,6.890000000000001
ZnCu2SiSe4,mp-1232332,5.078185669,21.92606813,5.817500000000001,46.540000000000006,6.630000000000001
ZnCu2SiTe4,mp-1078498,5.713784559,26.55489605,6.5425,52.34,6.630000000000001
ZnGeN2,mp-2979,6.052679766,11.38971139,3.1125,12.45,7.13
ZnGeP2,mp-4524,4.179818738,19.86342364,4.0225,16.09,5.31
ZnHg3(SCl2)2,mp-1105779,4.98988694,29.05579922,5.177,51.77,13.5
ZnI2,mp-27161,4.378271017,40.3564069,5.663333333333332,16.99,2.2
ZnO,mp-2133,5.704217807,11.84928706,3.565,7.13,7.13
ZnS,mp-554820,4.141139565,19.54285559,4.6,9.2,5.0600000000000005
ZnSb,mp-753,6.346784758,24.48495171,6.91,13.82,0.4399999999999995
ZnSe,mp-1190,5.274845269,22.72392386,5.96,11.92,2.34
ZnSi(AgS2)2,mp-1189914,4.36453112,20.80609322,4.8425,38.74,8.43
ZnSiAs2,mp-3595,4.700003754,21.49316141,5.23,20.92,4.8
ZnSiP2,mp-4763,3.418565574,18.8761593,3.2750000000000004,13.100000000000001,5.31
ZnSnO3,mp-13334,6.556764827,11.75700788,2.888,14.44,7.31
ZnSnP2,mp-4175,4.52518183,22.57384849,4.52,18.08,5.489999999999999
ZnTe,mp-2176,5.616959252,28.52958071,6.6850000000000005,13.370000000000001,0.8899999999999997
ZrHg4(PCl3)2,mp-1200713,5.177212849,28.82340855,4.934615384615385,64.14999999999999,13.5
ZrO2,mp-2858,5.777331384,11.80569711,2.17,6.51,6.51
ZrS2,mp-1186,3.61866518,23.76303354,3.55,10.649999999999999,4.4399999999999995
ZrS3,mp-9921,3.608861479,21.55919347,3.1799999999999997,12.719999999999999,4.4399999999999995
ZrSe2,mp-2076,5.139046403,26.83463771,5.363333333333333,16.09,1.7199999999999998
ZrSe3,mp-1683,5.464371229,24.92645023,5.220000000000001,20.880000000000003,1.7199999999999998