,material_id,composition,band_gap
0,1329,DyIn3S6,1.22
2,2108,K2Ho4Cu4S9,2.43
3,3354,Pb0.9Mn0.1Te,0.49
4,3671,RbInSnS4,2.7
5,3401,PbGa2GeSe6,1.96
7,1805,Hg0.01Cd0.99Se,0.29
8,4589,VO2,0.466
9,2031,InSb0.2As0.8,0.12
10,1460,EuIn2S4,1.5
11,715,CdIn30Te46,1.17
13,3066,NaGe3P3,2.06
14,1033,CsDy9Cd4Se18,1.99
15,1822,Hg0.77Cd0.23Te,0.1649999999999999
16,2004,In4S5,0.9
17,377,BaGa2Se4,3.163
18,761,Ce2Sn3Se9,0.3
19,21,Ag2O,1.5324
20,1251,CuIn5S8,1.34
21,381,BaGa4S7,3.54
22,1023,CsCd4In5Se12,1.62
23,683,Cd4GdB3O10,3.8
24,566,Ca2Si,1.9
25,972,Cs2ZnGe3Se8,2.31
26,3555,Rb1.45Pb3.1Sb7.45Se15,0.45
28,3601,Rb3CdB5O10,2.34
29,3716,ReSe2,1.0699999999999998
30,3417,PbSe0.01S0.99,0.366
31,1064,CsLu7Se11,1.78
32,3911,SmB6,3.5
33,3434,PdO,0.8
34,83,AgInS2,1.9266666666666663
36,3424,PbTe,0.2788333333333333
37,3676,RbMoPO6,2.96
38,653,CaTe,4.1850000000000005
39,2151,K3Ta2AsSe11,1.45
40,611,CaB6,4.5
41,876,CoP3,0.45
42,85,AgInTe2,0.945
43,934,Cs2Cd3B16O28,4.76
44,1206,Cu3YbSe3,0.2
45,50,AgAlTe2,1.85
46,3259,OsP2,1.165
47,2661,LiH3Se2O6,4.9
48,143,AlN,6.1
49,3032,Na7Co2O6,0.495
51,2124,K2Sb8Se3,1.31
52,4629,Y6ZnSi2S14,2.38
53,1710,Ge0.838Si0.162,1.319
55,37,Ag4Ba6Sn4S16,2.37
56,1254,CuInS2,1.536333333333333
57,1833,Hg2Cu3Te6O16,2.56
58,3368,Pb2GeSe4O12,4.1
59,1495,EuTb2Se4,2.0
60,2042,InSb2Se4Br,1.35
61,746,Ce15B8N25,3.5
63,1654,GaVTe2O8,3.0
64,2212,KCuThS3,2.95
65,2348,LaB6,4.1
66,1966,In0.6As0.6Ga0.4P0.4,1.25
67,2482,Li2ZnGeSe4,1.86
68,78,AgIn5S8,1.76
69,252,Ba2ScTaO6,4.19
70,1000,Cs6.40Na1.60Ga8Ge38,0.221
71,2209,KCu3S2,1.459
72,735,CdSe,1.858412
74,476,Bi2AsO4Cl,3.43
75,3333,Pb0.995TeGa0.005,0.37
76,4109,Ta1.33Zr0.67O0.12N3.03,1.71
77,3728,RhSSe,0.7
79,634,CaMg2N2,3.25
80,3849,SiAs,1.5
81,2953,NH6PO4,6.805
82,512,Bi3F3I4O13,3.7
84,2540,Li4Cs3B7O14,6.53
85,2992,Na2Mo2Se2O11,3.1
86,3474,Pr2GeSe5,1.8
87,865,CoAs3,0.4
88,926,Cs2AgBiBr6,2.19
89,1319,DyB6,3.3
91,783,Ce4InSbSe9,1.69
92,2795,Mg2Ge,1.67
93,473,Bi25FeO39,2.8
94,577,Ca3B2N4,4.0
95,3574,Rb2CuNbS4,2.64
96,3759,SbI3,2.348
97,692,Cd5Ga2S2Te6,1.29
98,551,Ca10Ge16B6O51,5.47
99,1101,CsYTe3O8,3.4
100,101,AgSbTe2,0.4766666666666666
101,1302,Dy3GaS6,2.81
102,2177,K9Bi13S24,1.4
103,2242,KPSe6,2.16
104,2092,K2CuGa3Se6,1.72
105,3286,Pb0.75Sn0.25Te,0.04
106,2218,KGaSe2,2.6
107,408,BaReH9,3.44
108,3643,RbCaBO3,3.67
109,348,Ba8Sn4S15,2.31
111,4377,Tl4CuTeO6,2.2
112,213,Ba2GaBiSe5,2.21
113,3907,SmAs,1.03
114,3407,PbI2,2.534777777777778
115,3297,Pb0.85Sn0.15Se,0.135
116,1561,Ga0.58As0.58Zn0.42Se0.42,1.67
117,2279,La2BaTe5O14,3.81
118,2413,Li2B12Si2,2.27
119,1131,Cu0.5Pb1.75GeS4,1.48
120,1622,GaAs0.15Sb0.85,1.1
121,4409,TlHg6S4Br5,3.03
122,1611,Ga2Se3,2.07
123,4426,TlSbS2,1.69
124,4811,Zn2MoTeO7,4.1
125,3396,PbCdP4O12,4.859999999999999
126,1633,GaAs0.7Sb0.3,0.67
127,935,Cs2Cd3Te4,2.48
128,1050,CsInGeSe4,2.32
129,814,CeFMoO4,2.52
130,64,AgF,2.8
132,717,CdMoSb4O10,3.4
133,1358,Er2O3,5.42
134,2285,La2Ga2GeS8,2.78
135,303,Ba3V2Se4O16,2.87
137,4192,TbIn3S6,1.2
138,389,BaIn2S4,3.057
139,2292,La2MnNiO6,1.2999999999999998
140,2334,La4FeSb2S10,1.0
141,1626,GaAs0.3P0.7,2.16
143,2950,MoO3,3.6625
144,24,Ag2S,1.0325
145,285,Ba3La3Cu6O14,1.8
146,4375,Tl3VS4,1.81
147,4347,Tl2AuPS4,2.2
149,3266,OsSbSe,0.4
150,258,Ba2V2Te2O11,3.16
151,1540,FeSc2,0.77
152,2376,LaMg2PdH7,1.0
153,1570,Ga0.75P0.75Zn0.25Se0.25,2.18
155,3089,NaSbP2S6,2.21
156,676,Cd3BiP3O12,3.9
157,360,BaB2O4,6.4433333333333325
158,1124,Cu0.3Ga1.7S2.7,2.575
160,3483,Pr2Te4O11,3.65
161,1048,CsI,6.3566666666666665
162,2281,La2CoVO6,0.41
164,4421,TlPSe2,0.55
165,4339,TiTe2,1.0
166,1076,CsPbPO4,4.39
167,2965,Na2BaGeSe4,2.25
168,1648,GaSb,0.7782533333333334
169,3054,NaCd4P3,1.1
170,4,Ag0.4Cd0.5In2.2Te4,0.19
171,256,Ba2SnSe5,1.8
172,382,BaGa4Se7,2.64
173,693,Cd6P7,0.85
174,14,Ag2Ga2SiS6,2.35
176,4556,V2O4,0.66
177,3287,Pb0.77Sn0.23Te,0.044
178,1597,Ga1.005Sb0.995Te0.015,0.684
179,82,AgInO2,4.2
180,334,Ba5In4Te4S7,2.13
181,2114,K2Mo2Se2O11,3.3
182,3204,NdLuSe3,1.61
183,4335,TiS3,0.9
184,9,Ag2.7Ba6Sn4.3S16,1.48
185,3629,RbAg2SbS4,2.3
186,2067,K10Zn4Sn4S17,3.1500000000000004
187,53,AgAsTe2,0.8
188,97,AgS,1.1414285714285717
189,2226,KI,6.132777777777778
190,275,Ba3Dy2P4S16,3.28
191,522,Bi7F11O5,4.05
192,3651,RbCu2AsS3,1.96
193,500,Bi2Te1.2Se1.8,0.28
194,4352,Tl2GeTe3,0.365
196,3151,Nd2Se3,1.725
197,1643,GaGeTe,1.1
199,3466,Pr1.29Lu0.71S3,1.38
200,4154,Tb2O3,3.0
201,730,CdS0.8Se0.2,2.23
202,3372,Pb2Nb2Se4O15,2.79
203,3425,PbTe0.01Se0.99,0.256
204,3627,Rb8Ga8Si38,1.18
205,2676,LiInTe2,1.46
206,354,BaAl4Se7,3.4
207,939,Cs2Cu3DyTe4,1.38
208,3414,PbSbO2Br,2.67
209,1613,Ga2Te3O9,4.145
210,302,Ba3ThSe7,1.96
211,166,AsSI,2.05
212,940,Cs2CuNbSe4,2.19
213,191,Ba2AgInS4,2.32
214,3314,Pb0.94Se0.94Ge0.06Te0.06,0.28
216,1196,Cu3SmTe3,0.23
217,394,BaLa2In2S7,1.87
218,4787,Zn0.3S0.3Ga0.7P0.7,2.3
219,1403,Eu1.83Ta15O32,0.23
220,1425,Eu3Se4,0.58
221,1278,CuZn2InSe4,1.1
222,1965,In0.6Al0.4P,2.12
223,1249,CuIn3Se5,0.6
224,535,BiOCl,3.455
225,1167,Cu2Te,1.0725
226,3698,RbYbZnSe3,2.07
227,3444,PdTe2,1.8
228,29,Ag2ZnSiS4,3.28
229,2003,In4As5O12Br3,4.22
230,738,CdSnAs2,0.3633333333333333
231,1862,HgBrCl,3.4
232,3611,Rb3Ta2AsS11,2.21
233,415,BaSn2S5,2.35
234,4314,TiC0.9,0.3
235,3163,Nd3Te4,1.6
236,3178,NdAs,1.04
237,3358,Pb0.9Sn0.1Se,0.1233333333333333
238,957,Cs2PdP2Se6,1.6
240,1275,CuSmSe2,2.1
241,1562,Ga0.5Al0.5As,2.12
242,4385,TlAsS2,2.185
243,390,BaIn2Se4,2.625
244,705,CdGa2Se4,2.376666666666667
245,1637,GaAs0.99Sb0.01,0.7
246,3276,PSe,2.5
247,1588,Ga0.99Sb0.99Zn0.01Te0.01,0.72
248,2672,LiInS2,3.573333333333333
249,1483,EuSb2S4,1.2
250,712,CdIn2S4,2.3600000000000003
252,841,CeScO3,3.2
253,386,BaHgSe2,1.56
254,539,BiSBr,1.9
255,480,Bi2I4O13,3.3
256,1226,CuCd2InTe4,0.85
257,1835,Hg2I2Te2,1.85
258,1139,Cu1.8S,2.3
259,3731,RhSe3,0.7
260,1290,Dy2Mo3O12,1.92
261,3511,PrCuOS,3.03
263,1978,In0.99Al0.01P,1.3
264,1606,Ga2GeTe3,0.845
265,2134,K2ZnSn3S8,2.3333333333333335
266,2667,LiI,5.84
267,3758,Sb8O11I2,2.72
268,4032,Sr3Ti2O7,3.26
269,1820,Hg0.6Cd0.4Se,0.95
270,1421,Eu3P2,1.2
271,3855,SiP,2.0
272,4920,ZrNiSb,0.55
273,3443,PdSe2,0.4
274,1948,In0.01P0.01Ga0.99As0.99,1.43
275,276,Ba3Er2P4S16,3.3
276,3428,PbTe0.99Se0.01,0.297
277,3338,Pb0.999Sn0.001Te,0.235
278,3334,Pb0.995TeIn0.005,0.43
279,682,Cd4As2I3,2.095
281,2021,InP,1.368835
282,3898,Sm4GaSbS9,2.23
283,3263,OsS2,2.0
284,388,BaIn2P4O14,3.97
285,4436,TlTiPS5,1.3
286,74,AgGaTe2,1.1
287,3419,PbSe0.95S0.05,0.257
288,3514,PrF3,5.6
290,1733,GeS,1.690090909090909
291,3630,RbAg2TeS6,2.04
292,1891,Ho2O3,5.42
293,988,Cs4Ag9Sb4S12,2.0
294,1165,Cu2Ta11O30,2.59
296,1987,In2As2O5Cl2,4.62
297,2041,InSb2S4Cl,1.8
298,1424,Eu3Sb4Se9,1.08
299,1602,Ga1.05Sb0.95Se0.15,0.66
300,316,Ba4Ga4SnSe12,2.16
301,979,Cs3Bi2I9,1.85
302,461,Bi1.6Te3Sb0.4,0.161
303,1729,GeO2,5.576666666666667
304,2577,Li6Al2Te8O22,3.63
305,1449,EuDy2Se4,1.8
306,1379,ErBiW2O9,3.26
307,570,Ca2SnS4,2.32
309,3281,Pb0.65Se0.65Sn0.35Te0.35,0.09
310,1676,GdAs,0.63
312,2963,Na2B6O9F2,7.33
313,549,CBr4,3.7
315,2957,Na0.75Eu1.625GeSe4,2.0
316,1661,Gd2S3,2.55
317,2984,Na2Hg3Sn2S8,2.45
318,531,BiI3,1.9315714285714285
319,1878,HgSc,0.24
320,3959,Sn0.5GaZn3.5O6,2.99
321,2064,K10Mn4Sn4S17,2.3
322,229,Ba2In2S5,2.47
324,633,CaLa2S4,2.7
325,2034,InSb0.5As0.5,0.1
326,1010,CsAu,2.3
327,1809,Hg0.14Zn0.86Te,1.6949999999999998
328,993,Cs4Pb4Ge5S16,1.95
329,1812,Hg0.25Zn0.75Te,1.31
330,1890,Ho2Mo3O12,1.375
331,420,BaTe,3.4
333,1496,EuTe,2.007
334,1821,Hg0.72Cd0.28Te,0.21
335,2079,K2AuPS4,2.63
336,4328,TiNiSb,0.42
337,1181,Cu3DyTe3,0.34
338,2656,LiGaS2,3.8433333333333337
339,3725,RhAs2,1.15
340,4933,ZrSe2,2.0
341,1663,Gd2Te3,0.74
342,3626,Rb7Th2P6Se21,2.07
343,167,AsSb,1.6
344,662,CaZnOS,3.7
345,4004,Sr2Bi5.42La2.58S14,1.0
346,1457,EuH2,1.85
347,3579,Rb2Hg3Ge2S8,2.8
348,4743,YbIn3S6,1.31
349,105,AgTlSe2,0.72
351,3639,RbBiSe2,0.8466666666666667
352,3344,Pb0.99Se0.99Ge0.01Te0.01,0.23
353,594,Ca4Bi6O13,2.76
354,3540,PrTe1.9,1.0
355,1001,Cs6Na2Zn4Ge42,0.297
356,4826,Zn3V2TeO10,2.96
357,3348,Pb0.99Te0.99Ge0.01S0.01,0.32
358,1086,CsSmCdSe3,2.46
360,3992,SnS0.4Se0.6,1.0
361,1182,Cu3ErTe3,0.24
362,3567,Rb2CdP2Se6,2.58
363,472,Bi24VO41,3.25
364,262,Ba2ZnTe3,2.1
365,1861,HgBr2,3.59
366,1203,Cu3YSe3,0.88
367,2402,Li0.5Pb1.75GeS4,1.95
368,2842,MgGeN2,4.300000000000001
369,73,AgGaSiSe4,2.63
370,745,Ce10OSe14,1.93
371,1547,Ga0.01Sb0.01Zn0.99Te0.99,2.1
372,4644,YClMoO4,3.82
373,3440,PdS,0.5
374,3292,Pb0.85Ge0.15Te,0.36
375,969,Cs2TiAg2S4,2.44
376,3044,NaAsSe2,1.595
377,1619,GaAs0.01P0.99,2.23
378,929,Cs2Al2B2O7,4.13
379,3345,Pb0.99Se0.99Sn0.01Se0.01,0.31
380,4360,Tl2PrInSe4,0.93
381,1248,CuIn3S5,1.2
382,153,As2B12,1.51
383,2086,K2CdP2Se6,2.58
384,1130,Cu0.5In1.5Se2.5,1.24
385,1832,Hg2Cl2,3.3800000000000003
386,1106,CsZn2B3O7,5.69
387,938,Cs2Cu2Sb2S5,1.6
388,2052,IrP2,1.05
389,430,BaV2SeO8,2.13
391,2443,Li2In2GeSe6,2.3
392,4106,Ta0.67Zr1.33O0.42N2.61,1.93
393,2100,K2Gd2Ti3O10,3.3
394,1678,GdB66,1.27
395,1825,Hg0.7Cd0.3Te,0.31
396,2070,K2Ag3Sb3S7,2.2
397,1253,CuInGeSe4,1.3
398,3591,Rb2TeBr6,2.14
400,706,CdGeAs2,0.6588888888888889
402,2269,KZn4B3O9,2.32
403,1628,GaAs0.5P0.5,2.0
405,2245,KRbBi8Se13,0.64
406,3294,Pb0.85Se0.85Ge0.15Te0.15,0.32
407,1666,Gd2ZrS5,1.88
408,3631,RbAg5P2S8,2.4
410,3872,Sm2Mn3Sb4S12,1.5
411,1951,In0.2As0.2Ga0.8P0.8,2.15
412,2174,K8Ga8Si38,1.18
413,3833,Se0.5Te0.5,1.0
414,2213,KEuAsS4,1.89
415,4860,ZnSnO3,3.9
416,930,Cs2B4SiO9,6.53
417,2328,La3Sb0.33SiS7,1.92
418,327,Ba5CdGa6Se15,2.6
419,3290,Pb0.83Sn0.17Se,0.035
420,675,Cd3Bi2,0.2
421,3384,Pb4Sb6Se13,0.65
423,1345,DyTe1.40,0.6
424,3398,PbCoO3,0.28
428,1543,Ga0.01Al0.99P,2.49
429,3260,OsP4,0.5
430,3107,Nb2O5,3.08
431,255,Ba2SnSe4,1.9
432,740,CdSnP2,1.30625
433,4000,SnTe,0.33
434,1565,Ga0.5P0.5Zn0.5Se0.5,2.13
435,3305,Pb0.8Sn0.2Se,0.066
436,3285,Pb0.75Sn0.25Se,0.04
437,481,Bi2Mo2Se2O13,3.15
438,2622,LiBr,7.725
439,3023,Na3ZnB5O10,3.2
440,1627,GaAs0.4P0.6,2.1
441,1232,CuFeSe2,0.155
442,2135,K2ZnTe2,3.0
444,3735,RuAs2,0.8
445,4395,TlCr5S4Se4,0.85
446,4790,Zn0.55Hg0.45Se,0.8
447,345,Ba8Al10B12O41,3.1
448,2734,LiZnN,1.945
449,346,Ba8Ga10Si36,0.31
450,2981,Na2Hg3Ge2S8,2.68
451,471,Bi24BO39,2.91
452,293,Ba3P3O10Cl,6.89
453,402,BaO,4.8
454,4081,SrPb3Br8,3.2
455,190,Ba23Ga8Sb2S38,2.84
456,173,B12P2,3.3
457,1004,CsAg2TeS6,2.04
458,1829,Hg0.9Cd0.1Se,1.3733333333333333
459,981,Cs3Nb9Te4O32,3.22
461,1150,Cu2GeS3,0.53
462,2975,Na2EuGeSe4,2.0
463,1338,DyPO4,6.38
464,3504,PrBN2,4.0
465,2604,Li9Ga13Te21O66,4.45
466,2266,KV2I3O13,2.3
467,1659,Gd2Mo3O12,4.119999999999999
468,1706,Ge0.653Si0.347,1.914
469,4258,ThOS,2.22
470,362,BaB6,2.64
471,1730,GeP,0.95
472,521,Bi6Cu3S10I,0.72
473,4038,Sr5V3O12F,4.5
474,3636,RbBi3Se4Te,0.8
475,545,BiSeI,1.3
476,1087,CsSmHgSe3,2.374
477,742,CdTeO3,3.73
478,673,Cd2V2Te2O11,2.48
479,4831,ZnAs,0.9
480,1174,Cu2ZnSiTe4,1.47
482,764,Ce2YbCuS5,1.37
483,309,Ba4B11O20F,7.1
484,244,Ba2InYSe5,2.31
485,3320,Pb0.95Mn0.05Te,0.37
486,3620,Rb5BS4O16,3.99
488,287,Ba3MgTa2O9,4.28
489,1377,ErB6,3.5
492,3989,SnS,1.1967272727272726
493,318,Ba4Ge3Se9Cl2,1.89
497,2338,La4InSbSe9,1.76
498,1437,EuBiW2O9,3.63
499,727,CdS0.35Se0.65,1.93
500,584,Ca3La2Sn3S12,1.45
501,2214,KF,10.3
502,3845,Si30P16Te8,1.24
503,942,Cs2Ga2S5,3.26
504,1056,CsInTe2,2.16
505,3738,RuP2,0.9
506,3535,PrSb,0.66
507,3977,SnGa2GeS6,2.04
508,152,AlVTe2O8,2.9
509,1148,Cu2CdSnSe4,0.96
510,4389,TlBr,2.991275
511,4765,YbSb2Te4,0.34
512,3337,Pb0.999Se0.999Sn0.001Se0.001,0.2774999999999999
513,2313,La2YbCuSe5,1.15
514,3720,Rh0.67S2,1.5
515,2089,K2Cu2Sn2S6,1.47
516,3070,NaIn3S5,2.18
517,537,BiPO4,3.85
518,363,BaBiO2Cl,3.71
519,4030,Sr3Se3O8Cl,4.4
520,3136,NbSe2,1.4
522,3682,RbPbPO4,4.35
523,340,Ba6Sn6Se13,1.52
524,1994,In2S3,2.0
525,983,Cs3Sb2Br9,2.3
526,3279,Pb0.59Ge0.41Te,0.49
527,3533,PrO,0.55
528,596,Ca5B3O9F,6.53
530,3479,Pr2S3,2.64
531,1992,In2P3B1O12,5.39
532,1359,Er2Se3,1.66
533,299,Ba3Ta5O14N,2.8
534,4639,YB66,0.8
535,2584,Li6Ga2Te8O22,3.85
536,3652,RbCu2SbS3,1.67
537,4810,Zn2MoSeO7,4.2
539,696,CdAs2,1.0666666666666669
540,756,Ce2S3,1.12
541,1655,Gd1.05Sc0.95Se3,1.2
542,1166,Cu2Ta4O11,2.6500000000000004
543,3998,SnSe2,1.62
544,651,CaSnO3,4.4
545,3426,PbTe0.05Se0.95,0.262
546,1580,Ga0.95Sb0.95Hg0.05Te0.05,0.69
547,4551,UY4O3S5,1.95
548,2298,La2O2MnSe2,1.6
549,84,AgInSe2,1.1828571428571428
550,3157,Nd2ZrS5,1.83
551,4355,Tl2Hg3Te4,0.9
552,1201,Cu3TmTe3,0.14
553,3777,Sc2O3,6.1
554,3360,Pb10B3O13Br3,3.25
555,1545,Ga0.01P0.01Zn0.99Se0.99,2.6
556,162,AsBr3,2.6
558,1723,Ge40.0Te5.3I8,0.8
560,4412,TlInGeS4,2.3
561,1601,Ga1.02Sb0.98Te0.06,0.68
562,1112,Cu0.05Ga1.95S2.95,2.67
563,4401,TlCr5Se8,0.67
564,966,Cs2Te,3.5
565,3392,PbBiBO4,3.2
566,1014,CsBi3Se5,0.43
567,1816,Hg0.4Cd0.6Se,0.7
568,2049,Ir0.67Se2,0.45
569,1088,CsSmZnSe3,2.53
572,2860,MgSiN2,4.05
573,2066,K10Zn4Ge4S17,3.34
574,1990,In2GeTe3,0.69
576,2011,InAs,0.3967857142857142
577,536,BiOI,2.005
578,2483,Li2ZnSnS4,2.87
579,3560,Rb2AgVS4,1.83
580,684,Cd4LuB3O10,3.7
581,1347,DyTe1.7,0.35
582,2217,KFeCuTe2,1.06
583,2102,K2Ge4Se8,1.8
585,996,Cs4Zr3S14,2.35
586,1168,Cu2Te3O8,2.64
587,376,BaGa2S4,4.125
588,2192,KBaB5O9,3.65
589,677,Cd3In2S2Te4,1.23
590,4350,Tl2CeP2S7,2.4
591,936,Cs2CdP2Se6,2.63
592,181,BP,4.2
594,4851,ZnO,3.402809090909091
595,331,Ba5Ga6SnP12,1.21
596,3350,Pb0.99TeIn0.01,0.53
598,3034,Na8CsB21O36,4.67
600,978,Cs3Bi2Br9,2.5
601,15,Ag2GeS3,1.98
602,1552,Ga0.25Al0.75As,2.42
603,311,Ba4CuGa5Se12,1.45
604,1335,DyN,2.35
605,2193,KBaSbSe3,2.04
606,2132,K2TiCu2S4,2.04
607,1198,Cu3TaS4,3.0
608,508,Bi2Te3,0.25
609,1553,Ga0.28In0.72As,0.55
610,3307,Pb0.92Se0.92Sn0.08Te0.08,0.22
611,3069,NaI,6.074
612,1073,CsNbSe2O7,4.2
613,3373,Pb2O3,1.67
614,69,AgGaGeS4,3.0
615,3167,Nd4InSbSe9,1.57
616,1009,CsAsSe2,1.93
617,1703,Ge0.3Si0.7,1.0
618,2230,KInSe2,2.68
619,3834,Se0.6Te0.4,1.2
620,3349,Pb0.99TeGa0.01,0.42
621,221,Ba2GaNdSe5,2.18
622,690,Cd4V3Te3O15,2.66
623,259,Ba2V4Te3O18,2.64
624,3564,Rb2Cd3Se4,2.37
625,3075,NaInSnS4,2.4
626,1434,EuBi2Se4,1.02
627,3404,PbGa2SiSe6,2.17
628,2560,Li4SrB2O6,6.67
629,3653,RbCu2VS4,1.45
630,1544,Ga0.01As0.01Zn0.99Se0.99,2.59
631,785,Ce4Te7,0.5
633,3378,Pb3BiV3O12,2.5
634,367,BaCu2SnSe4,0.48
635,3045,NaB15,0.32
636,3080,NaLaS3,2.61
637,1699,Ge0.02Si0.98,1.08
639,971,Cs2ZnGe3S8,3.332
641,1036,CsF,10.0
642,3073,NaInS2,1.9
643,4237,Th2GeSe2,1.98
644,3578,Rb2GeB4O9,5.54
645,414,BaSi2,1.3
646,469,Bi14.7In11.3S38,1.45
648,3280,Pb0.61Ge0.39Te,0.56
650,2022,InP2S4,2.585
651,467,Bi12SiO20,3.225
652,1435,EuBi2Te4,0.44
653,2120,K2RbSb,1.2
654,627,CaI2,5.98
655,2956,Na0.5Pb1.75GeSe4,1.6
656,3539,PrTaN2O,2.0
657,1135,Cu0.99Ga1.01Se2.01,1.59
658,4357,Tl2InGaTe4,0.88
660,3363,Pb2B3O7.5H2,4.42
661,1031,CsCu2SbS3,1.63
662,806,CeBiW2O9,2.34
663,3438,PdPSe,0.15
664,2534,Li4.5Mn0.5TeO6,1.97
665,1137,Cu0.9Ga1.1Se2.1,1.593
666,1361,Er2Te3,0.9
667,352,BaAgSbS3,2.2
668,1120,Cu0.2In1.8Se2.8,1.26
669,711,CdIn,0.6
670,1489,EuSe,3.1
672,2143,K3Ga3Ge7Se20,2.23
673,1027,CsCeCdSe3,2.4
674,741,CdTe,1.5494375
675,3646,RbCd4Ga5Se12,2.19
676,925,Cs10Cd4Sn4S17,3.16
677,3688,RbScSe2O6,4.9
678,2027,InS,2.0125
679,1847,Hg4As2.5InBr3.5,1.71
680,3765,SbSeBr,1.855
681,3265,OsSbS,1.2
682,4557,V2O5,2.3916666666666666
683,1200,Cu3TbTe3,0.46
684,4380,Tl4Ta2S11,1.26
685,3991,SnS0.25Se0.75,0.965
686,709,CdIO3Cl,4.3
687,4057,SrCrO4,2.45
688,52,AgAsSe2,1.4
689,1598,Ga1.01Sb0.99Se0.03,0.62
690,3046,NaBa2Cu3S5,0.45
691,2414,Li2B4O7,7.3
692,4425,TlS2,1.8
693,4446,Tm2O3,4.53
694,2615,LiB3O5,7.843333333333334
695,197,Ba2BiInS5,1.55
696,1500,EuTm2Se4,1.8
697,3076,NaInTe2,1.6
698,945,Cs2Hg3S4,2.8
699,3975,SnBr2,3.45
702,515,Bi3Se2NO11,3.59
703,892,Cr2O3,3.4
704,272,Ba3CdSn2S8,2.75
705,3491,Pr4Te7,0.46
706,4102,SrZnSO,3.1
708,4423,TlPrSe2,1.18
709,1091,CsTb9Cd4Se18,1.95
710,2297,La2O2FeSe2,0.7
712,296,Ba3Sn0.87Bi2.13Se8,0.79
713,4153,Tb2Mo3O12,1.505
714,1877,HgS,2.1
715,963,Cs2Sn3Sb2S10,2.34
716,2653,LiGaO2,5.6
717,2191,KBaAsSe3,2.26
718,1651,GaTc,1.42
719,305,Ba3ZnTa2O9,4.32
720,1997,In2Se3,1.2
721,406,BaPrO3,2.0
722,1998,In2Te,0.46
723,3726,RhP2,1.0
724,3302,Pb0.8Se0.8Bi0.4Te0.6,0.22
725,3812,ScN,2.6
726,2776,LuP,1.3
727,365,BaCdSnS4,2.3
728,3321,Pb0.95Se0.95Ge0.05S0.05,0.29
729,3246,NiC2N2,2.0
730,1268,CuPbBiSe3,0.07
731,3678,RbNb3Te2O12,3.49
732,2265,KUO3Cl,2.37
733,4366,Tl2TeI6,1.485
734,3043,NaAsS2,2.28
735,3813,ScNiSb,0.11
736,89,AgNb2PS10,1.78
737,1155,Cu2In4Te7,1.1
738,4843,ZnGeP2,2.16
739,1129,Cu0.5Ga1.5Se2.5,1.76
740,2970,Na2CdGe2Se6,2.37
741,2976,Na2Ga2GeS6,3.29
742,4033,Sr4Te3O8Cl4,4.0
743,2396,LaTaN2O,2.0
744,2897,Mn3Ta2O8,1.89
745,3041,NaAlGeS4,3.6
746,1976,In0.97As0.97Cd0.03Te0.03,0.71
747,1134,Cu0.95In1.05Se2.05,1.07
748,3084,NaNb2PS10,1.72
749,2127,K2SmP2S7,2.59
750,1881,HgTe,0.1716666666666666
751,1197,Cu3Ta7O19,2.47
752,380,BaGa2SnSe6,1.775
753,3886,Sm2YbCuS5,1.28
754,1,Ag0.25Cd0.5In2.25Te4,0.39
755,2994,Na2PtI6O18,2.4
756,1635,GaAs0.8P0.2,1.62
757,1114,Cu0.15Ga1.85Se2.85,1.92
758,2268,KYTe2O6,3.8
759,1040,CsGaSnSe4,1.97
760,2142,K3Ga3Ge7S20,3.25
762,931,Cs2Ba3P4O14,6.31
763,1034,CsEr9Cd4Se18,2.09
765,1551,Ga0.1P0.1Zn0.9Se0.9,2.3
766,2069,K2.15Pb1.7Sb8.15Se15,0.6
767,460,Bi1.4Te3Sb0.6,0.167
768,1970,In0.8As0.8Ga0.2P0.2,0.85
769,3031,Na7.36Ga7.24Sn4.78Se24,1.5
770,2709,LiSbTe2,0.129
771,233,Ba2InDyTe5,1.35
772,3313,Pb0.93TeTl0.07,0.54
773,2597,Li8GeN4,2.61
774,4809,Zn2LiGaO4,4.0
775,3296,Pb0.85Se0.85Sn0.15Te0.15,0.18
776,8,Ag1.75InSb5.75Se11,0.94
777,3608,Rb3Sb2Br9,2.48
778,2713,LiSm3SiS7,2.83
779,186,Ba1.88Ta15O32,0.13
780,680,Cd3Sb2,0.3
781,3668,RbIn5S6,2.5
782,93,AgPbBiSe3,0.13
783,4079,SrO,5.734999999999999
784,1191,Cu3SbS4,0.85
785,2929,MnP4,0.28
786,1117,Cu0.1In1.9Se2.9,1.45
787,3619,Rb4Ti3S14,1.59
788,1859,Hg7InS6Cl5,2.54
789,336,Ba5V3O12F,3.85
791,3645,RbCd4Ga5S12,3.02
792,686,Cd4P2Cl3,2.205
793,3980,SnGe,0.6000000000000001
794,237,Ba2InGdTe5,1.36
795,2388,LaSb,0.8
796,1840,Hg3PS3,1.98
797,3880,Sm2Se3,2.3
798,3323,Pb0.95Sn0.05Se,0.12
799,1830,Hg2Br2,2.6
800,1647,GaS,2.5865153846153843
801,3659,RbGaSnSe4,1.88
802,3654,RbCu4AsS4,2.15
803,2136,K3B6O10Cl,6.89
804,1090,CsTa3Se2O12,3.88
805,542,BiSb0.15,0.022
806,2170,K6Nb2.97Ta1.03S25,2.01
807,1013,CsBi2,0.55
808,1969,In0.8Al0.2P,1.7
809,2306,La2S3,2.77
810,4542,UO2,2.18
811,1271,CuSbS2,1.39
812,518,Bi4PdSe4O12,2.06
813,3332,Pb0.98Te0.98Ge0.02S0.02,0.34
814,62,AgCd3PS6,2.56
815,4259,ThOSe,1.65
817,4859,ZnSnAs2,0.7033333333333333
818,2749,Lu2O3,5.5
819,3261,OsPS,1.4
820,1022,CsCd4Ga5Te12,1.67
821,1573,Ga0.85Al0.15As,1.6
822,1695,GdTe,1.3
823,2559,Li4Rb3B7O14,6.53
824,710,CdIO4H,4.35
825,1618,GaAs,1.4819399999999998
826,1673,Gd4GaSbS9,2.41
827,3746,RuSe2,1.0
828,4408,TlGaTe2,1.8
829,3412,PbSb2Se4,1.8
830,612,CaBi2O4,3.08
831,3712,ReO3,2.3
832,4361,Tl2S,1.0
834,323,Ba4Si3Se9Cl2,1.76
835,1827,Hg0.8Zn0.2Te,0.075
836,4856,ZnSiAs2,2.12
837,458,Bi0.4Te3Sb1.6,0.208
838,991,Cs4GeP4Se12,2.0
839,292,Ba3Nb2Se9,1.3
840,2093,K2CuIn3Se6,1.68
841,119,Al2S3,4.1
842,813,CeF3,4.85
843,1419,Eu3Bi4S9,1.18
844,2196,KBiCu2S3,1.29
845,928,Cs2AgVS4,1.77
846,77,AgIn3Te5,0.68
847,4456,Tm4Sb2Se11.68,1.22
848,2072,K2AgSnSe4,1.8
849,728,CdS0.55Se0.45,2.05
850,3964,Sn2S,0.8999999999999999
851,2163,K4Nb2S11,2.2433333333333336
852,1423,Eu3Sb4S9,1.2
853,3856,SiP2,1.89
854,4406,TlGaS2,3.4
855,1092,CsTbZnTe3,2.12
856,2084,K2Cd3Se4,2.36
857,1743,H2Ti6O13,3.4
859,4108,Ta0.67Zr1.33O1.89N1.63,2.48
860,2619,LiBi4Nb3O12,3.0
861,1293,Dy2S3,2.955
862,2296,La2NiVO6,0.45
863,19,Ag2MoI4O14,3.06
864,3985,SnO2,3.597
865,1043,CsGe5BO12,4.89
866,32,Ag3AsSe3,2.0884285714285715
867,2251,KSbSe2,1.47
869,4365,Tl2TeBr6,2.06
871,3087,NaSb,0.82
872,534,BiOBr,2.924
873,3435,PdP2,0.65
874,3640,RbBr,7.45
875,163,AsI3,2.4333333333333336
876,4001,Sr0.5TaO3,3.7
877,3067,NaH3Se2O6,4.9
878,243,Ba2InTaO6,4.17
879,4239,Th2Se5,0.37
880,927,Cs2AgBiCl6,2.77
881,1586,Ga0.99Sb0.99Cd0.01Te0.01,0.72
882,429,BaUSe3,1.0
883,3268,OsTe2,0.3
884,3670,RbInS2,3.3
885,2203,KCd4Ga5Se12,2.16
886,1590,Ga0.9Sb0.9Hg0.1Te0.1,0.65
887,4803,Zn0.99Hg0.01Se,2.6
888,2184,KAgAsS2,2.21
889,1624,GaAs0.2P0.8,2.2
890,4839,ZnGa2Se4,1.72
891,1417,Eu3As2,0.6
892,2799,Mg2Pb,0.097
893,1721,Ge2Sb2Te5,0.5
895,4801,Zn0.95S0.95Ga0.05P0.05,2.85
896,4394,TlCr5S3Se5,0.8
897,2050,Ir2Sn3Se3,0.43
898,3152,Nd2Sn3Se9,0.5
899,3609,Rb3Sb2I9,1.94
900,1016,CsBiSe2,1.07
901,918,CrO3,1.4
903,338,Ba6Ga2SnSe11,1.99
904,1556,Ga0.3As0.3Zn0.7Se0.7,1.93
905,3999,SnSi,0.59
906,4354,Tl2Hg3Se4,1.57
907,4041,Sr8.007Ge2.043Bi7.949Se24,0.74
908,2790,Mg2Co,0.66
909,3181,NdB6,4.9
910,2804,Mg2Sn,0.2723076923076923
911,2627,LiCa3As2H,1.4
912,91,AgP15,1.47
913,383,BaGe2,1.0
914,76,AgI,2.932183333333333
915,2015,InBi2S4Cl,1.5
916,3468,Pr2.48Tb0.52Ga1.67S7,2.61
917,47,AgAlO2,3.6
918,3365,Pb2BO4H,3.76
919,1571,Ga0.7Al0.3As,1.81
921,3252,NiO,4.0
922,3681,RbPSe6,2.18
923,1546,Ga0.01Sb0.01Cd0.99Te0.99,1.35
924,881,CoSb3,0.495
925,4370,Tl3CuNb2Se12,0.8
926,1242,CuGaO2,1.47
928,1494,EuSnTe2,0.6
929,490,Bi2SI2O11,3.74
930,754,Ce2O2FeSe2,0.64
931,3551,PtS,0.6066666666666667
932,585,Ca3N2,1.55
933,4097,SrTiO3,3.4124999999999996
934,4388,TlBiTe3,0.5
935,2090,K2Cu2Sn2Se6,1.04
937,567,Ca2SmTaO6,3.45
938,1475,EuO,1.119
939,3967,Sn3As2,0.47
941,3059,NaCeS3,2.15
942,3981,SnGeS3,2.23
943,312,Ba4CuInSe6,2.23
944,4842,ZnGeN2,3.05
945,3984,SnO,3.0
946,39,Ag7AsS6,1.0
947,923,Cs1.13Cd1.13Bi2.87Se6,1.0
948,4422,TlPTe,0.3
949,4862,ZnSnSb2,0.35
950,90,AgO,1.57
952,4857,ZnSiP2,2.07
953,3747,RuTe2,0.25
954,419,BaTaO2N,1.78
956,2173,K8Ce2I18O53,2.34
957,663,Cd0.01Te0.01Al0.99Sb0.99,2.21
958,1083,CsSbTe2,0.43
959,2222,KH3Se2O6,4.9366666666666665
960,3824,ScTiNbO6,3.58
961,330,Ba5Ga6GeP12,1.39
962,3405,PbGa4S7,3.08
963,744,Ce1.3Lu0.7S3,1.25
964,2314,La2ZrS5,2.01
965,2307,La2Se3,1.7733333333333334
966,1127,Cu0.4In1.6Se2.6,1.32
967,1996,In2Se2O7,2.97
968,1132,Cu0.7In1.3Se2.3,1.1
969,1485,EuSb4S7,0.98
970,3011,Na2ZnSn2S6,2.93
971,4651,YFMoO4,3.78
972,719,CdP2,2.1035
973,622,CaGd2S4,2.55
974,2983,Na2Hg3Si2S8,2.86
975,867,CoAsS,0.6
976,947,Cs2Hg5.75Cd0.25S7,1.66
977,4664,YNiSb,0.235
978,2318,La3CuGeSe7,2.0
979,3914,SmBiW2O9,3.39
980,317,Ba4Ge3S9Cl2,2.91
981,3755,Sb3O4I,2.61
982,3382,Pb4Ga5GeS12,2.35
984,2249,KSbS2,1.6900000000000002
985,465,Bi12PO20,3.25
986,2323,La3LuSe6,1.26
988,3145,Nd2HfS5,0.7
989,4257,ThO2,3.4
990,2530,Li4.5Al0.5TeO6,4.9
992,989,Cs4BiAs3Se7,1.02
993,4337,TiSe2,1.55
994,2587,Li6Mo6Se6O33,3.3
996,2162,K4In4P6Se20,2.2
997,2330,La3Te4,0.43
998,2416,Li2CdGe,0.99
999,1108,CsZn4In5Te12,1.61
1000,3374,Pb2SbS2I3,2.0
1001,2358,LaCuOTe,2.31
1002,2707,LiSbS2,1.36
1003,3993,SnS0.8Se0.2,1.05
1004,2620,LiBi4Ta3O12,3.5
1005,976,Cs3As,0.6
1006,59,AgBiSe2,0.34
1007,2286,La2Ge2Se7,1.08
1009,2621,LiBiS2,0.16
1011,2105,K2Hg3S2.69Se1.31,2.28
1012,459,Bi0.6Te3Sb1.4,0.197
1013,3366,Pb2Bi5.9La2.1S14,1.0
1014,1558,Ga0.4Al0.6As,2.3
1016,3394,PbBiO2Cl,2.45
1017,2125,K2Se,1.8
1018,2048,Ir0.67S2,2.0
1019,3328,Pb0.97Se0.97Ge0.03S0.03,0.28
1020,1118,Cu0.2Ga1.8S2.8,2.675
1021,2987,Na2In2SiS6,3.27
1022,1149,Cu2Ga4Te7,1.13
1023,1958,In0.4As0.4Ga0.6P0.6,1.85
1024,1307,Dy4S4Te3,1.43
1025,2060,K1.46Sn3.09Bi7.45Se15,0.39
1026,3079,NaLa2TaO6,4.5
1028,3736,RuAsS,1.2
1029,527,BiCuOS,1.07
1030,3882,Sm2Te3,0.7
1031,164,AsNMg3,1.332
1032,160,As4S4,2.4
1033,1482,EuSb2BO8,3.46
1034,4068,SrLa2S4,2.85
1035,421,BaTeMo2O9,3.12
1037,1414,Eu2Se3,1.02
1038,1295,Dy2Te3,0.69
1039,3273,P2Se5,2.2
1040,1078,CsRbP2Se8,2.41
1041,782,Ce4Ge3S12,2.3
1042,4825,Zn3Sb2,0.1766666666666666
1043,2103,K2Hg3Ge2S8,2.67
1044,3488,Pr4InSbSe9,1.89
1045,2137,K3Bi2I9,2.1
1046,1620,GaAs0.01Sb0.99,1.37
1047,2982,Na2Hg3S2.51Se1.49,2.03
1048,2058,K0.8Hg1.2Sn2S8,2.78
1049,3264,OsSb2,0.2366666666666666
1050,3331,Pb0.98Se0.98Bi0.04Te0.06,0.28
1051,51,AgAsS2,2.2
1052,3482,Pr2Te3,1.32
1054,1853,Hg4P2ZrCl6,3.22
1055,3408,PbMnIn2S5,1.45
1056,4461,TmAs,1.18
1057,4353,Tl2Hg3S4,2.05
1058,1081,CsSbS2O8,4.68
1060,1219,CuAlS2,3.5
1061,4050,SrB6,3.68
1062,3326,Pb0.96TeIn0.04,0.37
1063,2290,La2HfS5,0.7
1064,1981,In0.99P0.99Ga0.01As0.01,1.3
1065,1250,CuIn3Te5,1.1065
1066,1715,Ge0.9355Si0.0645,1.042
1067,987,Cs3W3PO13,3.27
1068,2578,Li6Fe2Te8O22,1.98
1069,1550,Ga0.1As0.1Zn0.9Se0.9,2.34
1070,774,Ce3MoO7,2.0
1072,489,Bi2S3,1.3199999999999998
1073,314,Ba4Ga2Se8,1.63
1074,3745,RuSbTe,0.5
1075,1029,CsCl,7.949999999999999
1076,3304,Pb0.8Se0.8Sn0.2Te0.2,0.14
1077,1834,Hg2I2,2.37
1078,514,Bi3In4S10,1.42
1079,3125,Nb6VSb3O25,3.2
1080,3385,Pb4V2Se6O21,3.37
1082,2043,InSe,1.254725
1083,2014,InBi2S4Br,1.5
1085,4852,ZnS,3.7042
1086,4603,WO3,2.8000000000000003
1087,3386,Pb6B2CrO12,1.8
1088,1707,Ge0.6Si0.4,0.9
1089,762,Ce2Te3,1.31
1090,1205,Cu3YbS3,1.56
1091,1660,Gd2O3,5.3
1092,4018,Sr2V3Se5O18,2.47
1093,3356,Pb0.9Se0.9Ge0.1S0.1,0.32
1094,2008,In6S7,0.8450000000000001
1095,3317,Pb0.94Sn0.06Te,0.28
1096,2921,MnI2,4.220000000000001
1098,1793,HfS2,2.9
1099,156,As2S5,2.48
1100,548,BiZn2VO6,2.4
1101,66,AgFeTe2,0.3675
1103,3581,Rb2HgP2Se6,2.32
1104,831,CeN,0.7
1105,509,Bi2V2Se4O16,2.2
1106,1470,EuN,1.25
1107,2076,K2Au2Sn2Se6,2.28
1108,1959,In0.4Ga0.6P,2.05
1110,284,Ba3InS4Cl,3.42
1111,2974,Na2CsSb,0.8
1112,1811,Hg0.1Zn0.9Te,1.785
1113,1549,Ga0.15As0.15Zn0.85Se0.85,2.25
1114,3649,RbCdB3O6,4.2
1115,1125,Cu0.3In1.7Se2.7,1.21
1116,4390,TlCl,3.4182
1118,1486,EuSb4Te7,0.54
1119,57,AgBiP2Se6,1.4
1120,3597,Rb3Al3Ge7S20,3.1
1121,668,Cd0.9Te0.9Al0.1Sb0.1,1.36
1122,1306,Dy4GaSbS9,2.58
1123,532,BiIO3F2,3.97
1124,457,Bi0.2Te3Sb1.8,0.28
1125,1985,In0.9P0.9Ga0.1As0.1,1.32
1126,2147,K3Nb2AsSe11,1.53
1127,497,Bi2Te0.4Se2.6,0.7
1129,1514,Fe2Te3,0.47
1130,2039,InSb0.9As0.1,0.27
1131,524,Bi9O7.5S6,1.27
1132,2238,KNb3Se2O12,3.46
1133,435,BaZnOS,3.9
1134,1631,GaAs0.75Sb0.25,0.65
1135,2095,K2CuNbSe4,2.14
1136,3390,Pb6Sb6Se17,0.8
1137,1145,Cu2CdGeS4,2.05
1139,1025,CsCdBO3,2.58
1140,1062,CsLiB6O10,6.89
1141,2445,Li2In2SiSe6,2.54
1142,3346,Pb0.99Sn0.01Se,0.2025
1144,3411,PbS,0.3620714285714285
1147,2703,LiPbB9O15,4.75
1148,3661,RbGeB3O7,5.58
1149,3722,Rh2S3,0.8
1150,2522,Li3ScN2,2.9
1151,2980,Na2GeIn2Se6,2.47
1152,1428,Eu7Ga6Sb8,0.6
1153,3983,SnI4,2.38
1154,1111,Cu0.01In1.99Se2.99,1.45
1155,49,AgAlSe2,2.55
1156,2951,MoSe2,1.6
1157,2299,La2O2ZnSe2,3.4
1158,4060,SrGe2,0.9
1159,1204,Cu3YTe3,0.72
1160,385,BaHgS2,1.93
1161,2009,In6Se7,0.63875
1162,3669,RbInGeS4,3.1
1164,3503,PrB6,4.9
1165,1954,In0.3As0.3Ga0.7P0.7,2.05
1166,254,Ba2SmTaO6,3.02
1167,155,As2S3,2.416333333333333
1168,1674,Gd6Ge2.5S14,2.2
1169,295,Ba3Sb2S7,2.4
1170,2221,KH2PO4,6.975
1171,3657,RbF,10.4
1172,3881,Sm2Sn3Se9,0.7
1173,3976,SnCl2,3.9
1174,220,Ba2GaGdTe5,1.12
1175,498,Bi2Te0.6Se2.4,0.28
1176,1011,CsB3GeO7,5.76
1178,1709,Ge0.7Si0.3,0.88
1179,3003,Na2Ti3O7,3.51
1180,674,Cd3As2,0.2695
1181,4846,ZnIn2S4,2.753
1182,483,Bi2O2CO3,3.42
1183,2148,K3SmAs2S8,2.2
1184,1704,Ge0.4Si0.6,0.94
1185,3750,Sb2S3,1.709
1186,475,Bi25TiO39,3.1
1187,2613,LiAsS2,1.6
1188,743,CdTlS2,1.5
1189,1719,Ge0.9Si0.1,0.8
1190,4722,YbAs,1.02
1191,2006,In4Te3,0.51
1192,1158,Cu2O,2.6133333333333333
1193,1865,HgGa2S4,2.815
1194,4415,TlInTe2,0.6666666666666666
1195,1100,CsYHgSe3,2.54
1196,2914,MnF2,9.9
1197,2200,KBiSiS4,2.25
1198,2797,Mg2GeSe4,2.02
1199,3284,Pb0.75Ge0.25Te,0.44
1200,405,BaPdSe6,2.15
1201,1957,In0.4Al0.6P,2.3
1202,2455,Li2MnGeS4,3.06
1203,4784,Zn0.01S0.01Ga0.99P0.99,2.25
1205,3599,Rb3Bi2Br9,2.62
1206,2,Ag0.2Cd0.75In2.1Te4,0.54
1207,2270,KZrPSe6,2.0
1208,3025,Na4MgSi2Se6,2.85
1210,506,Bi2Te2SO10,3.6
1211,2439,Li2HgGeS4,2.46
1212,2342,La6Sb4S3O12,2.6
1213,2938,MnSi,0.6
1214,1737,GeSe2O6,5.289999999999999
1215,729,CdS0.65Se0.35,2.13
1216,2618,LiBi3O4Cl2,3.35
1217,2182,KAg2SbS3,2.1
1218,1199,Cu3TbSe3,0.16
1219,3749,Sb2O3,3.255
1220,2077,K2Au2SnS4,2.75
1221,2339,La5Cu6.33O4S7,2.0
1222,3859,SiSn,0.59
1223,1255,CuInSe2,0.9517142857142856
1224,1260,CuN3,4.17
1225,2468,Li2PtO3,2.3
1226,1708,Ge0.774Si0.226,1.503
1227,375,BaGa2GeSe6,2.515
1228,4934,ZrSe3,1.45
1229,3587,Rb2PtI6O18,2.4
1230,2978,Na2GdP2O8,4.185
1231,1171,Cu2ZnGeSe4,1.63
1232,1079,CsSb,0.7050000000000001
1233,2248,KSb5S8,1.745
1234,1605,Ga1.1Sb0.9Te0.3,0.7
1235,328,Ba5Ga2Se8,2.51
1236,1869,HgIn2Te4,1.0933333333333333
1237,2198,KBiS2,0.8933333333333334
1238,4260,ThOTe,1.45
1239,88,AgN3,3.67
1241,3397,PbCl2,3.953333333333333
1242,1252,CuInCd2Te3,0.7
1243,58,AgBiS2,0.9
1244,4424,TlS,1.3650000000000002
1247,3638,RbBiS2,1.2733333333333334
1248,2374,LaInS2O,2.73
1249,225,Ba2GaSmTe5,1.04
1250,2986,Na2In2GeS6,3.17
1251,4025,Sr3EuP3O12,3.987
1252,3850,SiAs2,0.88
1253,4090,SrSeO4,4.75
1254,134,AlB12,2.14
1255,1587,Ga0.99Sb0.99Hg0.01Te0.01,0.72
1257,689,Cd4Sb3,1.25
1258,245,Ba2InYTe5,1.36
1259,3895,Sm3Te4,0.51
1260,2849,MgO,7.745
1261,1233,CuFeTe2,0.16
1262,43,Ag8GeS6,1.18
1263,2999,Na2Te,2.3
1265,4798,Zn0.85Hg0.15Se,1.8
1266,1735,GeSe,1.1827777777777777
1267,1396,ErSe2,1.07
1268,4026,Sr3GeSb2Se8,0.75
1270,1962,In0.5As0.5Ga0.5P0.5,1.55
1271,3288,Pb0.7Ge0.3Se,0.4
1272,2169,K6Nb1.07Ta2.93S22,1.88
1275,4785,Zn0.15Cd0.85Se,2.55
1276,579,Ca3BiP3O12,4.2
1277,341,Ba7AgGa5S15,2.6
1278,2062,K10Co4Sn4S17,1.5550000000000002
1279,4783,Zn0.01Cd0.99Se,2.45
1280,3310,Pb0.93Sn0.07Se,0.075
1282,4089,SrSe,4.42
1284,3371,Pb2N2SeO9,3.76
1285,1422,Eu3S4,1.7
1286,4023,Sr3BiP3O12,4.0
1287,4316,TiCoSb,0.95
1288,4015,Sr2SmTaO6,3.38
1289,3049,NaBiS2,0.41
1290,248,Ba2NdGaS5,2.12
1291,3481,Pr2Sr2PtO7.07,3.05
1292,1235,CuGa1.6In0.4S3.5,2.15
1293,4922,ZrO2,4.99
1294,1824,Hg0.7Cd0.3Se,1.1
1295,1121,Cu0.35Ga1.65S2.65,2.55
1296,492,Bi2SeI2O11,3.7
1297,240,Ba2InSbSe5,1.92
1298,652,CaTaO2N,2.4
1299,4737,YbGa2Se4,1.8
1300,3617,Rb4Mo5P2O22,3.51
1303,2885,Mn2P2Se6,2.5
1304,4376,Tl4CdI6,2.8
1305,2943,MnTe9,2.0
1306,4612,Y2O3,5.6
1307,1169,Cu2WSe4,1.65
1308,679,Cd3P2,0.5555
1309,3730,RhSe2,0.6
1310,650,CaSm2S4,2.05
1311,828,CeMn0.5OSe,2.01
1312,4334,TiS2,1.95
1313,1389,ErN,2.7
1314,436,BaZnSiSe4,2.71
1315,3316,Pb0.94Sn0.06Se,0.1766666666666666
1316,2171,K6Yb3P5S20,2.6
1317,3685,RbSbS2,2.063333333333333
1318,3837,SeS,1.9
1319,3376,Pb3B3O10N,3.64
1320,3979,SnGa4Se7,2.55
1321,1649,GaSe,2.0835961538461536
1322,3071,NaIn3Se5,2.17
1323,1880,HgSnO3,1.6
1324,3359,Pb0.9Sn0.1Te,0.16
1325,2685,LiMgBi,0.4
1326,2931,MnSb2O4,2.65
1327,3083,NaNO2,3.06
1328,1698,Ge0.001Si0.999,1.09
1329,3253,NiP2,0.51
1330,215,Ba2GaDySe5,2.35
1331,4789,Zn0.4Hg0.6Se,0.4599999999999999
1332,242,Ba2InSmTe5,1.36
1333,3605,Rb3NaMo2O8,4.84
1334,4410,TlHg6Se4Br5,2.8
1335,3932,SmIn3S6,1.18
1336,4853,ZnSb,1.0833333333333333
1337,2204,KCeSe4,1.54
1338,1277,CuYO2,3.5
1339,1133,Cu0.8Ga1.2Se2.2,1.58
1340,3395,PbBr2,3.31
1341,1262,CuNbO3,2.0
1342,2435,Li2Ga2GeS6,3.65
1343,266,Ba3B1.5S6Sb0.5,3.01
1344,250,Ba2Sb7O14H,2.7
1345,956,Cs2P2Se8,2.44
1346,193,Ba2B4O9H2,5.12
1347,4583,VFeSb,0.46
1348,2096,K2CuVS4,1.82
1349,3994,SnS0.99Se0.01,1.0950000000000002
1350,2310,La2Sr2PtO7.13,2.52
1351,2112,K2MnSn2Se6,2.0
1352,1126,Cu0.4Ga1.6S2.6,2.475
1353,235,Ba2InErTe5,1.35
1354,1681,GdH2NO5,4.84
1355,4378,Tl4GaIn3S8,2.63
1356,1988,In2Bi3Se7I,1.38
1358,2988,Na2In4SSe6,1.92
1359,441,Be3N2,3.8
1360,3606,Rb3Nb2AsSe11,1.5
1361,2107,K2HgP2Se6,2.25
1362,2614,LiAsSe2,1.2366666666666666
1363,3763,SbSBr,2.1999999999999997
1364,40,Ag7AsSe6,1.0
1365,1841,Hg3PS4,2.03
1366,1240,CuGaGeSe4,1.38
1367,2417,Li2CdGeS4,3.1
1368,3389,Pb6BBrO7,2.84
1369,1239,CuGa3Te5,1.092
1370,2128,K2Sn3Sb2S10,2.3
1371,2399,LaZnAsO,1.5
1372,2187,KAlGeS4,3.5
1373,1346,DyTe1.45,0.6
1375,1015,CsBiS2,1.4166666666666667
1376,2280,La2CoTiO6,1.02
1377,2138,K3CdB5O10,3.47
1378,2652,LiGaGe2Se6,2.64
1379,3592,Rb2TeI6,1.4
1380,1237,CuGa2Se4,0.63
1381,3689,RbTa3Te2O12,3.88
1382,753,Ce2GeSe5,1.7
1383,959,Cs2PtI6O18,2.4
1384,4797,Zn0.7S0.7Ga0.3P0.3,2.45
1388,4215,TcS2,1.0
1389,3650,RbCl,8.278
1390,1018,CsCaBO3,4.065
1391,4895,Zr6O,0.18
1392,374,BaGa2GeS6,3.245
1393,1677,GdB6,3.6
1395,4135,TaGaSe2,2.0585
1396,2030,InSb0.1As0.9,0.14
1397,4407,TlGaSe2,1.65
1398,4387,TlBiTe2,0.12
1399,17,Ag2GeTe3,0.16
1401,999,Cs5P5Se12,2.17
1402,279,Ba3FeS4Br,1.65
1403,3282,Pb0.6Ge0.4Te,0.51
1404,1560,Ga0.4As0.4Zn0.6Se0.6,1.8
1405,2945,MnVTe2O8,1.9
1406,967,Cs2TeBr6,2.12
1409,3779,Sc2S3,2.0
1410,4139,TaON,2.5999999999999996
1411,1462,EuIn2Te4,1.22
1413,2109,K2La2Sb2S9,2.2
1414,79,AgIn5Te8,0.47
1415,968,Cs2TeI6,1.5
1416,1879,HgSe,0.2416666666666667
1417,1632,GaAs0.7P0.3,1.8
1418,3092,NaSbTe2,0.47
1419,2259,KTbSe4,1.65
1420,4094,SrTaO2N,1.99
1421,410,BaS,3.89
1422,4356,Tl2InGaSe4,2.05
1423,1467,EuLu2Se4,1.7
1424,1263,CuNiC4N4,2.7
1425,1045,CsH3Se2O6,4.77
1426,1146,Cu2CdGeSe4,1.2
1427,1863,HgCl2,4.45
1428,2178,KAg11V4O16,2.0
1429,2966,Na2BaSnS4,3.27
1430,2005,In4Se3,0.645
1431,4404,TlCuCl3,2.98
1432,3291,Pb0.83Sn0.17Te,0.15
1433,3594,Rb2TiCu2S4,2.19
1434,3995,SnS2,2.43
1435,2047,InSnAsSe,0.26
1436,2589,Li6Rb5B11O22,6.53
1437,1585,Ga0.99P0.99Zn0.01Se0.01,2.24
1438,1107,CsZn4In5Se12,1.61
1439,2078,K2AuI5O15,2.65
1440,3966,Sn2WO5,2.597
1441,2481,Li2ZnGe,1.1
1442,1177,Cu3AsS4,1.36
1443,3889,Sm3Al0.33SiS7,2.26
1444,464,Bi12GeO20,3.25
1445,1236,CuGa2S3.5,2.42
1446,699,CdBiO2Cl,3.08
1447,2668,LiIO3,4.1850000000000005
1448,3945,SmSb,0.59
1449,491,Bi2Se3,0.375
1450,2872,Mn15Si26,0.701
1452,1223,CuBiP2Se6,1.2
1453,1576,Ga0.8In0.2As,1.07
1454,1272,CuSbSe2,1.05
1455,3422,PbSeO4,4.3
1456,2051,IrAs2,1.0
1457,300,Ba3Tb2P4S16,3.37
1458,4229,TeI4,1.1
1459,1842,Hg3S2Bi2Cl8,3.26
1460,214,Ba2GaBiTe5,1.43
1461,4396,TlCr5S5Se3,0.89
1463,3860,SiTe2,2.015
1464,1046,CsHgInS3,2.3
1465,281,Ba3GeS5,3.0
1466,3148,Nd2O3,4.4
1467,234,Ba2InErSe5,2.29
1468,1725,GeAs,1.37
1469,1180,Cu3DySe3,0.2
1472,3570,Rb2Cu2Sb2S5,1.6
1473,3565,Rb2Cd3Te4,2.3
1474,3325,Pb0.96TeGa0.04,0.37
1475,3556,Rb1.54Cd1.54Bi2.46S6,1.33
1476,2436,Li2GaGe2Se6,2.64
1477,3515,PrFMoO4,3.64
1478,1267,CuPbBiS3,0.12
1479,4216,TcSe2,0.88
1480,4628,Y4GaSbS9,2.06
1481,1581,Ga0.95Sb0.95Zn0.05Te0.05,0.85
1482,1608,Ga2O3,4.470000000000001
1483,369,BaCuSbSe3,1.6
1484,1109,CsZrPSe6,2.0
1485,1644,GaHSeO4,5.51
1486,1995,In2Se,0.7226666666666667
1487,1515,Fe2TiSi,0.4
1488,3391,Pb7Bi4Se13,0.29
1489,5,Ag0.5Eu1.75GeS4,2.14
1490,2371,LaIn3S6,1.03
1491,1243,CuGaS2,2.442857142857143
1492,3961,Sn0.5GaZn5.5O8,2.99
1493,507,Bi2Te2Se,0.3
1494,1858,Hg7.5As4Cl6,1.727
1495,1075,CsPSe6,1.9
1497,3956,SmTe,0.378
1498,3413,PbSbBS4,1.803
1499,2873,Mn2.04Gd1.47In0.49S5,1.75
1500,540,BiSCl,1.91
1501,1060,CsKP2Se8,2.36
1502,106,AgTlTe2,0.1
1503,1583,Ga0.99As0.99Zn0.01Se0.01,1.39
1504,2033,InSb0.4As0.6,0.1
1505,3298,Pb0.85Sn0.15Te,0.15125
1506,736,CdSiAs2,1.524
1507,3561,Rb2BaNb2Se11,1.53
1508,3900,Sm4InSbS9,2.13
1510,1828,Hg0.99Cd0.01Se,1.72
1511,2706,LiRbCO3,6.28
1512,4850,ZnMoSb2O7,3.3
1513,3051,NaBr,7.261666666666667
1514,1717,Ge0.97Si0.03,0.67
1515,1241,CuGaInS3.5,1.84
1516,4796,Zn0.75Hg0.25Se,1.4
1519,4428,TlSbTe3,0.38
1520,1701,Ge0.1Si0.9,1.04
1521,2081,K2Bi8Se13,0.53
1522,1138,Cu0.9In1.1Se2.1,1.06
1523,4386,TlAsSe2,1.375
1524,1593,Ga1.001Sb0.999Te0.003,0.72
1525,669,Cd12Ge17B8O58,4.29
1526,504,Bi2Te2.7Se0.3,0.206
1527,3846,Si3N4,5.1
1528,1026,CsCdInSe3,2.4
1531,3743,RuSb2,0.3
1532,2933,MnSb2Se4,0.31
1533,3549,PtP2,0.7
1534,1866,HgGa2Se4,1.95
1535,977,Cs3Bi,0.625
1536,1481,EuS,1.6616666666666664
1537,1712,Ge0.891Si0.109,1.126
1538,307,Ba4AgGa5S12,2.52
1540,3715,ReS2,1.143333333333333
1541,2391,LaSi2,0.19
1542,666,Cd0.95Te0.95Al0.05Sb0.05,1.37
1543,4076,SrNd2S4,2.45
1544,495,Bi2Te0.3Se2.7,0.24
1545,219,Ba2GaGdSe5,1.87
1546,1658,Gd2Mn4S7,1.44
1547,511,Bi38ZnO58,2.88
1548,1983,In0.9As0.9Cd0.1Te0.1,0.69
1549,2532,Li4.5Fe0.5TeO6,3.25
1551,2990,Na2KSb,1.05
1552,4418,TlN3,3.58
1555,1063,CsLu7S11,1.86
1556,2324,La3Mg0.5SnS14,1.71
1557,3576,Rb2CuVS4,1.85
1558,961,Cs2Sb,0.62
1560,2116,K2Nd2Ti3O10,3.25
1561,3596,Rb3Ag9P4S16,2.6
1562,2057,K0.6Cs0.4PSe6,2.1
1563,2548,Li4HgGe2S7,2.75
1564,1736,GeSe2,2.3812499999999996
1565,1453,EuGa2S4,2.25
1566,1871,HgO,2.347
1569,174,B2O3,4.895
1570,1170,Cu2ZnGeS4,2.1
1571,850,CeTaN2O,1.9
1572,1122,Cu0.35Ga1.65Se2.65,1.81
1573,4399,TlCr5S8,1.01
1574,4095,SrTe,3.75
1575,2927,MnO2,1.3
1576,1584,Ga0.99In0.01As,1.4
1579,949,Cs2HgI2Cl2,2.15
1580,3572,Rb2Cu2Sn2Se6,1.04
1581,1246,CuI,3.0264
1582,1136,Cu0.99In1.01Se2.01,1.08
1583,1629,GaAs0.65Sb0.35,0.68
1585,3309,Pb0.92Sn0.08Te,0.145
1586,452,BeSe,4.0
1587,4105,SrZrS3,0.9
1588,1599,Ga1.01Sb0.99Te0.03,0.68
1590,4340,TiTlS2,1.0
1591,265,Ba3B1.5S6Bi0.5,2.43
1592,720,CdP2S4,3.76
1593,3008,Na2Zn3Se4O12,4.9
1594,2243,KPbB5O9,3.1
1595,1061,CsLaHgSe3,2.485
1596,3732,Ru2Ge3,0.43
1597,3293,Pb0.85Se0.85Ge0.15S0.15,0.34
1598,1503,EuYb2Se4,1.3
1599,917,CrO2,0.23
1600,1810,Hg0.1Cd0.9Se,0.35
1601,4800,Zn0.8Hg0.2Se,1.4
1602,1662,Gd2Se3,2.2
1604,2131,K2TeI6,1.38
1605,1594,Ga1.002Sb0.998Se0.006,0.698
1606,3330,Pb0.97Sn0.03Te,0.255
1607,3566,Rb2CdBr2I2,3.35
1608,3423,PbSnS3,0.975
1609,31,Ag3AsS3,2.07225
1610,1977,In0.98As0.98Cd0.02Te0.02,0.73
1611,1612,Ga2Te3,1.4
1612,3863,Sm1.82Lu2.18Se6,1.51
1613,3091,NaSbSe2,1.3866666666666667
1615,2771,LuIn3S6,1.27
1616,3055,NaCdAsS3,2.93
1617,3614,Rb4Ag9Sb4S12,2.0
1618,3139,Nd1.33Lu0.67S3,1.5
1619,1210,Cu4Sn7S16,0.8
1620,23,Ag2PdO2,0.18
1621,1501,EuVO4,3.3499999999999996
1622,3406,PbGeS3,2.4
1623,1856,Hg6As4CdBr6,1.915
1624,1028,CsCeHgSe3,1.94
1625,1445,EuCu2SnS4,1.85
1626,3593,Rb2TiAg2S4,2.33
1627,2320,La3GaGe0.5S7,2.54
1628,1458,EuHo2Se4,1.8
1629,1578,Ga0.8Sb0.8Zn0.2Te0.2,1.15
1630,3342,Pb0.99Ge0.01Se,0.27
1631,1113,Cu0.05Ga1.95Se2.95,1.96
1632,4731,YbClWO4,4.23
1633,2319,La3FMo4O16,3.7
1634,3628,Rb9Bi13S24,1.3
1635,63,AgCl,5.13
1636,4681,YVSeO10,2.7
1637,2260,KTi2F7,6.4
1638,1415,Eu2SnSe5,1.07
1639,2227,KIO3,3.8575
1640,3347,Pb0.99Sn0.01Te,0.23
1641,484,Bi2O3,2.855
1642,2271,La1.86Tb1.14Ga1.67S7,2.67
1643,765,Ce2YbCuSe5,1.05
1644,121,Al2Te3,2.35
1645,2858,MgSe,5.743333333333333
1646,2094,K2CuNbS4,2.82
1647,4775,YbSnTe2,0.75
1648,2998,Na2Se,2.0
1649,516,Bi3TeBO9,2.6
1650,2733,LiZnBO3,3.1
1651,2165,K4Sn3Ce3S14,2.46
1652,1276,CuTlSe2,1.07
1654,3095,NaSmP2S6,2.54
1655,1151,Cu2GeSe3,0.975
1657,2073,K2AgVS4,1.85
1658,3353,Pb0.9Ge0.1Te,0.35
1659,503,Bi2Te2.4Se0.6,0.26
1660,409,BaRh2Ge4Se6,1.089
1661,3421,PbSe0.9S0.1,0.272
1663,411,BaSbBS4,2.34
1664,4762,YbS,1.135
1665,708,CdI2,3.8
1667,1535,FeP4,0.32
1668,2458,Li2MoTeO6,3.5
1669,1053,CsInSe2,2.81
1670,468,Bi12TiO20,3.09
1671,3441,PdS2,0.75
1672,731,CdS0.99Se0.01,2.4
1673,3015,Na3MoO4F,4.77
1674,87,AgLi0.33Ti0.67O2,2.7
1675,2088,K2CsSb,1.1
1676,3327,Pb0.96TeTl0.04,0.57
1677,3744,RuSbSe,0.9
1678,3697,RbYTe2O6,3.6
1679,1868,HgIn2Se4,0.6
1681,2359,LaF3,6.6
1682,3437,PdPS,1.39
1683,2340,La5In3S9O3,2.6
1684,3318,Pb0.95Ge0.05Se,0.28
1686,4228,TeI,1.1
1687,3436,PdPAs,0.45
1688,3093,NaScSe2O6,5.5
1689,98,AgSO4,0.18
1690,700,CdBr2,4.47
1692,3852,SiB3,2.0
1693,1968,In0.7P0.7Ga0.3As0.3,1.58
1694,2401,Li0.2Na0.8AsSe2,1.645
1695,3193,NdF3,6.15
1697,1116,Cu0.1Ga1.9S2.9,2.625
1698,1955,In0.3Ga0.7P,2.2
1699,1818,Hg0.63Cd0.37Te,0.35
1700,70,AgGaO2,2.2
1701,1815,Hg0.3Cd0.7Se,0.55
1702,4845,ZnI2,4.53
1703,1814,Hg0.2Zn0.8Te,1.43
1704,1609,Ga2S3,2.83
1705,3262,OsPSe,1.4
1706,4654,YH2NO5,4.83
1707,2952,MoTe2,1.1266666666666667
1708,964,Cs2SnP2Se6,2.06
1710,1572,Ga0.7In0.3As,1.0
1711,462,Bi1.8Te3Sb0.2,0.15
1712,1049,CsInGeS4,2.25
1713,1964,In0.5P0.5Ga0.5As0.5,1.75
1714,474,Bi25GaO39,2.99
1715,990,Cs4Cu3Bi9S17,0.75
1716,3274,PAs,0.23
1717,3616,Rb4GeP4Se12,2.0
1718,4778,YbTe,1.8
1719,3399,PbCrO4,2.25
1720,1231,CuFeS2,0.4866666666666666
1722,3766,SbSeI,1.72
1723,3301,Pb0.8Ge0.2Te,0.4
1724,1244,CuGaSe2,1.6133333333333333
1725,2971,Na2CdSnS4,2.52
1726,1160,Cu2P2S6,2.2
1727,2871,Mn11Si19,0.74
1728,2152,K3Ti2P5S18,1.61
1729,1085,CsScSe2O6,5.2
1730,3590,Rb2Te,4.5
1731,3155,Nd2YbCuS5,1.35
1732,4107,Ta0.67Zr1.33O1.38N1.97,2.31
1733,71,AgGaS2,2.655
1734,1795,HfSe2,2.2
1735,2160,K4GeSe4,0.64
1736,102,AgScO2,3.8
1737,2812,Mg3B50C8,2.7
1738,3336,Pb0.999Se0.999Bi0.002Te0.003,0.79
1739,4430,TlScSe2,0.79
1740,3010,Na2ZnGe2Se6,2.36
1741,230,Ba2In2Se5,2.12
1742,1846,Hg3ZnS2Cl4,2.65
1743,33,Ag3Ga3SiSe8,2.3
1744,2533,Li4.5Ga0.5TeO6,4.99
1745,4411,TlHgInS3,1.74
1746,2300,La2O3,5.4
1748,2497,Li3Cs2B5O10,7.3
1750,2087,K2CeP2O8,2.46
1751,3295,Pb0.85Se0.85Sn0.15Se0.15,0.22
1752,1178,Cu3AsSe4,0.765
1753,4841,ZnGeAs2,1.1033333333333333
1754,451,BeS,4.17
1756,1807,Hg0.06Zn0.94Te,2.075
1757,1044,CsGeI3,1.6
1758,278,Ba3EuP3O12,4.091
1759,1386,ErIn3S6,1.28
1760,2415,Li2B6,2.0
1761,1975,In0.96As0.96Cd0.04Te0.04,0.69
1762,2063,K10Fe4Sn4S17,2.2
1763,685,Cd4P2Br3,2.19
1764,554,Ca2CdAs2,0.95
1765,169,AsSeI,1.76
1766,3319,Pb0.95Ge0.05Te,0.34
1767,2239,KNb3Te2O12,3.52
1768,3033,Na8Al8Si38,0.64
1769,2101,K2Ge3B2O10,5.38
1770,4928,ZrS2,2.75
1771,1575,Ga0.8Al0.2P,2.3
1772,1984,In0.9As0.9Ga0.1P0.1,0.45
1773,4114,Ta2O5,4.2
1775,496,Bi2Te0.45Se2.55,0.2
1776,857,Co2Te3O8,3.6
1777,3679,RbNb4Br11,0.46
1778,3024,Na4MgGe2Se6,2.53
1779,3680,RbNbSe2O7,4.1
1781,1007,CsAgSb4S7,2.04
1782,3224,NdTe2,0.48
1783,147,AlP,2.796818181818182
1785,4832,ZnAs2,1.0266666666666666
1786,1238,CuGa3Se5,1.8166666666666669
1787,2742,Lu2CrS4,1.75
1788,218,Ba2GaErTe5,1.15
1790,1038,CsGaS3,3.0
1791,1567,Ga0.6Al0.4P,2.35
1792,241,Ba2InSmSe5,2.22
1793,4763,YbSb,1.0
1794,3100,NaYTe4O10,3.9
1795,3598,Rb3Al3Ge7Se20,2.4
1797,3887,Sm2ZrSe5,1.41
1798,4724,YbB66,1.27
1799,308,Ba4AgInSe6,2.41
1800,1582,Ga0.99Al0.01P,2.27
1801,922,CrTe2,0.17
1802,3768,SbTeI,1.265
1803,3580,Rb2Hg3Sn2S8,2.48
1804,3308,Pb0.92Sn0.08Se,0.059
1806,4806,Zn0.9S0.9Ga0.1P0.1,2.8
1807,2158,K4GeP4Se12,2.0
1808,3393,PbBiO2Br,2.385
1809,268,Ba3BSbSe6,1.89
1810,3380,Pb3Cl4TeO3,3.79
1811,2311,La2V2IO9,3.63
1812,3387,Pb6B2MoO12,2.9
1813,2432,Li2FeSnS4,1.86
1814,2159,K4GeS4,0.8
1815,1623,GaAs0.1P0.9,1.22
1817,2253,KScSe2O6,5.4
1818,1128,Cu0.5Ga1.5S2.5,2.4450000000000003
1819,2630,LiCdBO3,4.28
1820,448,BeO,10.39
1821,1110,Cu0.01Ga1.99Se2.99,1.99
1822,2065,K10Sn3P8Se24,1.82
1823,1705,Ge0.542Si0.458,2.238
1824,3559,Rb2AgPS4,2.6
1825,16,Ag2GeSe3,0.905
1826,3415,PbSbO2I,2.48
1827,2531,Li4.5Cr0.5TeO6,1.79
1828,2675,LiInSnS4,2.3
1829,1928,HoN,1.856666666666667
1830,950,Cs2MgGe3Se8,2.04
1831,3355,Pb0.9Se0.9Bi0.2Te0.3,0.25
1832,493,Bi2Te0.03Se2.97,0.27
1833,3963,Sn2BiSI5,1.32
1834,1849,Hg4As2HfCl6,2.47
1836,3153,Nd2Te3,1.12
1837,3997,SnSe,0.9916666666666668
1838,4367,Tl2TeS3,1.6
1839,2074,K2Al2B2O7,6.89
1840,149,AlSb,1.6518000000000002
1841,2099,K2Gd2Sb2Se9,1.33
1842,4805,Zn0.9Hg0.1Se,1.75
1843,1604,Ga1.1Sb0.9Se0.3,0.67
1844,1176,Cu2ZnSnTe4,1.39
1846,1511,Fe2O3,2.2
1847,1711,Ge0.88Si0.12,0.84
1848,108,Al0.74Gd3Si0.7S7,2.34
1849,391,BaIr2Ge4S6,1.539
1850,1039,CsGaSn2Se6,1.87
1851,4848,ZnIn2Te4,1.8733333333333333
1852,479,Bi2Cu0.96Se3I,0.68
1853,3835,Se2B2O7,4.64
1854,18,Ag2HgI4,2.47
1855,2164,K4P8Te4,1.4
1856,238,Ba2InNdSe5,2.2
1857,432,BaZn2As2,0.23
1858,2106,K2Hg3Sn2S8,2.45
1859,2231,KInSnS4,2.3
1860,2229,KInS2,3.0
1861,2955,Na0.5Pb1.75GeS4,2.08
1862,3607,Rb3Sb,1.0
1863,3409,PbN6,3.0
1865,688,Cd4Sb2I3,1.83
1866,1845,Hg3Te2UCl6,2.6
1867,687,Cd4P2I3,2.17
1868,412,BaSe,3.626666666666667
1869,3757,Sb5O7I,1.95
1871,550,CI4,2.26
1872,4382,Tl6CuTe2O10,2.3
1873,3420,PbSe0.99S0.01,0.255
1874,4414,TlInSe2,1.2063636363636363
1875,2247,KSb,0.9
1876,734,CdSc,1.714
1877,2698,LiMoIO6,2.8
1879,2035,InSb0.6As0.4,0.13
1880,494,Bi2Te0.1Se2.9,0.78
1881,2870,Mn1.95GdIn1.05S5,1.66
1882,3340,Pb0.999TeIn0.001,0.3
1883,2398,LaVI5O16,3.58
1884,602,Ca6Bi6O15,3.34
1886,2289,La2GeSe5,1.24
1887,4788,Zn0.43Cd0.57Se,2.8499999999999996
1888,587,Ca3Sb2,1.4
1889,1564,Ga0.5In0.5As,0.75
1890,2130,K2Te,1.9
1891,1234,CuGa0.4In1.6S3.5,1.55
1892,1577,Ga0.8Sb0.8Cd0.2Te0.2,0.8
1893,1082,CsSbSe2,1.7
1894,772,Ce3LuSe6,1.1
1895,26,Ag2SnSe3,0.7833333333333333
1896,3647,RbCd4Ga5Te12,1.64
1897,2126,K2Sm2Ti3O10,3.26
1898,236,Ba2InGdSe5,2.24
1899,3351,Pb0.99TeTl0.01,0.59
1900,3878,Sm2S3,2.98
1901,1960,In0.4P0.4Ga0.6As0.6,1.74
1902,4767,YbSe,1.5
1903,2028,InSb,0.2206315789473684
1904,3740,RuPAs,0.8
1905,995,Cs4Th2P6S18,2.8
1906,4661,YN,1.9
1907,1826,Hg0.8Cd0.2Se,1.1166666666666667
1908,366,BaClBF4,6.89
1909,4086,SrS,4.779999999999999
1911,28,Ag2VI3O11,2.16
1913,157,As2S6,2.35
1914,2904,MnAl3,0.58
1915,2926,MnO,3.6
1916,1982,In0.9Al0.1P,1.5
1917,3571,Rb2Cu2Sn2S6,1.44
1918,505,Bi2Te2.97Se0.03,0.1525
1919,2811,Mg3As2,2.4499999999999997
1920,280,Ba3Gd2P4S16,3.41
1921,932,Cs2Bi2Cd2S5,1.7
1922,1365,Er3Te4,0.9
1923,2208,KCu2SbS3,1.615
1924,2020,InN,2.13
1925,3090,NaSbS2,1.64
1926,2969,Na2CdGe2S6,2.8899999999999997
1927,1279,CuZn2InTe4,1.05
1928,3912,SmB66,0.8
1929,3615,Rb4Ge3B6O17,5.42
1930,2244,KPbPO4,4.44
1932,4231,TeO2,3.0
1933,337,Ba6Al4B14O33,3.44
1934,3322,Pb0.95Se0.95Sn0.05Se0.05,0.205
1935,541,BiSI,1.5933333333333335
1936,4431,TlScTe2,0.85
1937,1357,Er2Mo3O12,1.0
1938,2317,La3CuGaSe7,1.36
1939,899,Cr3Se4,1.59
1940,4329,TiO2,3.3
1941,4766,YbSb4Te7,0.22
1942,707,CdGeP2,1.7266666666666666
1943,3,Ag0.4Cd0.2In2.4Te4,0.42
1944,2189,KAu5PS8,2.14
1946,1193,Cu3ScSe3,0.3
1947,1634,GaAs0.86Sb0.14,0.66
1948,1280,CuZr1.86S4,1.26
1949,4363,Tl2SeAs2Te3,0.67
1950,1528,FeAsSe,0.6
1951,25,Ag2SnS3,1.3533333333333335
1952,4604,WSe2,1.465
1953,2480,Li2WTeO6,4.0
1954,1808,Hg0.08Zn0.92Te,1.9
1955,1536,FePS,0.25
1956,752,Ce2Ge2Se7,1.1
1957,703,CdF2,6.0
1958,1889,Ho2HfS5,1.0
1959,4682,YVTeO10,2.2
1960,3065,NaGaGe3Se8,2.35
1961,3370,Pb2MnO4,1.5
1962,4791,Zn0.55S0.55Ga0.45P0.45,2.3499999999999996
1963,1188,Cu3NbSe4,2.45
1964,1855,Hg6.5As4CdCl6,1.955
1965,678,Cd3MoTe2O10,3.81
1967,3674,RbMn4In5Se12,1.76
1968,3982,SnI2,2.4
1969,3255,NiS2,0.64
1971,544,BiSeBr,1.6666666666666667
1972,1640,GaBi,0.1
1974,694,Cd8B5O15F,3.14
1975,4709,Yb4Sb2S11.25,1.71
1976,2188,KAsSe2,1.625
1977,1484,EuSb2Se4,0.95
1978,1222,CuBS2,3.61
1979,3569,Rb2CsSb,1.5
1980,2098,K2FeGe3Se8,1.95
1981,4166,Tb4Al2O9,4.59
1982,359,BaAuI5O15,2.32
1983,4823,Zn3P2,1.1749999999999998
1984,2337,La4InSbS9,2.07
1985,943,Cs2Ga2Se5,1.95
