,ae,exp,mp
MnF2,7.3637,9.9,2.5363
RbF,4.8756,10.4,5.5244
CsF,4.7374,10.0,5.2626
GeO2,4.360966666666667,5.576666666666667,1.2157
KF,4.3506,10.3,5.949400000000001
NaF,4.296,10.5,6.204
MgF2,4.276,11.1,6.824
AgCl,4.1777999999999995,5.13,0.9522000000000002
InAgO2,3.9653,4.2,0.2347000000000001
Ta2O5,3.9363,4.2,0.2637
Sr2Be2B2O7,3.9201999999999995,8.0,4.0798000000000005
NaCl,3.4962999999999997,8.5,5.0037
KCl,3.473,8.5,5.027
RbCl,3.4392000000000005,8.278,4.8388
CaO,3.3738999999999986,7.004,3.630100000000001
Ni2Te3O8,3.3324,3.84,0.5076
MgO,3.3158000000000003,7.745,4.4292
KBr,3.2775999999999996,7.6,4.3224
RbBr,3.258,7.45,4.192
CaS,3.211433333333334,5.593333333333334,2.3819
NaBr,3.1738333333333326,7.263333333333333,4.0895
MgSe,3.1668333333333334,5.743333333333333,2.5765
CdF2,3.1022999999999996,6.0,2.8977000000000004
LiCl,3.08,9.33,6.25
MnI2,3.049200000000001,4.220000000000001,1.1707999999999998
LiF,2.9838999999999984,11.7,8.7161
CsCl,2.9616,7.949999999999999,4.9883999999999995
BP,2.956500000000001,4.2,1.2434999999999992
SnO2,2.9480999999999997,3.6,0.6519000000000004
BeO,2.9261,10.39,7.463900000000001
CaSe,2.8622,4.9350000000000005,2.0728000000000004
CaF2,2.8443000000000005,9.96,7.1157
ZnSnO3,2.8190000000000004,3.9,1.0809999999999995
LiBr,2.789999999999999,7.725,4.9350000000000005
Cs2Li3(BO2)5,2.7645999999999997,7.3,4.5354
CsBr,2.7508,6.99,4.2392
Ca10Ge16(B2O17)3,2.7436,5.47,2.7264
BaSnO3,2.7276000000000002,3.1,0.3723999999999998
BaO,2.7094,4.8,2.0906
CuCl,2.6995285714285715,3.2564285714285717,0.5569000000000002
ZnO,2.680481818181818,3.4031818181818183,0.7227
EuAl2O4,2.6408000000000005,2.74,0.0991999999999997
CuN3,2.6317,4.17,1.5383
CaTe,2.6315000000000004,4.1850000000000005,1.5535
Rb2Te,2.6234,4.5,1.8766
ZnHg3(SCl2)2,2.6108,2.65,0.0392
ErN,2.5757000000000003,2.7,0.1242999999999998
TlCuCl3,2.5656999999999996,2.98,0.4143000000000001
BaF2,2.5396,9.1425,6.6029
CuBr,2.51165,2.99875,0.4870999999999998
NaI,2.505299999999999,6.074,3.5687000000000006
CsI,2.5010666666666665,6.3566666666666665,3.8556
CuHg(SeO3)2,2.4909,3.25,0.7590999999999999
Ga2O3,2.462200000000001,4.470000000000001,2.0077999999999996
SrO,2.4601999999999995,5.734999999999999,3.2748
CeMoO4F,2.4184999999999994,2.52,0.1015000000000005
RbI,2.4084999999999996,6.185,3.7765
LiGaO2,2.4018999999999995,5.6,3.1981
UHg3(TeCl3)2,2.4002,2.6,0.1998000000000002
Rb5Li6(BO2)11,2.3817000000000004,6.53,4.1483
CsCeCdSe3,2.3816,2.4,0.0183999999999997
SrSnO3,2.3634999999999997,4.1,1.7365
Dy2S3,2.3612,2.955,0.5937999999999999
Gd2O3,2.3588999999999993,5.3,2.9411000000000005
Cu3Hg2(Te3O8)2,2.3448,2.56,0.2151999999999998
Na2Be4B4O11,2.316699999999999,7.3,4.983300000000001
DyN,2.3069000000000006,2.35,0.0430999999999994
K2Al2B2O7,2.2950999999999997,6.89,4.5949
Ca5B3O9F,2.2931999999999997,6.53,4.236800000000001
MnO,2.289500000000001,3.6,1.310499999999999
SrS,2.2829999999999995,4.779999999999999,2.497
KI,2.2820333333333336,6.133333333333334,3.8513
Sc2O3,2.2764999999999995,6.1,3.8235
Sm2S3,2.2359,2.98,0.7441
CdCl2,2.2256,5.75,3.5244
Ho2(MoO4)3,2.2001,1.375,3.5751
CeBiW2O9,2.1923000000000004,2.34,0.1476999999999995
AlAgO2,2.1909000000000005,3.6,1.4090999999999996
SrSe,2.1887,4.42,2.2313
CsZn2B3O7,2.1769000000000003,5.69,3.5131
CeTl2P2S7,2.1671,2.4,0.2328999999999998
LiCdBO3,2.1644000000000005,4.28,2.1155999999999997
CsB3O5,2.1159999999999997,7.42,5.304
Cu2O,2.1006333333333336,2.6133333333333333,0.5126999999999997
AgN3,2.0986000000000002,3.67,1.5714
CaI2,2.0829000000000004,5.98,3.8971
Eu(GaSe2)2,2.0764000000000005,2.16,0.0835999999999996
CaSnO3,2.0699000000000005,4.4,2.3301
Tb2(MoO4)3,2.0613,1.505,3.5663
AlN,2.0532999999999992,6.1,4.0467
Mg2Si,2.052,2.27,0.2179999999999999
CdSnO3,2.0238,3.0,0.9762
Gd2S3,2.0233,2.55,0.5267
Eu(GaS2)2,2.0157,2.25,0.2343000000000001
Cs3Li4(BO2)7,2.0083,6.53,4.5217
Ba3Gd2(PS4)4,2.0056000000000003,3.41,1.4044
PrF3,1.9968000000000004,5.6,7.5968
SrTe,1.9884,3.75,1.7616
Sm2Se3,1.9263,2.3,0.3736999999999999
Ba(BO2)2,1.9209333333333332,6.4433333333333325,4.522399999999999
Ce10Se14O,1.9207000000000003,1.93,0.0092999999999996
K4GeS4,1.9132999999999998,0.8,2.7133
LiB3,1.9081000000000001,2.0,0.0918999999999998
HgBr2,1.9072999999999998,3.59,1.6827
PrBN2,1.8937999999999997,4.0,2.1062000000000003
Nd2S3,1.8904,2.65,0.7595999999999998
In2O3,1.8711000000000002,2.8,0.9288999999999996
CuBS2,1.8675000000000004,3.61,1.7424999999999995
Pr2S3,1.8624999999999998,2.64,0.7775000000000003
BSb,1.8493999999999997,2.6,0.7506000000000004
TlInS2,1.8426999999999998,2.3175,0.4748000000000001
K2FeGe3Se8,1.8368,1.95,0.1131999999999999
Na2EuGeSe4,1.8249,2.0,0.1751
AlCuS2,1.8243999999999998,3.5,1.6756000000000002
TlN3,1.8216,3.58,1.7584
BaTe,1.807,3.4,1.593
Tb2EuSe4,1.8066999999999998,2.0,0.1933000000000002
AgBr,1.7896,2.52,0.7303999999999999
Cs3Nb9(TeO8)4,1.7864,3.22,1.4336000000000002
HfS3,1.7840666666666665,2.9166666666666665,1.1326
NaInSe2,1.7808000000000002,2.8,1.0191999999999997
KAg2PS4,1.7759,3.02,1.2441
ZnCu2SiSe4,1.7751000000000001,2.33,0.5549
KLiCO3,1.7705000000000002,6.32,4.5495
HoN,1.769166666666667,1.856666666666667,0.0874999999999999
MoO3,1.7527000000000001,3.6625,1.9098
Gd2Se3,1.751,2.2,0.4490000000000003
YN,1.7489999999999992,1.9,0.1510000000000007
Ba3P3ClO10,1.7435,6.89,5.1465
BaS,1.7412,3.89,2.1488
GaCuS2,1.7372571428571426,2.442857142857143,0.7056000000000004
La2S3,1.7342,2.77,1.0358
ZnCu2GeS4,1.7306000000000004,2.1,0.3693999999999997
Tl4CuTeO6,1.7302000000000008,2.2,0.4697999999999993
Cs2Te,1.7259999999999998,3.5,1.7740000000000002
Cs2SiB4O9,1.7179000000000002,6.53,4.8121
GaN,1.7141250000000001,3.440625,1.7264999999999997
ZrS2,1.7082,2.75,1.0418
AlCuSe2,1.7078000000000002,2.6,0.8921999999999999
MgCu2GeS4,1.7074999999999991,2.36,0.6525000000000007
NiO,1.6991000000000005,4.0,2.3008999999999995
Rb2GeB4O9,1.6951,5.54,3.8449
GaAgS2,1.6938,2.656,0.9622000000000002
Eu(HoSe2)2,1.6857999999999997,1.8,0.1142000000000003
ZnS,1.6845000000000003,3.704,2.0195
RbAg2SbS4,1.6822,2.3,0.6177999999999999
CsLi(B3O5)2,1.6818999999999997,6.89,5.2081
BaSe,1.6778666666666668,3.626666666666667,1.9488
HfS2,1.6763,2.9,1.2237
ScAgO2,1.6735999999999995,3.8,2.1264000000000003
ZrSe2,1.6703999999999999,2.0,0.3296000000000001
HfSe2,1.6658,2.2,0.5342000000000002
MgGeN2,1.6642000000000006,4.300000000000001,2.6358
BaZnSO,1.6633,3.9,2.2367
CdCu2GeS4,1.6615000000000002,2.05,0.3884999999999996
Dy2(MoO4)3,1.6610999999999998,1.92,3.5810999999999997
NaSc(SeO3)2,1.6587,5.5,3.8413
In5AgS8,1.6565000000000005,1.76,0.1034999999999994
In2HgS4,1.6532999999999998,2.0,0.3467000000000002
Eu(DySe2)2,1.6342999999999999,1.8,0.1657000000000001
Li2B4O7,1.6319999999999997,7.3,5.668
KAg2SbS4,1.6304000000000003,2.2,0.5695999999999999
ZnI2,1.6223999999999998,4.53,2.9076000000000004
GaAgO2,1.6167000000000002,2.2,0.5832999999999999
CdBr2,1.6148999999999996,4.47,2.8551
TlGaS2,1.6115,3.4,1.7885
ZnSe,1.6080750000000001,2.774375,1.1663
Eu(TmSe2)2,1.6057,1.8,0.1943000000000001
KSm2CuS4,1.6007999999999996,2.17,0.5692000000000004
ZnSi(AgS2)2,1.5940999999999992,3.28,1.6859000000000006
Cs2Ba3(P2O7)2,1.5850999999999997,6.31,4.7249
HgCl2,1.5814000000000004,4.45,2.8686
Ca3Ti2(SiO4)3,1.5806999999999998,1.65,0.0693000000000001
La2O3,1.5752000000000002,5.4,3.8248
UHg4(AsCl3)2,1.5736999999999999,1.9,0.3263
GaCuSe2,1.5735333333333332,1.6133333333333333,0.0398
LiIn(IO3)4,1.5712999999999995,4.27,2.6987
SrTiO3,1.5636999999999996,3.4124999999999996,1.8488
Ge(SeO3)2,1.561999999999999,5.289999999999999,3.728
K2Ho4Cu4S9,1.5612999999999997,2.43,0.8687000000000005
Eu(LuSe2)2,1.5571999999999997,1.7,0.1428000000000002
AgI,1.5557666666666663,2.931666666666666,1.3759
InAgS2,1.5493666666666663,1.9266666666666663,0.3772999999999999
CeO2,1.5453000000000001,3.41,1.8647
KP(HO2)2,1.5424999999999995,6.975,5.4325
ZnCu2SiS4,1.5399999999999996,3.15,1.6100000000000003
HfO2,1.5335,5.55,4.0165
Ca3(BN2)2,1.5285999999999995,4.0,2.4714000000000005
MgCu2SiS4,1.5269000000000004,3.2,1.6730999999999998
K3B6ClO10,1.5171000000000001,6.89,5.3729
Li2Ga2GeS6,1.5160999999999998,3.65,2.1339
Ag2GeS3,1.5153999999999996,1.98,0.4646000000000003
Rb3Zn(BO2)5,1.5152,2.66,4.1752
K2Ge3(BO5)2,1.5116999999999998,5.38,3.8683
Eu(ErSe2)2,1.5041999999999998,1.7,0.1958000000000002
Y2O3,1.502699999999999,5.6,4.097300000000001
Mg2Ge,1.5010999999999997,1.67,0.1689000000000002
Sr2TiO4,1.4958000000000005,3.41,1.9141999999999997
Fe2B(PO4)3,1.495,3.52,2.025
LiB3O5,1.4901333333333335,7.843333333333334,6.3532
Lu2O3,1.4788999999999994,5.5,4.021100000000001
In2B(PO4)3,1.4758999999999998,5.39,3.9141
Ho2O3,1.4741999999999997,5.42,3.9458
In2As2Cl2O5,1.4688999999999997,4.62,3.1511000000000005
NdF3,1.4663999999999993,6.15,7.6164
CdI2,1.4617999999999998,3.8,2.3382
LiI,1.4581999999999997,5.84,4.3818
ZrO2,1.4578000000000002,4.99,3.5322
Er2O3,1.4571,5.42,3.9629
LaCuSO,1.4515000000000011,3.12,1.668499999999999
PH6NO4,1.4505999999999997,6.805,5.3544
WO3,1.4471000000000003,2.8000000000000003,1.3529
Sb8I2O11,1.4418000000000002,2.72,1.2782
BaTaNO2,1.4401999999999997,1.78,0.3398000000000003
LiZnN,1.4262999999999997,1.945,0.5187000000000004
GaAgSe2,1.4241333333333335,1.6733333333333331,0.2491999999999997
Sr3Ti2O7,1.4195000000000002,3.26,1.8404999999999996
AlAgSe2,1.4148,2.55,1.1351999999999998
K2MnSnSe4,1.4103999999999999,1.7,0.2896000000000001
CdS,1.4101851851851852,2.535185185185185,1.125
Nb2O5,1.4087,3.08,1.6713
B2O3,1.4067000000000007,4.895,6.3017
B4C,1.4015000000000002,1.64,3.0415
KTaO3,1.4005,3.5,2.0995
CuI,1.3965000000000005,3.028,1.6314999999999995
PrCuSO,1.3884000000000003,3.03,1.6415999999999995
CdAg2GeS4,1.3862999999999999,2.32,0.9337
Rb3Cd(BO2)5,1.3796,2.34,3.7196
Ag5IO6,1.3794999999999997,1.4,0.0205000000000001
Ta4Cu2O11,1.3769000000000005,2.6500000000000004,1.2731
GaHSeO4,1.3676999999999992,5.51,4.1423000000000005
NdCuSO,1.3620000000000005,2.98,1.6179999999999994
K4GeSe4,1.3603,0.64,2.0003
Sm2Mn3(SbS3)4,1.3601999999999999,1.5,0.1398000000000001
ZnGeN2,1.3544999999999998,3.05,1.6955
LiInS2,1.3521333333333327,3.573333333333333,2.2212
Zn(InS2)2,1.3506000000000005,2.753,1.4023999999999996
Ca2Si,1.3490999999999995,1.9,0.5509000000000004
GaAgGeS4,1.338,3.0,1.662
Ba8Al10B12O41,1.3372999999999995,3.1,4.4373
BeSe,1.3363000000000005,4.0,2.6636999999999995
LaTaN2O,1.3287000000000004,2.0,0.6712999999999996
Al2Se3,1.3245999999999998,3.125,1.8004000000000002
LiBiS2,1.3193000000000006,0.16,1.4793000000000005
Ca3Sb2,1.3146,1.4,0.0853999999999999
SmCuSeO,1.3135000000000008,2.6,1.2864999999999993
BaCuTeF,1.3115999999999994,2.3,0.9884000000000004
ZnCu2SiTe4,1.3110000000000002,1.47,0.1589999999999998
Cd(InS2)2,1.3096000000000005,2.3600000000000003,1.0503999999999998
Li2CdSnS4,1.3086999999999998,3.26,1.9513
GeS2,1.3052000000000001,3.5700000000000003,2.2648
Ba(GaSe2)2,1.3022000000000002,3.16,1.8578
Y2S3,1.3007999999999997,2.9,1.5992000000000002
Cd(GaS2)2,1.2995,3.42,2.1205
GaAs,1.2966999999999997,1.4828,0.1861000000000001
Ta7Cu3O19,1.2961000000000007,2.47,1.1738999999999995
Ba2B6H4O13,1.2928000000000006,6.53,5.2372
LaCuSeO,1.291900000000001,2.83,1.5380999999999991
Mg3N2,1.29,2.8,1.5099999999999998
CdSe,1.2868,1.8592,0.5724
SmCuSe2,1.2832000000000003,2.1,0.8167999999999997
MgTe,1.2814,3.6,2.3186
LiGaSe2,1.2810666666666664,3.3466666666666662,2.0656
CsAu,1.2766999999999997,2.3,1.0233
LiSbS2,1.2689000000000001,1.36,0.0910999999999999
LiInSe2,1.2569000000000001,2.83,1.5731
CsGdZnTe3,1.2557,2.13,0.8742999999999999
CaMg2N2,1.2531000000000003,3.25,1.9968999999999997
TlGaTe2,1.2444000000000004,1.8,0.5555999999999996
Ga2HgS4,1.2436,2.815,1.5714
TiO2,1.2413999999999996,3.3,2.0586
Te3As2,1.2411499999999993,1.67375,0.4326000000000007
RbAg5(PS4)2,1.2375000000000003,2.4,1.1624999999999996
ZnSiAs2,1.2334,2.12,0.8866
Cu2Se,1.2321000000000002,1.284,0.0518999999999998
In4As5(BrO4)3,1.2320000000000002,4.22,2.9879999999999995
Eu(InSe2)2,1.2313999999999998,1.31,0.0786000000000002
AlAgS2,1.2308,3.13,1.8992
CsInS2,1.2296,3.4,2.1704
NaIn(IO3)4,1.2281,4.25,3.0219
Ba(GaS2)2,1.2226999999999997,4.13,2.9073
KBaB5O9,1.2193,3.65,4.8693
Sm2O3,1.2176999999999998,5.0,3.7823
LaVI5O16,1.2168999999999999,3.58,2.3631
ZnTe,1.2155888888888895,2.288888888888889,1.0732999999999997
SrSeO4,1.2142,4.75,3.5358
ThTeO,1.2076,1.45,0.2423999999999999
Zn6S5Cl2,1.2048999999999999,2.71,1.5051
Na2Zn(SnS3)2,1.2029,2.93,1.7271
Ag3AsSe3,1.1994000000000002,2.0900000000000003,0.8906000000000001
KV4Ag11O16,1.1990999999999998,2.0,0.8009000000000002
KInSe2,1.1984000000000001,2.68,1.4816
Ag2HgI4,1.1936000000000004,2.47,1.2763999999999998
Sm(ErSe2)3,1.1931000000000003,2.0,0.8068999999999997
Na2Nb4Se4O19,1.1905000000000001,3.56,2.3695
ZnB12(H5O12)2,1.1837999999999997,4.6,5.783799999999999
Li2In2SiS6,1.1820000000000004,3.61,2.4279999999999995
Tl2Cu2SnS4,1.1804999999999999,1.4,0.2195
CsInSe2,1.1798,2.81,1.6302
Rb2Cu2SnS4,1.1787000000000005,2.08,0.9012999999999995
In5CuS8,1.1785999999999996,1.34,0.1614000000000004
Ba2ScTaO6,1.1726999999999999,4.19,3.0173000000000005
HfHg4(PCl3)2,1.1685999999999996,3.26,2.0914
AlP,1.167872727272727,2.7972727272727274,1.6294000000000004
In2S3,1.1651000000000002,2.0,0.8348999999999998
CsGeB3O7,1.1619000000000002,5.76,4.5981
HgO,1.1583,2.345,1.1867
GaP,1.1560999999999997,2.76,1.6039
Ba3FeS4Br,1.1538,1.65,0.4962
Ba2InSbSe5,1.1519999999999997,1.92,0.7680000000000002
Ca(GdS2)2,1.1465999999999998,2.55,1.4034
CsYHgSe3,1.1454,2.54,1.3946
Bi2CO5,1.1452999999999998,3.42,2.2747
BaGa4Se7,1.1444000000000003,2.64,1.4955999999999998
Ba2DyInSe5,1.1435999999999997,2.27,1.1264000000000003
Ba2SmInSe5,1.1420000000000003,2.22,1.0779999999999998
CI4,1.1418999999999997,2.26,1.1181
Rb2Cd3S4,1.1361999999999999,2.92,1.7838
B6As,1.1354000000000004,1.51,2.6454000000000004
K5In3P6Se19,1.1354,2.2,1.0646000000000002
Ba2YInSe5,1.1332000000000004,2.31,1.1767999999999996
BaCaB2O5,1.1326999999999998,5.6,4.4673
AgBiPbS3,1.1317000000000002,1.2,0.0682999999999998
RuS2,1.1316000000000008,1.8,0.6683999999999992
Ba2NdInSe5,1.1307999999999998,2.2,1.0692000000000004
KNb3(SeO6)2,1.1301999999999999,3.46,2.3298
LiGa(GeSe3)2,1.1296000000000006,2.64,1.5103999999999995
NaSbF6,1.1292,3.76,4.8892
Ba2ZnSe3,1.1285999999999998,2.75,1.6214000000000002
KIn(TeO3)2,1.1280999999999999,4.0,2.8719
Li2In2GeS6,1.1270999999999995,3.45,2.3229000000000006
LaCuTeO,1.1260999999999997,2.31,1.1839000000000004
Co2Te3O8,1.1248,3.6,2.4752
CdSiAs2,1.1238000000000001,1.524,0.4001999999999999
K2Mn(SnSe3)2,1.1209,2.0,0.8791
Ga2S3,1.1194000000000002,2.83,1.7106
K2Hg3(GeS4)2,1.1179000000000001,2.67,1.5520999999999998
KTa3(TeO6)2,1.1168999999999993,4.06,2.9431000000000003
NdLuSe3,1.1144,1.61,0.4956
La4Cd4In2S13,1.1131000000000006,2.27,1.1568999999999994
Ga2Se2O7,1.1125000000000003,4.61,3.4975
ZrS3,1.1117000000000001,2.2249999999999996,1.1132999999999995
PbSeO4,1.1077000000000004,4.3,3.1922999999999995
K2Sn(AuS2)2,1.1067,2.75,1.6433
ZrHg4(PCl3)2,1.1066000000000003,3.22,2.1134
ThSO,1.1055000000000006,2.22,1.1144999999999996
KNb3(TeO6)2,1.1050999999999997,3.52,2.4149000000000003
Ba2ErInSe5,1.1046,2.29,1.1854
Na2In2GeSe6,1.1028,2.47,1.3672000000000002
Ag2Mo(I2O7)2,1.0989000000000004,3.06,1.9610999999999996
NbCu3Se4,1.0895999999999997,2.45,1.3604000000000005
KInS2,1.0893,3.0,1.9107
HfHg4(AsCl3)2,1.0888,2.47,1.3812000000000002
RbNb3(TeO6)2,1.0867,3.49,2.4033
InHg7S6Cl5,1.0850999999999997,2.54,1.4549000000000003
CdGeP2,1.0811666666666664,1.7266666666666666,0.6455000000000002
TaCu3S4,1.0768999999999995,3.0,1.9231000000000005
Dy2O3,1.074500000000001,5.0,3.925499999999999
CsAg2AsS3,1.0727,2.7,1.6273000000000002
Ga2SnGeS6,1.0718,2.04,0.9682
Cs2Hg3S4,1.0675000000000001,2.8,1.7324999999999997
CsSc(SeO3)2,1.0667999999999997,5.2,4.1332
PrLuSe3,1.0665,1.56,0.4935
CsSbS2,1.0636000000000003,2.8,1.7363999999999995
K2PAuS4,1.0608999999999997,2.63,1.5691000000000002
Eu(SbS2)2,1.0605,1.2,0.1394999999999999
Al2S3,1.0564999999999993,4.1,3.0435000000000003
ZnSb,1.0551333333333333,1.0833333333333333,0.0282
ZrSe3,1.0520999999999996,1.45,0.3979000000000003
LaGaO3,1.0517000000000003,4.4,3.3483
CuPS3,1.0445000000000002,2.2,1.1555
Zn(InTe2)2,1.0442333333333333,1.8733333333333333,0.8291
K2Th(CuS2)2,1.0439999999999996,2.17,1.1260000000000003
SbPbIO2,1.0433999999999997,2.48,1.4366000000000003
K2Ce(PO4)2,1.0420999999999998,2.46,1.4179000000000002
AlCuTe2,1.0413999999999999,2.06,1.0186000000000002
NbCuO3,1.041,2.0,0.959
Dy(CuSe)3,1.0397,0.2,1.2397
CdSnP2,1.0380000000000003,1.3075,0.2694999999999998
K2La2Sb2S9,1.0373,2.2,1.1627
Ba3ThSe7,1.037,1.96,0.923
NaBiS2,1.0368999999999995,0.41,1.4468999999999994
Ga2HgSe4,1.0332,1.95,0.9168
YMoClO4,1.0326,3.82,2.7874
Na2In2SiS6,1.0325000000000002,3.27,2.2375
K2Sn2Hg3S8,1.0321000000000002,2.45,1.4179
Sb2O3,1.0310999999999995,3.255,2.2239000000000004
CsLaHgSe3,1.0305,2.485,1.4545
Cd(GaSe2)2,1.027966666666667,2.376666666666667,1.3487
Ga2Se3,1.0263999999999998,2.07,1.0436
Tb(CuSe)3,1.0248000000000002,0.16,1.1848
BeS,1.0246999999999997,4.17,3.1453
Mg3As2,1.0189999999999997,2.4499999999999997,1.431
Rb4Ge3B6O17,1.0188000000000006,5.42,4.401199999999999
ThO2,1.0187000000000004,3.4,4.4187
Gd2(MoO4)3,1.0185999999999993,4.119999999999999,3.1014
CaZnSO,1.0147000000000004,3.7,2.6853
NaIn(TeO3)2,1.0126999999999997,4.0,2.9873000000000003
Na2Zn(GeSe3)2,1.0124,2.36,1.3476
Mn(PbO2)2,1.0105000000000004,1.5,0.4894999999999996
K2La2Ti3O10,1.0102000000000002,3.05,2.0397999999999996
CsSmHgSe3,1.0075,2.37,1.3625
Cs2Hg6S7,1.0069000000000001,1.63,0.6230999999999998
Ba3MgTa2O9,1.0067000000000004,4.28,3.2733
BaAl4Se7,1.0067,3.4,2.3933
KIO3,1.0042,3.8575,2.8533
Ba3Tb2(PS4)4,0.9988999999999999,3.37,2.3711
Ba5In4Te4S7,0.9971000000000001,2.13,1.1328999999999998
Ba2ThCu2Se5,0.9953999999999996,1.75,0.7546000000000004
Rb7Th2(P2Se7)3,0.9942999999999997,2.07,1.0757
RbGeB3O7,0.9932999999999996,5.58,4.5867
CdHg4(AsI2)2,0.9883,1.45,0.4617
Cs3Sb,0.9874,1.6,0.6126
KCu3S2,0.9872999999999994,1.46,0.4727000000000005
SrPbO3,0.9858999999999998,1.78,0.7941000000000003
K2Nd2Ti3O10,0.9819,3.25,2.2681
ZnGeP2,0.9817999999999998,2.16,1.1782000000000004
RbTa3(TeO6)2,0.9802,3.88,2.8998
Na2In2GeS6,0.9793000000000003,3.17,2.1906999999999996
Na2Ge2Se5,0.9776999999999998,2.38,1.4023
V2Pb4(Se2O7)3,0.9761999999999995,3.37,2.3938000000000006
Na(GeP)3,0.9745000000000004,2.06,1.0854999999999997
Ba3Ta2ZnO9,0.9712000000000001,4.32,3.3488
Sm3B(SO)3,0.9698999999999995,2.5,1.5301000000000005
K10Zn4Sn4S17,0.9696000000000007,3.1500000000000004,2.1803999999999997
ScCuO2,0.9690999999999996,3.3,2.3309
Eu(BiSe2)2,0.9659,1.02,0.0541
CdTe,0.9653999999999998,1.55,0.5846000000000002
Sc2S3,0.9650000000000003,2.0,1.0349999999999997
K2Cd3S4,0.9623999999999999,2.75,1.7876
Zn(InSe2)2,0.9621000000000001,1.955,0.9929
Ho2S3,0.9612999999999996,0.5,1.4612999999999996
BaGa4S7,0.9599999999999995,3.54,2.5800000000000005
NaInTe2,0.9584000000000001,1.6,0.6416
Rb2Cd3Se4,0.9577,2.37,1.4123
K2Cd3Se4,0.9572,2.36,1.4027999999999998
NaCdAsS3,0.9547000000000001,2.93,1.9753
CdIClO3,0.9533,4.3,3.3467
Mg3AsN,0.9517999999999995,1.33,2.2817999999999996
CsCu2AsS3,0.9467999999999996,2.3,1.3532000000000002
K2ZnTe2,0.9462999999999999,3.0,2.0537
GeSe2,0.9443999999999997,2.3825,1.4381000000000002
K3Th2Cu3S7,0.9430000000000005,2.49,1.5469999999999997
Ba(InSe2)2,0.9429999999999998,2.63,1.687
NaIn3S5,0.9372000000000003,2.18,1.2428
Ba3GeS5,0.9367999999999999,3.0,2.0632
CsCdBO3,0.9338,2.58,1.6462
CdAs2,0.933466666666667,1.0666666666666669,0.1331999999999999
GaGeTe,0.9327999999999999,1.1,0.1672000000000002
Hg8Bi3As4Cl13,0.9301000000000001,2.43,1.4999
LiMgN,0.9293000000000005,3.2,2.2706999999999997
NaAsS2,0.9246999999999999,2.28,1.3553
K6Cd4Sn3Se13,0.9242000000000001,2.33,1.4058
LaZnAsO,0.9239999999999995,1.5,0.5760000000000005
ZnSnP2,0.9232,1.6275,0.7042999999999999
GdScS3,0.9226000000000005,2.1,1.1773999999999996
Ba3Er2(PS4)4,0.9222999999999995,3.3,2.3777000000000004
Cs2Cd3Te4,0.9213000000000002,2.48,1.5586999999999998
CsInHgS3,0.9209999999999996,2.3,1.3790000000000002
Cd4As2I3,0.9204000000000001,2.095,1.1746
Ba3Ho2(PS4)4,0.9201000000000001,3.3,2.3798999999999997
La4Fe(SbS5)2,0.9200999999999997,1.0,0.0799000000000003
SnSe2,0.9182000000000001,1.62,0.7018
Cs4Zr3S14,0.9170999999999996,2.35,1.4329000000000005
SnS2,0.9152000000000005,2.43,1.5147999999999997
Ba4LiGa5Se12,0.9145999999999999,2.65,1.7354
InP,0.9138999999999999,1.3685,0.4546000000000001
Ca4Bi6O13,0.9138000000000002,2.76,1.8461999999999996
Rb3Sb,0.9121999999999999,1.0,0.0878000000000001
SnBr2,0.9113000000000002,3.45,2.5387
P2Se5,0.9088000000000003,2.2,1.2912
BaBClF4,0.9082999999999997,6.89,5.9817
KThCuS3,0.9078000000000004,2.95,2.0422
GaAgTe2,0.9074,1.1,0.1926000000000001
Cs2ZnGe3Se8,0.9072,2.31,1.4028
Ba3Dy2(PS4)4,0.9063999999999992,3.28,2.3736000000000006
La2Zn(SeO)2,0.9041999999999999,3.4,2.4958
Cs2AgBiCl6,0.9037,2.77,1.8663
TlCl,0.900990909090909,3.419090909090909,2.5181
Tb2O3,0.9005999999999998,3.0,3.9006
Tl2PAuS4,0.9005999999999998,2.2,1.2994000000000003
IrSe2,0.8982999999999997,0.95,0.0517000000000003
Pb3Se2(BrO3)2,0.8971000000000005,3.73,2.8328999999999995
Cd4As2Br3,0.8929333333333332,1.8633333333333333,0.9704
Gd4GaSbS9,0.8919999999999999,2.41,1.5180000000000002
BiClO,0.8918999999999997,3.46,2.5681000000000003
TlHg6S4Br5,0.8893,3.03,2.1407
LiH3(SeO3)2,0.8886000000000012,4.9,4.011399999999999
CrO3,0.8885000000000001,1.4,2.2885
As2Rh,0.8874999999999997,1.15,0.2625000000000002
Ba2YInTe5,0.8868000000000003,1.36,0.4731999999999998
POsSe,0.8843000000000001,1.4,0.5156999999999998
GaCuTe2,0.8842000000000002,1.09,0.2057999999999999
LiGaS2,0.8825333333333334,3.8433333333333337,2.9608000000000003
ThSeO,0.8809999999999998,1.65,0.7690000000000001
InAgTe2,0.88,0.945,0.0649999999999999
Na2Zn(GeS3)2,0.8785000000000003,3.145,2.2664999999999997
Si(Bi3O5)4,0.8772000000000011,3.225,2.347799999999999
La2ZrS5,0.8765000000000003,2.01,1.1334999999999995
Ge(Bi3O5)4,0.8738000000000001,3.25,2.3762
TeSe,0.8737999999999992,1.58,0.7062000000000008
SrTaNO2,0.8731999999999995,1.99,1.1168000000000005
RbInTe3O8,0.8730999999999995,3.9,3.0269000000000004
BeTe,0.8727000000000005,2.89,2.0172999999999996
GaSe,0.8721307692307692,2.084230769230769,1.2121
Li3PS4,0.8709000000000002,3.68,2.8091
Nb3CuO8,0.8701999999999994,1.47,0.5998000000000006
Er2Se3,0.8676999999999999,1.66,0.7923
Cs2ZnSn3Se8,0.8646999999999998,2.12,1.2553000000000003
KSnAuSe3,0.8627,2.28,1.4172999999999998
K2NbCuS4,0.8617999999999999,2.82,1.9582
Zn3P2,0.8605999999999998,1.1749999999999998,0.3144
TlCr5S8,0.8605000000000003,1.01,0.1494999999999997
GeAs,0.8587000000000002,1.37,0.5112999999999999
Rb2Cd3Te4,0.8584999999999998,2.3,1.4415
K2Hg(PSe3)2,0.8577999999999999,2.25,1.3922
Zn2InCuSe4,0.8574999999999999,1.1,0.2425000000000001
Ba(InS2)2,0.8557999999999999,3.06,2.2042
YCuO2,0.8530000000000002,3.5,2.647
Li2CdGeS4,0.8528000000000002,3.1,2.2472
RbInS2,0.8506,3.3,2.4494
Si3N4,0.8496999999999995,5.1,4.2503
K4Nb2S11,0.8491333333333333,2.2433333333333336,1.3942000000000003
K6CdTe4,0.8485999999999998,2.51,1.6614
Er2Te3,0.8478999999999999,0.9,0.0521000000000002
CsRb2Sb,0.8474999999999999,1.5,0.6525000000000001
HgPS3,0.8451000000000002,2.6,1.7549
Ca2Bi2O5,0.8443000000000005,3.34,2.4956999999999994
Ca2Sn,0.8440999999999999,0.9,0.0559000000000002
Ca(PrS2)2,0.8429999999999995,2.9,2.0570000000000004
Pb3O4,0.8381000000000003,2.12,1.2818999999999998
VAg(IO4)2,0.8371000000000004,2.24,1.4028999999999998
Cs2AgBiBr6,0.8352999999999999,2.19,1.3547
Na3Zn(BO2)5,0.835,3.2,4.035
Cs2Ti(AgS2)2,0.8346999999999998,2.44,1.6053000000000002
CsInTe3O8,0.8340000000000001,3.9,3.066
BiPbBrO2,0.8310999999999993,2.385,1.5539000000000005
Ba4Ga4SnSe12,0.8308,2.16,1.3292000000000002
PRuS,0.8300999999999994,1.4,0.5699000000000005
Cs2Hg3I8,0.8286000000000002,2.56,1.7313999999999998
Y3GaS6,0.8244999999999996,2.88,2.0555000000000003
B6P,0.8243,3.3,2.4757
TlBr,0.8234499999999998,2.99125,2.1678
Rb2Sn2Hg3S8,0.8230000000000002,2.48,1.6569999999999998
K2Cd3Te4,0.8219999999999998,2.26,1.438
Cd4P2Cl3,0.8214000000000001,2.205,1.3836
BiTeNO6,0.8195000000000001,3.62,2.8005
NaNbSe2O7,0.8182999999999998,3.725,2.9067000000000003
PPdSe,0.8177000000000002,0.15,0.9677000000000002
B3Pb10Br3O13,0.8146000000000004,3.25,2.4353999999999996
TbWClO4,0.8145000000000002,4.24,3.4255
TlHg6Se4Br5,0.8109999999999997,2.8,1.989
Ba2ZnTe3,0.8077999999999999,2.1,1.2922000000000002
CsInTe2,0.8077999999999999,2.16,1.3522000000000003
SbTeOs,0.8076000000000014,0.05,0.8576000000000015
LiSiB6,0.8073000000000001,2.27,1.4627
HgBrCl,0.8065000000000002,3.4,2.5934999999999997
La3CuGeSe7,0.8064,2.0,1.1936
NaY(Te2O5)2,0.8057999999999996,3.9,3.0942000000000003
ScTlTe2,0.8054000000000001,0.85,0.0445999999999999
BaSn2S5,0.8047000000000002,2.35,1.5453
SbPbBrO2,0.8045,2.67,1.8655
P4Os,0.8036000000000003,0.5,1.3036000000000003
AlAgTe2,0.8030999999999997,1.85,1.0469000000000004
ZnAs2,0.8025666666666669,1.0266666666666666,0.2240999999999998
HgSe,0.8015333333333332,0.2416666666666667,1.0432
SnCl2,0.7997999999999998,3.9,3.1002
Na2Ti3O7,0.7996999999999996,3.51,2.7103
GaBi25O39,0.7989999999999995,2.99,2.1910000000000007
PtS2,0.7967000000000004,0.75,1.5467000000000004
K2BaNb2S11,0.7964000000000002,1.77,0.9735999999999998
InSe,0.7954999999999999,1.2545,0.4590000000000001
Cd4P2I3,0.7909999999999999,2.17,1.379
Cd4P2Br3,0.7907000000000002,2.19,1.3992999999999998
GePb2(SeO3)4,0.7904,4.1,3.3095999999999997
Rb2Cd(PSe3)2,0.7883000000000002,2.58,1.7916999999999998
CaTaNO2,0.7878000000000003,2.4,1.6121999999999996
Zn3As2,0.7841888888888893,0.948888888888889,0.1646999999999998
NdCuTeO,0.7839999999999989,2.26,1.4760000000000009
Ag2GeSe3,0.7799,0.905,0.1251
K3NaSn3Se8,0.7788999999999997,2.2,1.4211000000000005
BaAgSbS3,0.7771000000000003,2.2,1.4228999999999998
Ti(Bi3O5)4,0.7770000000000001,3.09,2.3129999999999997
NaBiSe2,0.7756333333333332,0.3166666666666666,1.0922999999999998
La3LuSe6,0.7755000000000003,1.26,0.4844999999999997
MnO2,0.7755000000000003,1.3,0.5244999999999997
CBr4,0.7735000000000003,3.7,2.9265
BaHgS2,0.7730999999999999,1.93,1.1569
BiTeI,0.7725,0.46,1.2325
SrTh(PS4)2,0.7653000000000003,3.02,2.2546999999999997
BaTiO3,0.7650000000000001,3.058,2.2929999999999997
CsTbZnTe3,0.7627000000000002,2.12,1.3573
Ga2Te3,0.7624999999999997,1.4,0.6375000000000002
Li2In2GeSe6,0.7583999999999997,2.3,1.5416
NaSbS2,0.7542999999999995,1.64,0.8857000000000004
Nd2ZrS5,0.7536000000000005,1.83,1.0763999999999996
Rb2Ti(CuS2)2,0.7531999999999996,2.19,1.4368000000000003
NaSbSe2,0.749166666666667,1.3866666666666667,0.6374999999999997
P4Ru,0.7486000000000013,0.51,1.2586000000000013
Dy3GaS6,0.7485000000000004,2.81,2.0614999999999997
SiSe2,0.7471000000000003,1.7299999999999998,2.4771
Sr5V3O12F,0.7364999999999999,4.5,3.7635
Ba2ErGaTe5,0.7310999999999996,1.15,0.4189000000000002
LiNbO3,0.7308666666666661,4.066666666666666,3.3358000000000003
Ba2HgS5,0.7306999999999997,2.4,1.6693000000000002
Rb2Ti(AgS2)2,0.7306000000000001,2.33,1.5994
HgI,0.7273999999999996,2.37,1.6426000000000005
CdSiP2,0.7259666666666669,2.151666666666667,1.4257
Ba2In2Se5,0.7255,2.12,1.3945
Ag2SnSe3,0.7247333333333331,0.7833333333333333,0.0586000000000002
Li2In2SiSe6,0.7241,2.54,1.8159
SbOsSe,0.723400000000001,0.4,1.123400000000001
CoPS,0.7231,0.4,1.1231
LiGaTe2,0.7214999999999998,2.31,1.5885000000000002
SmBiW2O9,0.7210999999999999,3.39,2.6689000000000003
Ba2DyGaTe5,0.7182,1.13,0.4117999999999999
ErBiW2O9,0.7166000000000001,3.26,2.5433999999999997
Na4Mg(GeSe3)2,0.7078999999999998,2.53,1.8221
Na2TeSe3,0.7068999999999999,1.91,1.2031
ZnSiP2,0.7058999999999995,2.07,1.3641000000000003
Rb2Hg3(GeS4)2,0.7058,2.8,2.0942
Ba2NdInTe5,0.7037000000000004,1.37,0.6662999999999997
Ba2GaSbSe5,0.7032999999999998,2.51,1.8067
AgAsS2,0.7032000000000003,2.2,1.4968
Cd4Sb2I3,0.6987999999999999,1.83,1.1312000000000002
B2Se2O7,0.6981999999999995,4.64,3.9418
Na3Sb,0.6954,1.09,0.3946
BiBrO,0.6949000000000001,2.92,2.2251
BPb7Br3O7,0.6946000000000001,2.62,1.9254
SnI2,0.6938999999999997,2.4,1.7061000000000002
Nd2O3,0.6920000000000002,4.4,3.708
RbH3(SeO3)2,0.6895999999999995,4.84,4.1504
GaCuO2,0.6887000000000001,1.47,0.7812999999999999
Ba2GaSbTe5,0.6871999999999999,1.66,0.9728
RuSe2,0.6862000000000004,1.0,0.3137999999999996
Ba2DyGaSe5,0.6828000000000001,2.35,1.6672
LiAlB14,0.6823000000000001,1.935,1.2527
Cu2SnSe3,0.6792000000000001,0.7649999999999999,0.0857999999999998
KY(TeO3)2,0.6748999999999996,3.8,3.1251
BH(PbO2)2,0.6745999999999999,3.76,3.0854
TiS3,0.6738999999999994,0.9,0.2261000000000006
Cd2InCuTe4,0.6734000000000004,0.85,0.1765999999999996
LiMgAs,0.6722999999999997,0.7,1.3722999999999996
Ba3Cd(SnS4)2,0.6708999999999996,2.75,2.0791000000000004
VO,0.6700999999999997,0.3,0.9700999999999996
Na2Ga2GeS6,0.6684999999999999,3.29,2.6215
PbBr2,0.6673000000000004,3.31,2.6426999999999996
CuSbS2,0.6673000000000002,1.39,0.7226999999999997
TaNO,0.6662000000000001,2.5999999999999996,1.9337999999999995
Rb2NbCuS4,0.6651,2.64,1.9749
TeI4,0.6639000000000002,1.1,1.7639000000000002
GaTe,0.6634,1.6700000000000002,1.0066000000000002
InS,0.6629499999999995,2.01375,1.3508000000000004
KPSe3,0.6618000000000002,2.08,1.4182
Ba2SnSe5,0.6616,1.8,1.1384
KCu2SbS3,0.6611,1.615,0.9539
Bi2O3,0.6605000000000003,2.855,2.1944999999999997
BaGa2SiS6,0.6593,3.75,3.0907
Ba2GaS4,0.6582999999999999,2.55,1.8917
Ba2YGaTe5,0.6577999999999999,1.08,0.4222000000000001
K2Au(IO3)5,0.6573,2.65,1.9927
Li3ScN2,0.6559000000000004,2.9,2.2440999999999995
HgCl,0.6556999999999995,3.3800000000000003,2.724300000000001
Gd(CuS)3,0.6526999999999993,1.62,0.9673000000000008
Cd(InSe2)2,0.6516000000000001,1.608,0.9564
Na2Cd(GeS3)2,0.6514999999999995,2.8899999999999997,2.2385
CdTeO3,0.6507000000000001,3.73,3.0793
InCuGeSe4,0.6506999999999998,1.3,0.6493000000000002
CdGeAs2,0.6503888888888888,0.6588888888888889,0.0085000000000001
Ba2YGaSe5,0.6484000000000001,2.31,1.6616
Zn2TeMoO7,0.6480999999999995,4.1,3.4519
KSnAuS3,0.6471999999999998,2.3,1.6528
CdP2,0.6469,2.1025,1.4556
GaCuGeSe4,0.6464999999999996,1.38,0.7335000000000003
InPS4,0.6445999999999996,3.12,2.4754000000000005
Ba2DyInTe5,0.6428999999999996,1.35,0.7071000000000005
Sr4Te3(ClO2)4,0.6425999999999998,4.0,3.3574
La6Sb4(SO4)3,0.6421000000000006,2.6,1.9578999999999995
GePbS3,0.6421000000000001,2.4,1.7578999999999998
Ba5(GaSe4)2,0.6398999999999997,2.51,1.8701
K2Ge2PbS6,0.6387000000000005,2.85,2.2112999999999996
Ca(NdS2)2,0.6387000000000005,2.7,2.0612999999999997
Zn3(PS4)2,0.6386000000000003,3.07,2.4313999999999996
LiBi3(ClO2)2,0.6365000000000003,3.35,2.7135
Ba2SnSe4,0.6354000000000004,1.9,1.2645999999999995
K2In2P3Se10,0.6325000000000003,2.2,1.5675
KAu(IO3)4,0.6318999999999999,2.75,2.1181
Rb4Ge(PSe3)4,0.6313,2.0,1.3687
KBaAsSe3,0.6300999999999999,2.26,1.6299
CsAg5Te3,0.6299000000000003,0.65,0.0200999999999997
P2Rh,0.6295000000000002,1.0,0.3704999999999998
Ca(BiO2)2,0.6293000000000002,3.08,2.4507
B3Pb3NO10,0.6271,3.64,3.0129
Gd2Te3,0.6270000000000004,0.74,0.1129999999999995
Ba2GaSe4,0.6257999999999999,1.63,1.0042
KTiPO5,0.6257999999999999,3.67,3.0442
Nd4(GeS4)3,0.6247000000000009,2.62,1.9952999999999992
KCu2BiS3,0.6213999999999995,1.29,0.6686000000000005
CsH3(SeO3)2,0.6182999999999996,4.77,4.1517
Cs4Ge(PSe3)4,0.6162000000000001,2.0,1.3838
Ba2InAgS4,0.6146000000000003,2.32,1.7053999999999996
Sr(LaS2)2,0.6142000000000003,2.85,2.2358
KUClO3,0.6117000000000004,2.37,1.7582999999999998
KCu4AsS4,0.6114999999999995,1.9,1.2885000000000004
CsGeI3,0.6094999999999999,1.6,0.9905000000000002
Sc(CuSe)3,0.6079000000000006,0.3,0.9079000000000006
K2Cd2Te3,0.6075999999999999,1.93,1.3224
Rb2VCuS4,0.6061000000000001,1.85,1.2439
ZnAs,0.6047000000000003,0.9,0.2952999999999997
Sr(PrS2)2,0.6045000000000003,2.7,2.0955
BiI3,0.6034714285714287,1.9314285714285713,2.5349
KH3(SeO3)2,0.6032666666666664,4.9366666666666665,4.3334
K4Ge(PSe3)4,0.6013999999999999,2.0,1.3986
Ba2ErInTe5,0.6008999999999998,1.35,0.7491000000000003
Nd10Se14O,0.5964999999999998,1.98,1.3835000000000002
BaGa2GeSe6,0.5964,2.515,1.9186
Pb2O3,0.5951000000000004,1.67,1.0748999999999995
Ba3InS4Cl,0.5943,3.42,2.8257
SiB3,0.5919999999999996,2.0,1.4080000000000004
CsSb(SO4)2,0.5902999999999992,4.68,4.089700000000001
Nb2Tl4S11,0.5879000000000001,1.8,1.2121
H7Se2NO6,0.5877999999999997,4.81,4.2222
K2VCuS4,0.5857000000000001,1.82,1.2343
CuP2,0.5854333333333326,1.4533333333333331,0.8679000000000006
GaS,0.582553846153846,2.586153846153846,2.0036
Ba12In4S19,0.5820000000000001,2.56,1.978
BaLa2Te5O14,0.5817000000000001,3.81,3.2283
ScTlS2,0.5768999999999996,1.51,0.9331000000000004
CdHg6(As2Br3)2,0.5736000000000001,1.915,1.3414
FeBi25O39,0.5720999999999998,2.8,2.2279
Cs2MgGe3Se8,0.5713000000000001,2.04,1.4687
SnGeS3,0.5709,2.23,1.6591
Ag8GeS6,0.5697999999999996,1.18,0.6102000000000003
Na2CdSnS4,0.569,2.52,1.951
CsSbSe2,0.5688,1.7,1.1312
CsBi3Se5,0.5687999999999995,0.43,0.9987999999999996
CsGaS3,0.5687000000000002,3.0,2.4313
Sm2ZrSe5,0.5674999999999997,1.41,0.8425000000000002
Na2TeS3,0.5672000000000001,2.35,1.7828
LiMoIO6,0.5665999999999998,2.8,2.2334
RbV(CuS2)2,0.5664,1.45,0.8835999999999999
RbTbSe2,0.5664,2.5,1.9336
Li2PtO3,0.5659999999999998,2.3,1.734
TlSe,0.5658461538461539,0.7638461538461538,0.1979999999999999
NaAsSe2,0.5656999999999999,1.595,1.0293
In2HgTe4,0.5638333333333332,1.0933333333333333,0.5295000000000001
Ba2SmGaSe5,0.5619999999999998,2.27,1.7080000000000002
RbH2(IO3)3,0.561700000000001,4.07,3.5082999999999993
NaH3(SeO3)2,0.5605000000000002,4.9,4.3395
CuBi(PSe3)2,0.5600999999999996,1.2,0.6399000000000004
Li2ZnSnS4,0.5563000000000002,2.87,2.3137
LaF3,0.5551999999999992,6.6,6.0448
Cs2NbCuSe4,0.5549000000000002,2.19,1.6350999999999998
TlS,0.5548000000000002,1.3650000000000002,0.8102
Ca(LaS2)2,0.5545,2.7,2.1455
AgSbS2,0.551733333333333,1.9233333333333331,1.3716000000000002
K2In3CuSe6,0.5515999999999999,1.68,1.1284
CuSbSe2,0.5514000000000003,1.05,0.4985999999999997
Tm2O3,0.5513000000000003,4.53,3.9787
Al2Te3,0.5507999999999997,2.35,1.7992000000000004
Rb2NbCuSe4,0.5506000000000004,2.19,1.6393999999999995
Sb5IO7,0.5497000000000003,1.95,2.4997000000000003
AgTe,0.5488999999999997,0.79,0.2411000000000003
K2VAgS4,0.5450000000000006,1.85,1.3049999999999995
P2Pd3S8,0.5421,2.12,1.5779
CuSbPbS3,0.5402,1.31,0.7698
As2Pt,0.5381666666666667,0.6166666666666667,0.0785
Rb4Ti3S14,0.5359,1.59,1.0541
Tl2Hg3Se4,0.5343000000000002,1.57,1.0356999999999998
Ag3SbS3,0.5341333333333333,2.0483333333333333,1.5142
LiAsS2,0.5335999999999999,1.6,1.0664000000000002
BaBiClO2,0.5326000000000004,3.71,3.1773999999999996
BiIO,0.5319999999999998,2.005,1.473
TePb3Cl4O3,0.5301,3.79,3.2599
Cs3Bi2I9,0.5295999999999998,1.85,2.3796
In6S7,0.5280666666666667,0.8466666666666667,0.3186
AsBr3,0.5271000000000003,2.6,3.1271000000000004
TePb,0.5268555555555559,0.2794444444444444,0.8063000000000002
Mg2GeSe4,0.5262000000000002,2.02,1.4937999999999998
AsSeI,0.5254999999999999,1.76,1.2345000000000002
Cs2Th(PS3)3,0.5247000000000002,2.8,2.2752999999999997
K2NbCuSe4,0.5236000000000001,2.14,1.6164
Ba2NdGaSe5,0.5226,2.18,1.6574000000000002
KBiS2,0.5224666666666667,0.8933333333333334,1.4158000000000002
GeI2,0.5217,1.5,2.0217
NaLa2TaO6,0.5207999999999999,4.5,3.9792
K3Sm(AsS4)2,0.5205,2.2,1.6795000000000002
CuBiSeO,0.5193999999999998,0.82,0.3006000000000002
PtSe2,0.5193,0.1,0.6193
Ho(CuTe)3,0.5192000000000003,0.26,0.7792000000000003
Dy4GaSbS9,0.5188000000000001,2.58,2.0612
BaSi2,0.5187000000000002,1.3,0.7812999999999999
AgBi(PS3)2,0.5162000000000004,1.7,1.1837999999999995
Pb2SeN2O9,0.5149999999999997,3.76,3.245
Ti6H2O13,0.5132999999999996,3.4,2.8867000000000003
K2Mo2Se2O11,0.5129999999999999,3.3,2.787
K2RbSb,0.5121,1.2,0.6879
Mg5B3O9F,0.5116000000000005,5.63,5.118399999999999
Mg3Sb2,0.5112000000000001,0.81,1.3212000000000002
Ba2GdGaSe5,0.5105999999999999,1.87,1.3594000000000002
V3As2O9,0.5101000000000002,0.76,1.2701000000000002
TlAsS2,0.508,2.185,1.677
FeAsS,0.5073000000000003,0.23,0.7373000000000003
Rb2Sn3(SbS5)2,0.5045000000000002,2.33,1.8255
RbGaSnSe4,0.5018999999999998,1.88,1.3781
Tb4Al2O9,0.5016999999999996,4.59,4.0883
KZn4(BO3)3,0.5000000000000004,2.32,2.8200000000000003
Ag7AsS6,0.4990000000000001,1.0,0.5009999999999999
Ba3Sb2S7,0.49780000000000024,2.4,1.9021999999999997
Rb2VAgS4,0.49770000000000003,1.83,1.3323
K2ReH9,0.4970000000000008,5.71,5.212999999999999
Cs2Cu2Sb2S5,0.49570000000000025,1.6,1.1042999999999998
In4Se3,0.4945999999999997,0.645,0.1504000000000003
CuBiPbS3,0.4937000000000006,0.12,0.6137000000000006
PbN6,0.4935999999999998,3.0,2.5064
BaGa2SiSe6,0.49060000000000015,2.88,2.3893999999999997
Cs2MgSn3Se8,0.4901,1.92,1.4299
La10Se14O,0.4881000000000002,2.04,1.5518999999999998
CsSmZnSe3,0.4875999999999996,2.53,2.0424
Zn2MoSeO7,0.48690000000000033,4.2,3.7131
DyPO4,0.4866999999999999,6.38,5.8933
LiAsSe2,0.4862666666666666,1.2366666666666666,0.7504
Be3N2,0.48549999999999915,3.8,3.3145000000000007
FeP4,0.48489999999999994,0.32,0.8049
Ba2In2S5,0.4834000000000003,2.47,1.9866
K2Sn3(SbS5)2,0.48339999999999983,2.3,1.8166
Cs2Sn3(SbS5)2,0.4804999999999999,2.34,1.8595
Ba2GaAsSe5,0.48030000000000017,1.39,1.8703
BaGa2GeS6,0.4786999999999999,3.245,2.7663
Hg3Bi2(SCl4)2,0.4785999999999997,3.26,2.7814
CdSb,0.47813529411764744,0.4982352941176471,0.0200999999999997
SnSe,0.476322222222222,0.9922222222222222,0.5159000000000002
CsYCdSe3,0.47450000000000037,2.56,2.0854999999999997
BaGe2,0.4744999999999999,1.0,0.5255000000000001
La2TiCoO6,0.4716,1.02,0.5484
TlInSe2,0.4712636363636361,1.2063636363636363,0.7351000000000002
BaTeMo2O9,0.47050000000000036,3.12,2.6494999999999997
Tl2Hg3S4,0.4702999999999997,2.05,1.5797
Pr10Se14O,0.4682000000000004,1.89,1.4217999999999995
SiP2,0.4638,1.89,1.4262
GeP,0.46109999999999984,0.95,0.4889000000000001
LiIO3,0.4595000000000007,4.1850000000000005,3.7255
Ba2GaBiSe5,0.45940000000000003,2.21,1.7506
SnGe,0.45796666666666686,0.6666666666666666,0.2086999999999998
POsS,0.45599999999999996,1.4,0.944
B2Mo(PbO2)6,0.4546000000000001,2.9,2.4454
Cs4BiAs3Se7,0.4539000000000002,1.02,1.4739000000000002
GeS,0.45240000000000036,1.69,1.2375999999999996
LiSbSe2,0.45130000000000015,0.68,0.2286999999999999
Cs3Bi,0.4460000000000002,0.625,0.1789999999999998
Ag3AsS3,0.4459500000000003,2.07375,1.6277999999999997
PrMoO4F,0.4457,3.64,4.0857
K3Bi2I9,0.4424999999999999,2.1,2.5425
La2Fe(SeO)2,0.4414,0.7,1.1414
Ca3N2,0.43890000000000007,1.55,1.1111
CsErZnSe3,0.4384000000000001,2.595,2.1566
CsSmCdSe3,0.4382999999999999,2.46,2.0217
Pr2Te3,0.4372000000000005,1.32,0.8827999999999996
Sn2SbS2I3,0.4341999999999999,1.5,1.0658
AsS,0.43259999999999943,2.4,1.9674000000000005
RbNa2Sb,0.43179999999999996,1.0,0.5682
Rb2Cu2Sb2S5,0.4304000000000001,1.6,1.1696
As2S3,0.42936666666666645,2.4166666666666665,1.9873
La2HfS5,0.4290000000000005,0.7,1.1290000000000004
Ta2Mn3O8,0.4288000000000005,1.89,2.3188000000000004
AlSb,0.42716666666666603,1.6526666666666665,1.2255000000000005
RbY(TeO3)2,0.4255,3.6,3.1745
LiZnBO3,0.42479999999999984,3.1,3.5248
Pr2Se3,0.42440000000000033,1.85,1.4255999999999998
Ca2Ge,0.4243999999999999,1.0,0.5756000000000001
Dy(CuTe)3,0.4243000000000004,0.34,0.7643000000000004
SbSBr,0.4232999999999998,2.1999999999999997,1.7767
K3Ti2P5S18,0.4227000000000003,1.61,1.1872999999999998
Sb2S3,0.42215,1.70875,1.2866
SbTeI,0.4220999999999997,1.265,0.8429000000000002
Sm(CuTe)3,0.4211000000000005,0.23,0.6511000000000005
P2Ru,0.4208000000000004,0.9,0.4791999999999996
Bi2(MoO4)3,0.4201999999999999,2.9,2.4798
Cu2GeS3,0.4189000000000005,0.53,0.1110999999999995
Tl3AsSe3,0.4186000000000003,1.3,0.8813999999999997
SbSeBr,0.41720000000000046,1.855,1.4377999999999995
P2Ir,0.4168999999999994,1.05,0.6331000000000007
RbBi3Se5,0.41400000000000003,0.57,0.984
KAg2SbS3,0.4117000000000004,2.1,1.6882999999999997
Tl2S,0.41140000000000043,1.0,0.5885999999999996
Tl4CdI6,0.4097999999999993,2.8,2.3902000000000005
AgBiS2,0.4082000000000005,0.9,0.4917999999999995
K2Gd2Sb2Se9,0.4079999999999999,1.33,0.9220000000000002
Nb2AgPS10,0.4075000000000004,1.78,1.3724999999999996
KSb5S8,0.4075000000000002,1.745,1.3375
In4Bi3S10,0.40609999999999946,1.42,1.0139000000000005
KSb(SO4)2,0.4048999999999996,4.64,4.2351
Sb2Se3,0.4047111111111108,1.161111111111111,0.7564000000000002
Rb2Mo3Se3O16,0.40260000000000007,3.1,2.6974
NbAg2(PS4)2,0.40169999999999995,2.02,1.6183
Li2TeMoO6,0.4013,3.5,3.0987
LiTaO3,0.3996999999999997,4.1,3.7003
NiS2,0.3995999999999999,0.64,0.2404000000000001
AsPPt,0.3984,0.4,0.7984
Ba3Ta2Se9,0.39800000000000013,1.6,1.202
NdMoO4F,0.39639999999999986,3.66,4.0564
BaReH9,0.39490000000000025,3.44,3.8349
K3Cr2(PS4)3,0.39280000000000004,1.35,0.9572
RbCd(BO2)3,0.3922000000000003,4.2,3.8078
Sr2SmTaO6,0.39159999999999995,3.38,3.7716
Pd(IO3)2,0.3914000000000001,1.31,0.9186
In4Te3,0.3876000000000002,0.51,0.1223999999999998
AsPRu,0.38570000000000015,0.8,0.4142999999999999
Cs2VAgS4,0.3833,1.77,1.3867
Rh2S3,0.3796999999999999,0.8,0.4203000000000001
KNa2Sb,0.3779000000000001,1.05,0.6720999999999999
Tb4GaSbS9,0.3776999999999995,2.44,2.0623000000000005
BiPbClO2,0.3763000000000005,2.45,2.0736999999999997
PPdS,0.37570000000000037,1.39,1.0142999999999995
Cu2WSe4,0.3743000000000003,1.65,1.2756999999999996
Sn2WO5,0.37420000000000053,2.6,2.2257999999999996
Nd2HfS5,0.3667,0.7,1.0667
K2Ti(CuS2)2,0.3664999999999998,2.04,1.6735000000000002
K3Nb2AsSe11,0.3652000000000002,1.53,1.1647999999999998
K2TeI6,0.3649,1.38,1.7449
Ba2GaBiTe5,0.36480000000000024,1.43,1.0651999999999997
La8Sb2S15,0.3642000000000003,2.3,1.9357999999999995
IrS2,0.36289999999999945,0.9,0.5371000000000006
Y6Zn(SiS7)2,0.36219999999999963,2.38,2.0178000000000003
Ga2(TeO3)3,0.36189999999999944,4.145,3.7831
K2Ag3Sb3S7,0.36180000000000057,2.2,1.8381999999999996
Li2TeWO6,0.359900000000001,4.0,3.640099999999999
NaNb2PS10,0.3597999999999999,1.72,1.3602
Li3Bi,0.35710000000000025,0.7,0.3428999999999997
CdSnAs2,0.35703333333333337,0.3633333333333333,0.0062999999999999
Ba2GdGaTe5,0.35630000000000006,1.12,0.7637
BSbPbS4,0.35220000000000007,1.8,2.1522
SnI4,0.3515999999999999,2.38,2.0284
CsAgSb4S7,0.35129999999999995,2.04,1.6887
As2Ru,0.35079999999999983,0.8,0.4492000000000002
RbHgSbTe3,0.35020000000000023,0.2,0.5502000000000002
SrZrS3,0.34880000000000033,0.9,0.5511999999999997
Cs3Nb2AsSe11,0.3486,1.35,1.0014
TlBiTe2,0.34839999999999993,0.12,0.4683999999999999
K3Cd(BO2)5,0.34799999999999986,3.47,3.818
Sr(NdS2)2,0.34680000000000044,2.45,2.1031999999999997
Pr2Te4O11,0.3456999999999999,3.65,3.3043
CdP4,0.3449,1.0,0.6551
HgBr,0.34430000000000005,2.6,2.2557
Ba2SmTaO6,0.34340000000000037,3.02,3.3634000000000004
KSbSe2,0.34020000000000006,1.47,1.1298
Tl2TeS3,0.33969999999999967,1.6,1.2603000000000004
Bi2Mo2Se2O13,0.3394999999999997,3.15,2.8105
As2Se3,0.3391142857142857,1.7857142857142858,1.4466
SbSeI,0.33889999999999953,1.72,1.3811000000000004
Rb2AgPS4,0.3363999999999998,2.6,2.2636000000000003
Cs2Sb,0.3361,0.62,0.2839
Cd(InTe2)2,0.3338999999999994,1.182,0.8481000000000005
GeAs2,0.3337333333333339,1.0533333333333337,0.7195999999999998
CsPPbO4,0.3319000000000001,4.39,4.0581
CoSb3,0.3316999999999996,0.495,0.1633000000000004
Rb3Sb2Br9,0.33099999999999996,2.48,2.149
K2SmP2S7,0.33089999999999975,2.59,2.2591
PdS2,0.3290000000000002,0.75,0.4209999999999998
Sn3WO6,0.3285,2.49,2.1615
In3CuSe5,0.3279999999999998,0.6,0.2720000000000002
Rb3Nb2AsSe11,0.32709999999999995,1.5,1.1729
VZn2BiO6,0.3248000000000002,2.4,2.7248
Na2Mo2Se2O11,0.3228000000000004,3.1,2.7771999999999997
BiBPbO4,0.3227000000000002,3.2,2.8773
Zn(GaSe2)2,0.3199000000000003,1.72,1.4000999999999997
RbPSe6,0.31920000000000015,2.18,1.8608
P2Pt,0.31859999999999933,0.7,1.0185999999999993
K3Ta2AsS11,0.31820000000000004,2.21,1.8918
Cs3Sb2Br9,0.3162999999999998,2.3,1.9837
Rb3Ta2AsS11,0.31620000000000004,2.21,1.8938
TeI,0.31289999999999996,1.1,0.7871000000000001
Cs2PdSe8,0.3112999999999999,1.5,1.1887
Ba2NdGaS5,0.3095000000000001,2.12,1.8105
P2Pd,0.3081000000000002,0.65,0.3418999999999998
K2Bi8Se13,0.30610000000000004,0.53,0.8361000000000001
K2PdSe10,0.3034999999999999,1.48,1.1765
Y(CuSe)3,0.3017000000000002,0.88,1.1817000000000002
PrTl2InSe4,0.3016000000000004,0.93,1.2316000000000005
MoSe2,0.29899999999999993,1.6,1.3010000000000002
K2Ga3CuSe6,0.2982,1.72,1.4218
Ba3Nb2Se9,0.2977000000000001,1.3,1.0023
SbSI,0.29739999999999966,1.925,1.6276000000000004
Nd2Se3,0.29650000000000043,1.725,1.4284999999999997
K2Se,0.29249999999999976,1.8,2.0925
SnS,0.29247272727272744,1.1972727272727273,0.9047999999999998
In5AgTe8,0.2912000000000002,0.47,0.1787999999999998
CsAsSe2,0.29059999999999997,1.93,1.6394
KSb,0.29049999999999987,0.9,0.6095000000000002
LaMg2H7Pd,0.2895000000000003,1.0,0.7104999999999997
SnTe,0.2881,0.33,0.0419
VO2,0.2861333333333333,0.4983333333333333,0.2122
AsRuS,0.2854,1.2,0.9146
TlAsSe2,0.28489999999999993,1.375,1.0901
GeSe,0.2845333333333331,1.1833333333333331,0.8988
CsPSe6,0.2832999999999999,1.9,1.6167
V2Zn3TeO10,0.28039999999999976,2.96,2.6796
LaGaS3,0.2779999999999996,2.5,2.2220000000000004
KPSe6,0.2772000000000001,2.16,1.8828
Ba2ErGaSe5,0.27690000000000015,1.95,1.6730999999999998
YMoO4F,0.27649999999999997,3.78,3.5035
BiSeI,0.2764000000000004,1.3,1.5764000000000005
SbPb2S2I3,0.2762000000000002,2.0,1.7237999999999998
P2Os,0.27470000000000017,1.165,0.8902999999999999
SiGe,0.27400000000000013,0.88,0.6059999999999999
BiSI,0.2735666666666665,1.5933333333333335,1.8669
Na2Te,0.2717999999999998,2.3,2.0282
CsLu7Se11,0.2695000000000005,1.78,1.5104999999999995
InSb2S4Br,0.2691999999999999,1.8,1.5308000000000002
TlInHgS3,0.26660000000000017,1.74,1.4733999999999998
KBaSbSe3,0.26639999999999997,2.04,1.7736
Te2Mo,0.26336666666666697,1.1266666666666667,0.8632999999999997
Ta2Tl4S11,0.2632999999999994,1.26,1.5232999999999994
K3Ta2AsSe11,0.26219999999999977,1.45,1.1878000000000002
Ho2HfS5,0.26060000000000016,1.0,1.2606000000000002
SiP,0.26049999999999995,2.0,1.7395
Tb(CuTe)3,0.25989999999999996,0.46,0.7199
Ba2Cd(BO2)6,0.25839999999999996,4.59,4.3316
PSe,0.2578999999999998,2.5,2.2421
Rb3Na(MoO4)2,0.25729999999999986,4.84,4.5827
CdSb2Se3Br2,0.2570999999999999,1.4,1.1429
AgP15,0.2567999999999995,1.47,1.2132000000000005
FePS,0.25540000000000074,0.25,0.5054000000000007
Ba8Sn4S15,0.25459999999999994,2.31,2.0554
Rb2Cd3(B4O7)4,0.2519,4.76,4.5081
BAs,0.2513000000000005,1.455,1.2036999999999995
Tm(CuTe)3,0.2503000000000007,0.14,0.3903000000000007
InSb2S4Cl,0.24750000000000028,1.8,1.5524999999999998
Bi4Pb7Se13,0.24690000000000017,0.29,0.5369000000000002
As2Os,0.24530000000000018,0.91,0.6646999999999998
Bi2Te2Se,0.24419999999999958,0.3,0.5441999999999996
Rb2BaNb2Se11,0.24219999999999997,1.53,1.2878
K2Te,0.2410000000000001,1.9,2.141
InSb2Se4Br,0.23969999999999958,1.35,1.1103000000000005
CsYZnSe3,0.23830000000000018,2.35,2.1117
CdBiClO2,0.2373000000000003,3.08,2.8427
CsK2Sb,0.23660000000000037,1.1,0.8633999999999997
Na3MoO4F,0.2344999999999997,4.77,4.5355
La2Se3,0.23433333333333373,1.7733333333333334,1.5389999999999997
In2Bi3Se7I,0.23130000000000006,1.38,1.1486999999999998
Sm4GaSbS9,0.22940000000000005,2.23,2.0006
AsP,0.2281999999999997,0.23,0.4581999999999997
BaNaB5O9,0.2275999999999998,4.78,5.0076
Nb2Tl3CuSe12,0.22679999999999967,0.8,0.5732000000000004
Bi2I4O13,0.22629999999999972,3.3,3.0737
Tl2BiP2S7,0.22489999999999966,1.8,2.0248999999999997
Ba2TaInO6,0.22410000000000085,4.17,3.945899999999999
BiBr3,0.22330000000000005,2.66,2.8833
Rb2TeI6,0.22250000000000014,1.4,1.6225
PtS,0.2218666666666665,0.6066666666666667,0.3848000000000002
Rb3Bi2I9,0.2214999999999998,1.995,2.2165
K2S,0.22009999999999996,2.1,2.3201
FeSi2,0.21939999999999993,0.916,0.6966000000000001
SrBiClO2,0.21850000000000014,3.52,3.3015
NaSb,0.21589999999999965,0.82,0.6041000000000003
ScSbPd,0.2144999999999998,0.23,0.0155000000000002
KBi3S5,0.2127000000000001,1.21,1.4227
Ge2Sb2Te5,0.2121000000000004,0.5,0.2878999999999996
In2Se3,0.20980000000000032,1.2,0.9901999999999996
Cs2Cd3(B4O7)4,0.20749999999999957,4.76,4.5525
Mg3P2,0.20679999999999987,1.4,1.6067999999999998
Hg3Bi2(TeCl4)2,0.20560000000000045,2.8,3.0056000000000003
YSbPd,0.20440000000000008,0.27,0.4744000000000001
SbI3,0.20339999999999936,2.348,2.1446000000000005
Ga2PbSe4,0.2012999999999998,1.83,2.0313
Tl2TeI6,0.19939999999999958,1.485,1.6843999999999997
MnP4,0.19860000000000005,0.28,0.4786000000000001
Rb3Bi2Br9,0.19799999999999995,2.62,2.818
AsI3,0.1958333333333333,2.4333333333333336,2.2375000000000003
KSiBiS4,0.19510000000000005,2.25,2.0549
CoAsSe,0.19470000000000026,0.2,0.3947000000000003
NaSb(PS3)2,0.19170000000000043,2.21,2.0182999999999995
KTeP2,0.19069999999999943,1.4,1.2093000000000005
NaSbTe2,0.18889999999999918,0.47,0.6588999999999992
V3Bi(PbO4)3,0.1886000000000001,2.5,2.6886
TcS2,0.18850000000000033,1.0,1.1885000000000003
Ba5(Ga2Se5)2,0.1863999999999999,2.2,2.0136000000000003
As2Ir,0.1844999999999999,1.0,0.8155000000000001
TaTlS3,0.18420000000000036,0.78,0.5957999999999997
PbSe,0.1840333333333333,0.2416666666666666,0.4256999999999999
Zn3(BO3)2,0.18330000000000002,2.6,2.7833
Ba3Bi2TeO9,0.18120000000000003,2.3,2.1188
In6Se7,0.1791999999999993,0.64,0.4608000000000007
Rb2Cd(IBr)2,0.17899999999999983,3.35,3.1710000000000003
ReS2,0.1768666666666674,1.143333333333333,1.3202000000000005
ScTlSe2,0.17539999999999978,0.79,0.6146000000000003
Ba3V2(SeO4)4,0.17349999999999977,2.87,2.6965000000000003
CsLu7S11,0.1717999999999995,1.86,2.0317999999999996
La2MoO5,0.16959999999999986,0.745,0.5754000000000001
SrCrO4,0.16860000000000008,2.45,2.6186000000000003
Sm2Te3,0.16659999999999964,0.7,0.5334000000000003
SiSn,0.16080000000000017,0.59,0.4291999999999998
CsBiS2,0.16063333333333318,1.4166666666666667,1.5773
PbCl2,0.15943333333333376,3.953333333333333,3.7938999999999994
ScNiSb,0.15790000000000004,0.11,0.2679
K2In3AgSe6,0.1570999999999998,1.64,1.4829
KBiSe2,0.1530999999999999,0.66,0.8130999999999999
FeAsSe,0.1514000000000001,0.6,0.4485999999999999
La2Mn(SeO)2,0.1513000000000002,1.6,1.7513000000000003
La4InSbS9,0.14959999999999996,2.07,2.2196
CsSb,0.14920000000000044,0.7050000000000001,0.5557999999999996
Th2Se5,0.14620000000000044,0.37,0.5162000000000004
Tl3VS4,0.14539999999999997,1.81,1.9554
Ba3In2(PO4)4,0.14460000000000006,3.87,3.7254
Bi7O5F11,0.1431,4.05,3.9069
K2Zn(SnSe3)2,0.14159999999999973,1.71,1.5684000000000002
Dy2Te3,0.1412,0.69,0.5488
TlGaSe2,0.13889999999999958,1.65,1.5111000000000003
Rb4Mo5(PO11)2,0.1387999999999998,3.51,3.3712
RbNb4Br11,0.13669999999999993,0.46,0.3233000000000001
EuIn2(GeIr)4,0.1328999999999996,0.26,0.1271000000000004
BiSBr,0.13200000000000012,1.9,2.032
Er(CuTe)3,0.1283999999999994,0.24,0.3683999999999994
Nb2Pb2Se4O15,0.12790000000000035,2.79,2.6620999999999997
SbTeRu,0.12739999999999974,0.5,0.6273999999999997
InBi2S4Br,0.12700000000000022,1.5,1.6270000000000002
TlInTe2,0.12656666666666683,0.6666666666666666,0.5400999999999998
Sb2Te3,0.12431428571428563,0.2557142857142857,0.1314000000000001
RbMoPO6,0.12319999999999975,2.96,2.8368
Tl2Te3,0.12289999999999957,0.516,0.6388999999999996
AgBi(PSe3)2,0.12219999999999986,1.4,1.2778
AsOsS,0.12050000000000005,1.3,1.1795
Cs2Al2B2O7,0.11900000000000066,4.13,4.2490000000000006
TiTlPS5,0.1189,1.3,1.1811
SnPbS3,0.11790000000000023,0.975,1.0929000000000002
SbRuSe,0.11709999999999943,0.9,0.7829000000000006
CsBiSe2,0.11700000000000021,1.07,0.9529999999999998
Mn11Si19,0.11629999999999918,0.74,0.8562999999999992
RbSbS2,0.11403333333333299,2.063333333333333,1.9493
Cs2TeI6,0.11230000000000007,1.5,1.3877
In2Se2O7,0.11220000000000008,2.97,2.8578
VFeSb,0.11130000000000001,0.46,0.3487
V2O5,0.1090666666666662,2.3916666666666666,2.2826000000000004
Sb2Os,0.10803333333333467,0.2366666666666666,0.3447000000000013
Ba2V2Te2O11,0.10760000000000014,3.16,3.2676000000000003
VGa(TeO4)2,0.10760000000000014,3.0,2.8924
PbS,0.10384285714285652,0.3628571428571429,0.4666999999999994
BaCdSnS4,0.10360000000000014,2.3,2.1963999999999997
Tl2GeTe3,0.1034999999999997,0.365,0.4684999999999997
Tl2TeBr6,0.10319999999999974,2.06,2.1632
Cs3Bi2Br9,0.09959999999999969,2.5,2.5995999999999997
Ba2InBiS5,0.09710000000000041,1.55,1.4528999999999996
Ca2CdAs2,0.0970000000000002,0.95,0.8529999999999998
AgPd(IO3)3,0.09609999999999941,1.5,1.4039000000000006
Sr2V3Se5O18,0.09489999999999954,2.47,2.5648999999999997
ScAg(PSe3)2,0.09409999999999985,1.55,1.6441
TiCoSb,0.09319999999999973,0.95,1.0431999999999997
InBi2S4Cl,0.09299999999999997,1.5,1.593
TaTl3S4,0.0924999999999998,2.4400000000000004,2.5325
PbI2,0.09005555555555578,2.535555555555556,2.4455
CrB2(PbO2)6,0.08979999999999988,1.8,1.8898
Tl2Hg3Te4,0.0897,0.9,0.9897
KSbS2,0.08900000000000019,1.6900000000000002,1.601
Bi2Te3,0.08879999999999999,0.25,0.3388
CoP2,0.08779999999999932,0.35,0.4377999999999993
Na4Mg(SiSe3)2,0.08679999999999977,2.85,2.7632000000000003
La3Mo4O16F,0.08640000000000025,3.7,3.6136
FeBi(SeO3)3,0.08489999999999975,2.54,2.6249
InBi2Se4Br,0.08450000000000024,1.21,1.2945000000000002
MgSiN2,0.08379999999999921,4.05,3.9662000000000006
Zn2InCuTe4,0.08340000000000036,1.05,1.1334000000000004
Mn(SbSe2)2,0.0828000000000002,0.31,0.3928000000000002
RbSbSe2,0.08250000000000002,1.62,1.5375
PrTlSe2,0.08210000000000028,1.18,1.2621000000000002
SbOsS,0.08080000000000065,1.2,1.1191999999999993
AgBiSe2,0.07840000000000041,0.34,0.2615999999999996
Ga2PbS4,0.07720000000000038,2.38,2.3027999999999995
CrPbO4,0.07559999999999967,2.25,2.1744000000000003
LiInTe2,0.07529999999999992,1.46,1.3847
Sb3IO4,0.07479999999999976,2.61,2.5352
BiPO4,0.07420000000000027,3.85,3.7758
ReSe2,0.07340000000000035,1.0699999999999998,1.1434000000000002
Ba(ZnAs)2,0.0674000000000001,0.23,0.2974000000000001
RbBiS2,0.0656666666666661,1.2733333333333334,1.3389999999999995
BaPd(IO3)4,0.06420000000000048,1.97,1.9057999999999995
AlV(TeO4)2,0.06390000000000029,2.9,2.8360999999999996
Sr2ScSbO6,0.06259999999999977,3.57,3.5074
CoSbS,0.0623999999999999,0.305,0.3673999999999999
NaInS2,0.06230000000000002,1.9,1.8377
TeO2,0.06040000000000001,3.0,3.0604
YNiSb,0.05950000000000022,0.235,0.2945000000000002
Ca2SnS4,0.059499999999999886,2.32,2.2605
Sr4V2(Se2O7)3,0.05929999999999991,2.66,2.7193
BiSCl,0.053600000000000536,1.91,1.9636000000000005
SbTeRh,0.05209999999999937,0.5,0.5520999999999994
YSbPt,0.050200000000000106,0.16,0.1097999999999999
Ge3Ru2,0.04859999999999981,0.43,0.3814000000000002
Ca2ScSbO6,0.04820000000000002,3.68,3.6318
SiAs,0.048100000000000476,1.5,1.4518999999999995
Ba2V2ZnO8,0.046399999999999775,3.48,3.4336
LiSbTe2,0.045900000000000385,0.13,0.1759000000000004
Sm4InSbS9,0.045399999999999885,2.13,2.1754
Y(CuTe)3,0.04320000000000035,0.72,0.7632000000000003
BaV2SeO8,0.041899999999999604,2.13,2.0881000000000003
Bi2S3,0.04179999999999984,1.3199999999999998,1.3617999999999997
LiCa3As2H,0.041699999999999626,1.4,1.4416999999999995
LiMgBi,0.04129999999999984,0.4,0.3587000000000002
Na2S,0.03990000000000027,2.4,2.4399
Rb2TeBr6,0.039000000000000146,2.14,2.101
VCu3S4,0.0358000000000005,1.0,1.0358000000000005
BaIn2(P2O7)2,0.034799999999999276,3.97,4.0047999999999995
Te2Ru,0.034700000000000786,0.25,0.2847000000000008
As2O3,0.03390000000000004,4.0,4.0339
In2HgSe4,0.033700000000000174,0.6,0.6337000000000002
Dy4Te3S4,0.03340000000000054,1.43,1.3965999999999994
Ca(SmS2)2,0.033399999999999874,2.05,2.0833999999999997
KAsSe2,0.029099999999999904,1.625,1.5959
Bi5IO7,0.027499999999999414,2.76,2.7325000000000004
BaCu2SnSe4,0.02700000000000019,0.48,0.4529999999999998
Ba2SmGaTe5,0.026799999999999935,1.04,1.0132
BiSeBr,0.024533333333333296,1.6666666666666667,1.6912
BiSbTe3,0.023299999999999293,0.19,0.2132999999999993
Cs3Sb2I9,0.02210000000000001,1.89,1.8679
NaSm(PS3)2,0.020300000000000207,2.54,2.5197
Si3Ru2,0.018900000000000028,0.57,0.5510999999999999
WSe2,0.018500000000000183,1.465,1.4465
Rb3Sb2I9,0.01629999999999998,1.94,1.9237
Na2Se,0.01529999999999987,2.0,2.0153
Ba2GaBiS5,0.01100000000000012,2.38,2.391
Na5Gd(MoO4)4,0.009600000000000275,3.38,3.3896
SiAs2,0.009099999999999553,0.88,0.8890999999999996
Cs2TeBr6,0.00790000000000024,2.12,2.1121
Sn3Ir2Se3,0.007599999999999718,0.43,0.4375999999999997
BaBSbS4,0.002300000000000413,2.34,2.3423000000000003
Bi2Se3,0.0019000000000000128,0.375,0.3769
TiFe2Si,0.0015999999999983805,0.4,0.4015999999999984
BiP3(PbO4)3,0.000600000000000378,3.7,3.6994
Ba2NaCu3S5,0.00040000000000006697,0.45,0.4504000000000001
PdSe2,0.00010000000000010001,0.4,0.4001000000000001
