,compound,mp
830,LaSb,0.0
811,La3GaCuSe7,0.0
802,La2MnNiO6,0.0
797,KZrPSe6,0.0
791,KTi2F7,0.0
763,KEuAsS4,0.0
757,KCeSe4,0.0
718,K2Ta15O32,0.0
207,Bi12PO20,0.0
677,K10Mn4Sn4S17,0.0
676,K(GeSe2)2,0.0
669,InSb,0.0
665,InN,0.0
663,InCuTe2,0.0
662,InCuSe2,0.0
661,InCuS2,0.0
656,InAs,0.0
654,InAgSe2,0.0
539,FeI2,0.0
261,CaB6,0.0
560,GaBi,0.0
572,GaSb,0.0
574,GaTc,0.0
582,Gd2ZrS5,0.0
814,La3Te4,0.0
584,GdAs,0.0
586,GdN,0.0
588,GdTe,0.0
622,HgS,0.0
624,HgTe,0.0
639,In2Se,0.0
234,BiSe,0.0
585,GdB6,0.0
538,FeCuTe2,0.0
817,La4Fe(SbSe5)2,0.0
829,LaP,0.0
1019,NiTe,0.0
147,Ba3La3(Cu3O7)2,0.0
1017,NiP2,0.0
1014,Ni(CN)2,0.0
1013,NdTe2,0.0
1007,NdB6,0.0
1006,NdAs,0.0
1004,Nd3Te4,0.0
1002,Nd2Te3,0.0
996,NbSe2,0.0
975,NaNO2,0.0
959,NaB15,0.0
956,Na7(CoO3)2,0.0
926,MnTe,0.0
925,MnSi,0.0
924,MnSe,0.0
923,MnPSe3,0.0
831,LaSi2,0.0
189,BaPrO3,0.0
836,Li2CdGe,0.0
839,Li2FeGeS4,0.0
840,Li2FeSnS4,0.0
842,Li2HgGe,0.0
821,LaB6,0.0
850,Li2ZnGe,0.0
893,LuP,0.0
896,Mg2Pb,0.0
898,Mg2Sn,0.0
914,Mn(SbO2)2,0.0
917,Mn15Si26,0.0
167,BaB6,0.0
866,LiEuH3,0.0
537,FeCuSe2,0.0
536,FeCuS2,0.0
531,FeAgTe2,0.0
327,Ce4(GeS4)3,0.0
329,CeF3,0.0
331,CeN,0.0
333,CeScO3,0.0
336,CoAs3,0.0
337,CoAsS,0.0
340,CoP3,0.0
342,CoPbO3,0.0
343,CoSb2,0.0
346,Cr2O3,0.0
347,Cr2S3,0.0
348,Cr3Se4,0.0
495,ErTe,0.0
350,CrO2,0.0
494,ErSe2,0.0
353,CrSb2,0.0
354,CrSi2,0.0
401,CsBi2,0.0
408,CsCeHgSe3,0.0
447,Cu2GeSe3,0.0
451,Cu2Te,0.0
452,Cu2Te3O8,0.0
454,Cu3AsS4,0.0
326,Ce3MoO7,0.0
455,Cu3AsSe4,0.0
458,Cu3SbSe4,0.0
459,Cu4Sn7S16,0.0
483,DyAs,0.0
484,DyB6,0.0
491,ErB6,0.0
355,CrTe2,0.0
457,Cu3SbS4,0.0
325,Ce3LuSe6,0.0
324,Ce2Te3,0.0
323,Ce2Se3,0.0
515,Eu3Sb4S9,0.0
516,Eu3Sb4Se9,0.0
518,EuCu2SnS4,0.0
519,EuH2,0.0
521,EuN,0.0
522,EuO,0.0
514,Eu3S4,0.0
279,Cd3As2,0.0
524,EuSe,0.0
525,EuTe,0.0
526,EuVO4,0.0
528,Fe2O3,0.0
529,Fe2Te3,0.0
530,FeAgSe2,0.0
523,EuS,0.0
1020,OsS2,0.0
513,Eu3(InP2)2,0.0
294,CdCu2GeSe4,0.0
322,Ce2S3,0.0
321,Ce2Fe(SeO)2,0.0
320,Ce15B8N25,0.0
501,Eu(GaTe2)2,0.0
503,Eu(InS2)2,0.0
507,Eu(SbSe2)2,0.0
292,CdCu(SeO3)2,0.0
305,CdO,0.0
509,Eu2Ga2GeS7,0.0
510,Eu2O3,0.0
511,Eu2Se3,0.0
512,Eu2SnSe5,0.0
296,CdCu2SnSe4,0.0
295,CdCu2SnS4,0.0
304,CdIn,0.0
1046,PbO2,0.0
382,Cs3As,0.0
13,Ag7AsSe6,0.0
1279,TaN,0.0
1405,Zn2In2S5,0.0
6,Ag2S,0.0
34,AgSbTe2,0.0
33,AgSbSe2,0.0
1261,SrGe2,0.0
43,AlBi,0.0
1258,SrB6,0.0
1238,SnO,0.0
1235,SnHgO3,0.0
5,Ag2PdO2,0.0
31,AgSO4,0.0
4,Ag2O,0.0
1226,SmTe,0.0
1225,SmSe,0.0
1224,SmSb,0.0
1223,SmS,0.0
1222,SmP,0.0
1218,SmB6,0.0
1217,SmAs,0.0
1214,Sm3Te4,0.0
1293,Te2Os,0.0
1294,Te2Pd,0.0
1297,TeAs,0.0
1443,Zr3O,0.0
1372,V2Bi4O11,0.0
1371,UP2S7,0.0
1370,UO2,0.0
1369,UO,0.0
1392,Y4US5O3,0.0
1366,TmAs,0.0
1362,TlSbSe2,0.0
1361,TlSbS2,0.0
1358,TlN,0.0
1348,TlCuSe2,0.0
28,AgO,0.0
1346,TlCr5Se8,0.0
1343,TlCdS2,0.0
1338,TlAgTe2,0.0
1337,TlAgSe2,0.0
1441,ZnSnSb2,0.0
1326,Tl2O3,0.0
1318,TiTe2,0.0
1317,TiSe2,0.0
1051,PdO,0.0
1315,TiS2,0.0
1313,TiNiSb,0.0
1438,ZnSnAs2,0.0
1204,SiTe2,0.0
1411,Zn3(InS3)2,0.0
1444,ZrC,0.0
1154,Sb2Pt,0.0
1446,ZrNiSb,0.0
1147,ReSi2,0.0
1424,ZnCu2SnSe4,0.0
1144,ReO3,0.0
1425,ZnCu2SnTe4,0.0
1123,RbCuSnS3,0.0
17,AgAsSe2,0.0
1070,PrTe2,0.0
1069,PrSb,0.0
1068,PrO,0.0
1062,PrB6,0.0
1061,PrAs,0.0
1054,PdSe,0.0
1052,PdS,0.0
1162,SbAs,0.0
1420,ZnCu2GeSe4,0.0
1149,RhSe2,0.0
1186,ScN,0.0
1183,ScCd,0.0
25,AgF,0.0
1185,ScHg,0.0
1192,SeS,0.0
162,Ba6Sn6Se13,9.999999999976694e-05
429,CsNa2Sb,9.999999999976694e-05
277,Cd12Ge17(B4O29)2,0.0001000000000002
15,Ag8SnSe6,0.0009999999999998
1426,ZnGeAs2,0.0011999999999998
280,Cd3P2,0.0018000000000002
1155,Sb2Ru,0.0034999999999989
314,CdSnAs2,0.0062999999999999
298,CdGeAs2,0.0085000000000001
319,Ce10Se14O,0.0092999999999996
1188,ScSbPd,0.0155000000000002
407,CsCeCdSe3,0.0183999999999997
309,CdSb,0.0200999999999997
396,CsAg5Te3,0.0200999999999997
11,Ag5IO6,0.0205000000000001
1433,ZnSb,0.0282
1429,ZnHg3(SCl2)2,0.0392
565,GaCuSe2,0.0398
1245,SnTe,0.0419
485,DyN,0.0430999999999994
1191,ScTlTe2,0.0445999999999999
675,IrSe2,0.0517000000000003
449,Cu2Se,0.0518999999999998
490,Er2Te3,0.0521000000000002
496,Eu(BiSe2)2,0.0541
253,Ca2Sn,0.0559000000000002
7,Ag2SnSe3,0.0586000000000002
655,InAgTe2,0.0649999999999999
20,AgBiPbS3,0.0682999999999998
258,Ca3Ti2(SiO4)3,0.0693000000000001
54,As2Pt,0.0785
504,Eu(InSe2)2,0.0786000000000002
816,La4Fe(SbS5)2,0.0799000000000003
500,Eu(GaSe2)2,0.0835999999999996
257,Ca3Sb2,0.0853999999999999
450,Cu2SnSe3,0.0857999999999998
630,HoN,0.0874999999999999
1105,Rb3Sb,0.0878000000000001
885,LiSbS2,0.0910999999999999
858,LiB3,0.0918999999999998
517,EuAl2O4,0.0991999999999997
330,CeMoO4F,0.1015000000000005
647,In5AgS8,0.1034999999999994
1400,YSbPt,0.1097999999999999
446,Cu2GeS3,0.1110999999999995
581,Gd2Te3,0.1129999999999995
689,K2FeGe3Se8,0.1131999999999999
502,Eu(HoSe2)2,0.1142000000000003
646,In4Te3,0.1223999999999998
493,ErN,0.1242999999999998
1,Ag2GeSe3,0.1251
520,EuIn2(GeIr)4,0.1271000000000004
1158,Sb2Te3,0.1314000000000001
288,CdAs2,0.1331999999999999
506,Eu(SbS2)2,0.1394999999999999
1207,Sm2Mn3(SbS3)4,0.1398000000000001
505,Eu(LuSe2)2,0.1428000000000002
328,CeBiW2O9,0.1476999999999995
1345,TlCr5S8,0.1494999999999997
645,In4Se3,0.1504000000000003
1397,YN,0.1510000000000007
1423,ZnCu2SiTe4,0.1589999999999998
649,In5CuS8,0.1614000000000004
344,CoSb3,0.1633000000000004
1413,Zn3As2,0.1646999999999998
497,Eu(DySe2)2,0.1657000000000001
567,GaGeTe,0.1672000000000002
894,Mg2Ge,0.1689000000000002
933,Na2EuGeSe4,0.1751
887,LiSbTe2,0.1759000000000004
278,Cd2InCuTe4,0.1765999999999996
648,In5AgTe8,0.1787999999999998
383,Cs3Bi,0.1789999999999998
559,GaAs,0.1861000000000001
558,GaAgTe2,0.1926000000000001
1286,Tb2EuSe4,0.1933000000000002
508,Eu(TmSe2)2,0.1943000000000001
498,Eu(ErSe2)2,0.1958000000000002
1363,TlSe,0.1979999999999999
1367,UHg3(TeCl3)2,0.1998000000000002
566,GaCuTe2,0.2057999999999999
1233,SnGe,0.2086999999999998
1383,VO2,0.2122
233,BiSbTe3,0.2132999999999993
456,Cu3Hg2(Te3O8)2,0.2151999999999998
897,Mg2Si,0.2179999999999999
1321,Tl2Cu2SnS4,0.2195
1417,ZnAs2,0.2240999999999998
1316,TiS3,0.2261000000000006
886,LiSbSe2,0.2286999999999999
334,CeTl2P2S7,0.2328999999999998
499,Eu(GaS2)2,0.2343000000000001
652,InAgO2,0.2347000000000001
1018,NiS2,0.2404000000000001
35,AgTe,0.2411000000000003
1308,ThTeO,0.2423999999999999
1406,Zn2InCuSe4,0.2425000000000001
557,GaAgSe2,0.2491999999999997
22,AgBiSe2,0.2615999999999996
55,As2Rh,0.2625000000000002
1274,Ta2O5,0.2637
1187,ScNiSb,0.2679
316,CdSnP2,0.2694999999999998
642,In3CuSe5,0.2720000000000002
371,Cs2Sb,0.2839
1295,Te2Ru,0.2847000000000008
591,Ge2Sb2Te5,0.2878999999999996
703,K2MnSnSe4,0.2896000000000001
1398,YNiSb,0.2945000000000002
1416,ZnAs,0.2952999999999997
87,Ba(ZnAs)2,0.2974000000000001
463,CuBiSeO,0.3006000000000002
1151,RuSe2,0.3137999999999996
1414,Zn3P2,0.3144
650,In6S7,0.3186
1136,RbNb4Br11,0.3233000000000001
1368,UHg4(AsCl3)2,0.3263
1450,ZrSe2,0.3296000000000001
216,Bi2Te3,0.3388
196,BaTaNO2,0.3398000000000003
1023,P2Pd,0.3418999999999998
852,Li3Bi,0.3428999999999997
1153,Sb2Os,0.3447000000000013
634,In2HgS4,0.3467000000000002
1380,VFeSb,0.3487
881,LiMgBi,0.3587000000000002
345,CoSbS,0.3673999999999999
487,Er(CuTe)3,0.3683999999999994
1419,ZnCu2GeS4,0.3693999999999997
1026,P2Rh,0.3704999999999998
195,BaSnO3,0.3723999999999998
1210,Sm2Se3,0.3736999999999999
214,Bi2Se3,0.3769
653,InAgS2,0.3772999999999999
592,Ge3Ru2,0.3814000000000002
1073,PtS,0.3848000000000002
293,CdCu2GeS4,0.3884999999999996
1364,Tm(CuTe)3,0.3903000000000007
915,Mn(SbSe2)2,0.3928000000000002
951,Na3Sb,0.3946
338,CoAsSe,0.3947000000000003
1451,ZrSe3,0.3979000000000003
1055,PdSe2,0.4001000000000001
312,CdSiAs2,0.4001999999999999
1312,TiFe2Si,0.4015999999999984
92,Ba2DyGaTe5,0.4117999999999999
64,AsPRu,0.4142999999999999
1347,TlCuCl3,0.4143000000000001
96,Ba2ErGaTe5,0.4189000000000002
1148,Rh2S3,0.4203000000000001
1053,PdS2,0.4209999999999998
132,Ba2YGaTe5,0.4222000000000001
1048,PbSe,0.4256999999999999
1203,SiSn,0.4291999999999998
1296,Te3As2,0.4326000000000007
1229,Sn3Ir2Se3,0.4375999999999997
339,CoP2,0.4377999999999993
533,FeAsSe,0.4485999999999999
580,Gd2Se3,0.4490000000000003
56,As2Ru,0.4492000000000002
115,Ba2NaCu3S5,0.4504000000000001
173,BaCu2SnSe4,0.4529999999999998
666,InP,0.4546000000000001
62,AsP,0.4581999999999997
673,InSe,0.4590000000000001
651,In6Se7,0.4608000000000007
300,CdHg4(AsI2)2,0.4617
0,Ag2GeS3,0.4646000000000003
1047,PbS,0.4666999999999994
1341,TlBiTe2,0.4683999999999999
1322,Tl2GeTe3,0.4684999999999997
1336,Tl4CuTeO6,0.4697999999999993
761,KCu3S2,0.4727000000000005
134,Ba2YInTe5,0.4731999999999998
1399,YSbPd,0.4744000000000001
1355,TlInS2,0.4748000000000001
922,MnP4,0.4786000000000001
1027,P2Ru,0.4791999999999996
812,La3LuSe6,0.4844999999999997
464,CuBr,0.4870999999999998
597,GeP,0.4889000000000001
913,Mn(PbO2)2,0.4894999999999996
21,AgBiS2,0.4917999999999995
1066,PrLuSe3,0.4935
1011,NdLuSe3,0.4956
141,Ba3FeS4Br,0.4962
473,CuSbSe2,0.4985999999999997
12,Ag7AsS6,0.5009999999999999
541,FePS,0.5054000000000007
1015,Ni2Te3O8,0.5076
593,GeAs,0.5112999999999999
448,Cu2O,0.5126999999999997
1033,POsSe,0.5156999999999998
1243,SnSe,0.5159000000000002
1304,Th2Se5,0.5162000000000004
891,LiZnN,0.5187000000000004
921,MnO2,0.5244999999999997
182,BaGe2,0.5255000000000001
579,Gd2S3,0.5267
636,In2HgTe4,0.5295000000000001
1211,Sm2Te3,0.5334000000000003
610,HfSe2,0.5342000000000002
217,Bi4Pb7Se13,0.5369000000000002
674,IrS2,0.5371000000000006
1357,TlInTe2,0.5400999999999998
215,Bi2Te2Se,0.5441999999999996
807,La2TiCoO6,0.5484
479,Dy2Te3,0.5488
1129,RbHgSbTe3,0.5502000000000002
252,Ca2Si,0.5509000000000004
1195,Si3Ru2,0.5510999999999999
1272,SrZrS3,0.5511999999999997
1176,SbTeRh,0.5520999999999994
1422,ZnCu2SiSe4,0.5549
1351,TlGaTe2,0.5555999999999996
433,CsSb,0.5557999999999996
465,CuCl,0.5569000000000002
1134,RbNa2Sb,0.5682
784,KSm2CuS4,0.5692000000000004
747,KAg2SbS4,0.5695999999999999
1036,PRuS,0.5699000000000005
311,CdSe,0.5724
990,Nb2Tl3CuSe12,0.5732000000000004
803,La2MoO5,0.5754000000000001
250,Ca2Ge,0.5756000000000001
834,LaZnAsO,0.5760000000000005
555,GaAgO2,0.5832999999999999
317,CdTe,0.5846000000000002
1328,Tl2S,0.5885999999999996
478,Dy2S3,0.5937999999999999
1282,TaTlS3,0.5957999999999997
992,Nb3CuO8,0.5998000000000006
978,NaSb,0.6041000000000003
1199,SiGe,0.6059999999999999
778,KSb,0.6095000000000002
14,Ag8GeS6,0.6102000000000003
389,Cs3Sb,0.6126
462,CuBiPbS3,0.6137000000000006
1190,ScTlSe2,0.6146000000000003
1116,RbAg2SbS4,0.6177999999999999
1075,PtSe2,0.6193
365,Cs2Hg6S7,0.6230999999999998
1177,SbTeRu,0.6273999999999997
1021,P2Ir,0.6331000000000007
635,In2HgSe4,0.6337000000000002
982,NaSbSe2,0.6374999999999997
553,Ga2Te3,0.6375000000000002
1329,Tl2Te3,0.6388999999999996
461,CuBi(PSe3)2,0.6399000000000004
973,NaInTe2,0.6416
299,CdGeP2,0.6455000000000002
660,InCuGeSe4,0.6493000000000002
1205,Sm(CuTe)3,0.6511000000000005
1239,SnO2,0.6519000000000004
432,CsRb2Sb,0.6525000000000001
905,MgCu2GeS4,0.6525000000000007
307,CdP4,0.6551
983,NaSbTe2,0.6588999999999992
53,As2Os,0.6646999999999998
119,Ba2NdInTe5,0.6662999999999997
1150,RuS2,0.6683999999999992
759,KCu2BiS3,0.6686000000000005
832,LaTaN2O,0.6712999999999996
772,KNa2Sb,0.6720999999999999
710,K2RbSb,0.6879
542,FeSi2,0.6966000000000001
1244,SnSe2,0.7018
1440,ZnSnP2,0.7042999999999999
564,GaCuS2,0.7056000000000004
1303,TeSe,0.7062000000000008
94,Ba2DyInTe5,0.7071000000000005
828,LaMg2H7Pd,0.7104999999999997
594,GeAs2,0.7195999999999998
1284,Tb(CuTe)3,0.7199
472,CuSbS2,0.7226999999999997
1431,ZnO,0.7227
23,AgBr,0.7303999999999999
562,GaCuGeSe4,0.7335000000000003
1356,TlInSe2,0.7351000000000002
532,FeAsS,0.7373000000000003
1209,Sm2S3,0.7441
98,Ba2ErInTe5,0.7491000000000003
857,LiAsSe2,0.7504
80,BSb,0.7506000000000004
128,Ba2ThCu2Se5,0.7546000000000004
1157,Sb2Se3,0.7564000000000002
466,CuHg(SeO3)2,0.7590999999999999
1000,Nd2S3,0.7595999999999998
1388,Y(CuTe)3,0.7632000000000003
108,Ba2GdGaTe5,0.7637
475,Dy(CuTe)3,0.7643000000000004
114,Ba2InSbSe5,0.7680000000000002
1307,ThSeO,0.7690000000000001
471,CuSbPbS3,0.7698
1057,Pr2S3,0.7775000000000003
625,Ho(CuTe)3,0.7792000000000003
193,BaSi2,0.7812999999999999
563,GaCuO2,0.7812999999999999
1169,SbRuSe,0.7829000000000006
1298,TeI,0.7871000000000001
489,Er2Se3,0.7923
1263,SrPbO3,0.7941000000000003
63,AsPPt,0.7984
794,KV4Ag11O16,0.8009000000000002
540,FeP4,0.8049
1301,TePb,0.8063000000000002
1206,Sm(ErSe2)3,0.8068999999999997
1360,TlS,0.8102
755,KBiSe2,0.8130999999999999
51,As2Ir,0.8155000000000001
1220,SmCuSe2,0.8167999999999997
1404,Zn(InTe2)2,0.8291
638,In2S3,0.8348999999999998
683,K2Bi8Se13,0.8361000000000001
1212,Sm2ZrSe5,0.8425000000000002
1174,SbTeI,0.8429000000000002
276,Cd(InTe2)2,0.8481000000000005
249,Ca2CdAs2,0.8529999999999998
916,Mn11Si19,0.8562999999999992
1175,SbTeOs,0.8576000000000015
1292,Te2Mo,0.8632999999999997
424,CsK2Sb,0.8633999999999997
469,CuP2,0.8679000000000006
696,K2Ho4Cu4S9,0.8687000000000005
414,CsGdZnTe3,0.8742999999999999
702,K2Mn(SnSe3)2,0.8791
1333,Tl3AsSe3,0.8813999999999997
1059,Pr2Te3,0.8827999999999996
1142,RbV(CuS2)2,0.8835999999999999
981,NaSbS2,0.8857000000000004
1436,ZnSiAs2,0.8866
1197,SiAs2,0.8890999999999996
1022,P2Os,0.8902999999999999
9,Ag3AsSe3,0.8906000000000001
45,AlCuSe2,0.8921999999999999
602,GeSe,0.8988
1085,Rb2Cu2SnS4,0.9012999999999995
1241,SnS,0.9047999999999998
1178,Sc(CuSe)3,0.9079000000000006
65,AsRuS,0.9146
545,Ga2HgSe4,0.9168
1050,Pd(IO3)2,0.9186
691,K2Gd2Sb2Se9,0.9220000000000002
155,Ba3ThSe7,0.923
637,In2O3,0.9288999999999996
1189,ScTlS2,0.9331000000000004
287,CdAg2GeS4,0.9337
1032,POsS,0.944
24,AgCl,0.9522000000000002
404,CsBiSe2,0.9529999999999998
760,KCu2SbS3,0.9539
275,Cd(InSe2)2,0.9564
730,K3Cr2(PS4)3,0.9572
995,NbCuO3,0.959
556,GaAgS2,0.9622000000000002
576,Gd(CuS)3,0.9673000000000008
1035,PPdSe,0.9677000000000002
552,Ga2SnGeS6,0.9682
1382,VO,0.9700999999999996
281,Cd4As2Br3,0.9704
105,Ba2GaSbTe5,0.9728
682,K2BaNb2S11,0.9735999999999998
315,CdSnO3,0.9762
1118,RbBi3Se5,0.984
174,BaCuTeF,0.9884000000000004
1325,Tl2Hg3Te4,0.9897
641,In2Se3,0.9901999999999996
416,CsGeI3,0.9905000000000002
1403,Zn(InSe2)2,0.9929
402,CsBi3Se5,0.9987999999999996
387,Cs3Nb2AsSe11,1.0014
149,Ba3Nb2Se9,1.0023
106,Ba2GaSe4,1.0042
575,GaTe,1.0066000000000002
122,Ba2SmGaTe5,1.0132
644,In4Bi3S10,1.0139000000000005
1034,PPdS,1.0142999999999995
1025,P2Pt,1.0185999999999993
46,AlCuTe2,1.0186000000000002
972,NaInSe2,1.0191999999999997
399,CsAu,1.0233
958,NaAsSe2,1.0293
1180,Sc2S3,1.0349999999999997
1324,Tl2Hg3Se4,1.0356999999999998
805,La2S3,1.0358
1379,VCu3S4,1.0358000000000005
1448,ZrS2,1.0418
1311,TiCoSb,1.0431999999999997
623,HgSe,1.0432
551,Ga2Se3,1.0436
42,AlAgTe2,1.0469000000000004
274,Cd(InS2)2,1.0503999999999998
1113,Rb4Ti3S14,1.0541
742,K5In3P6Se19,1.0646000000000002
102,Ba2GaBiTe5,1.0651999999999997
1227,Sn2SbS2I3,1.0658
856,LiAsS2,1.0664000000000002
998,Nd2HfS5,1.0667
118,Ba2NdInSe5,1.0692000000000004
1442,ZnTe,1.0732999999999997
1038,Pb2O3,1.0748999999999995
1115,Rb7Th2(P2Se7)3,1.0757
1003,Nd2ZrS5,1.0763999999999996
123,Ba2SmInSe5,1.0779999999999998
1439,ZnSnO3,1.0809999999999995
929,Na(GeP)3,1.0854999999999997
1340,TlAsSe2,1.0901
961,NaBiSe2,1.0922999999999998
1240,SnPbS3,1.0929000000000002
362,Cs2Cu2Sb2S5,1.1042999999999998
672,InSb2Se4Br,1.1103000000000005
256,Ca3N2,1.1111
1449,ZrS3,1.1132999999999995
1306,ThSO,1.1144999999999996
1268,SrTaNO2,1.1168000000000005
240,CI4,1.1181
1164,SbOsS,1.1191999999999993
341,CoPS,1.1231
1165,SbOsSe,1.123400000000001
308,CdS,1.125
721,K2Th(CuS2)2,1.1260000000000003
93,Ba2DyInSe5,1.1264000000000003
699,K2In3CuSe6,1.1284
800,La2HfS5,1.1290000000000004
782,KSbSe2,1.1298
436,CsSbSe2,1.1312
286,Cd4Sb2I3,1.1312000000000002
609,HfS3,1.1326
161,Ba5In4Te4S7,1.1328999999999998
1407,Zn2InCuTe4,1.1334000000000004
809,La2ZrS5,1.1334999999999995
41,AlAgSe2,1.1351999999999998
126,Ba2SnSe5,1.1384
799,La2Fe(SeO)2,1.1414
310,CdSb2Se3Br2,1.1429
1146,ReSe2,1.1434000000000002
633,In2Bi3Se7I,1.1486999999999998
470,CuPS3,1.1555
815,La4Cd4In2S13,1.1568999999999994
183,BaHgS2,1.1569
1117,RbAg5(PS4)2,1.1624999999999996
700,K2La2Sb2S9,1.1627
732,K3Nb2AsSe11,1.1647999999999998
1434,ZnSe,1.1663
1084,Rb2Cu2Sb2S5,1.1696
919,MnI2,1.1707999999999998
1104,Rb3Nb2AsSe11,1.1729
1277,Ta7Cu3O19,1.1738999999999995
282,Cd4As2I3,1.1746
709,K2PdSe10,1.1765
133,Ba2YInSe5,1.1767999999999996
587,GdScS3,1.1773999999999996
1428,ZnGeP2,1.1782000000000004
61,AsOsS,1.1795
1319,TiTlPS5,1.1811
1387,Y(CuSe)3,1.1817000000000002
18,AgBi(PS3)2,1.1837999999999995
824,LaCuTeO,1.1839000000000004
1283,Tb(CuSe)3,1.1848
97,Ba2ErInSe5,1.1854
620,HgO,1.1867
737,K3Ti2P5S18,1.1872999999999998
735,K3Ta2AsSe11,1.1878000000000002
1291,TcS2,1.1885000000000003
370,Cs2PdSe8,1.1887
810,La3CuGeSe7,1.1936
152,Ba3Ta2Se9,1.202
945,Na2TeSe3,1.2031
76,BAs,1.2036999999999995
789,KTeP2,1.2093000000000005
573,GaSe,1.2121
991,Nb2Tl4S11,1.2121
29,AgP15,1.2132000000000005
596,GeO2,1.2157
608,HfS2,1.2237
49,AlSb,1.2255000000000005
1071,PrTl2InSe4,1.2316000000000005
237,BiTeI,1.2325
724,K2VCuS4,1.2343
67,AsSeI,1.2345000000000002
600,GeS,1.2375999999999996
474,Dy(CuSe)3,1.2397
970,NaIn3S5,1.2428
78,BP,1.2434999999999992
1099,Rb2VCuS4,1.2439
745,KAg2PS4,1.2441
855,LiAlB14,1.2527
381,Cs2ZnSn3Se8,1.2553000000000003
1030,P4Ru,1.2586000000000013
1332,Tl2TeS3,1.2603000000000004
627,Ho2HfS5,1.2606000000000002
1072,PrTlSe2,1.2621000000000002
125,Ba2SnSe4,1.2645999999999995
1376,V3As2O9,1.2701000000000002
1276,Ta4Cu2O11,1.2731
453,Cu2WSe4,1.2756999999999996
2,Ag2HgI4,1.2763999999999998
19,AgBi(PSe3)2,1.2778
1161,Sb8I2O11,1.2782
1040,Pb3O4,1.2818999999999998
1221,SmCuSeO,1.2864999999999993
1156,Sb2S3,1.2866
1077,Rb2BaNb2Se11,1.2878
762,KCu4AsS4,1.2885000000000004
1028,P2Se5,1.2912
136,Ba2ZnTe3,1.2922000000000002
659,InBi2Se4Br,1.2945000000000002
1327,Tl2PAuS4,1.2994000000000003
928,MoSe2,1.3010000000000002
1029,P4Os,1.3036000000000003
723,K2VAgS4,1.3049999999999995
920,MnO,1.310499999999999
1145,ReS2,1.3202000000000005
903,Mg3Sb2,1.3212000000000002
684,K2Cd2Te3,1.3224
157,Ba4Ga4SnSe12,1.3292000000000002
1098,Rb2VAgS4,1.3323
780,KSb5S8,1.3375
1119,RbBiS2,1.3389999999999995
301,CdHg6(As2Br3)2,1.3414
948,Na2Zn(GeSe3)2,1.3476
273,Cd(GaSe2)2,1.3487
668,InS,1.3508000000000004
422,CsInTe2,1.3522000000000003
1385,WO3,1.3529
410,CsCu2AsS3,1.3532000000000002
356,Cs2AgBiBr6,1.3547
957,NaAsS2,1.3553
441,CsTbZnTe3,1.3573
107,Ba2GdGaSe5,1.3594000000000002
976,NaNb2PS10,1.3602
994,NbCu3Se4,1.3604000000000005
213,Bi2S3,1.3617999999999997
439,CsSmHgSe3,1.3625
1437,ZnSiP2,1.3641000000000003
937,Na2In2GeSe6,1.3672000000000002
1110,Rb4Ge(PSe3)4,1.3687
32,AgSbS2,1.3716000000000002
880,LiMgAs,1.3722999999999996
987,Nb2AgPS10,1.3724999999999996
26,AgI,1.3759
1125,RbGaSnSe4,1.3781
285,Cd4P2I3,1.379
419,CsInHgS3,1.3790000000000002
1173,SbSeI,1.3811000000000004
605,HfHg4(AsCl3)2,1.3812000000000002
997,Nd10Se14O,1.3835000000000002
284,Cd4P2Cl3,1.3836
393,Cs4Ge(PSe3)4,1.3838
879,LiInTe2,1.3847
379,Cs2VAgS4,1.3867
376,Cs2TeI6,1.3877
694,K2Hg(PSe3)2,1.3922
741,K4Nb2S11,1.3942000000000003
111,Ba2In2Se5,1.3945
443,CsYHgSe3,1.3946
482,Dy4Te3S4,1.3965999999999994
738,K4Ge(PSe3)4,1.3986
283,Cd4P2Br3,1.3992999999999998
1401,Zn(GaSe2)2,1.4000999999999997
935,Na2Ge2Se5,1.4023
1402,Zn(InS2)2,1.4023999999999996
686,K2Cd3Se4,1.4027999999999998
380,Cs2ZnGe3Se8,1.4028
1378,VAg(IO4)2,1.4028999999999998
242,Ca(GdS2)2,1.4034
30,AgPd(IO3)3,1.4039000000000006
142,Ba3Gd2(PS4)4,1.4044
743,K6Cd4Sn3Se13,1.4058
1198,SiB3,1.4080000000000004
39,AlAgO2,1.4090999999999996
1082,Rb2Cd3Se4,1.4123
754,KBiS2,1.4158000000000002
786,KSnAuSe3,1.4172999999999998
716,K2Sn2Hg3S8,1.4179
688,K2Ce(PO4)2,1.4179000000000002
776,KPSe3,1.4182
731,K3NaSn3Se8,1.4211000000000005
1056,Pr10Se14O,1.4217999999999995
690,K2Ga3CuSe6,1.4218
753,KBi3S5,1.4227
165,BaAgSbS3,1.4228999999999998
1058,Pr2Se3,1.4255999999999998
313,CdSiP2,1.4257
1201,SiP2,1.4262
1001,Nd2Se3,1.4284999999999997
368,Cs2MgSn3Se8,1.4299
899,Mg3As2,1.431
394,Cs4Zr3S14,1.4329000000000005
388,Cs3Nb9(TeO8)4,1.4336000000000002
1168,SbPbIO2,1.4366000000000003
1097,Rb2Ti(CuS2)2,1.4368000000000003
1172,SbSeBr,1.4377999999999995
687,K2Cd3Te4,1.438
603,GeSe2,1.4381000000000002
1083,Rb2Cd3Te4,1.4415
863,LiCa3As2H,1.4416999999999995
1386,WSe2,1.4465
58,As2Se3,1.4466
960,NaBiS2,1.4468999999999994
1196,SiAs,1.4518999999999995
113,Ba2InBiS5,1.4528999999999996
425,CsLaHgSe3,1.4545
664,InHg7S6Cl5,1.4549000000000003
306,CdP2,1.4556
629,Ho2S3,1.4612999999999996
888,LiSiB6,1.4627
367,Cs2MgGe3Se8,1.4687
225,BiIO,1.473
1354,TlInHgS3,1.4733999999999998
392,Cs4BiAs3Se7,1.4739000000000002
1009,NdCuTeO,1.4760000000000009
861,LiBiS2,1.4793000000000005
770,KInSe2,1.4816
698,K2In3AgSe6,1.4829
895,Mg2GeSe4,1.4937999999999998
181,BaGa4Se7,1.4955999999999998
16,AgAsS2,1.4968
613,Hg8Bi3As4Cl13,1.4999
1415,Zn6S5Cl2,1.5051
901,Mg3N2,1.5099999999999998
868,LiGa(GeSe3)2,1.5103999999999995
428,CsLu7Se11,1.5104999999999995
1350,TlGaSe2,1.5111000000000003
10,Ag3SbS3,1.5142
1242,SnS2,1.5147999999999997
583,Gd4GaSbS9,1.5180000000000002
1275,Ta2Tl4S11,1.5232999999999994
1213,Sm3B(SO)3,1.5301000000000005
670,InSb2S4Br,1.5308000000000002
1139,RbSbSe2,1.5375
823,LaCuSeO,1.5380999999999991
468,CuN3,1.5383
806,La2Se3,1.5389999999999997
844,Li2In2GeSe6,1.5416
194,BaSn2S5,1.5453
1074,PtS2,1.5467000000000004
736,K3Th2Cu3S7,1.5469999999999997
798,La10Se14O,1.5518999999999998
695,K2Hg3(GeS4)2,1.5520999999999998
671,InSb2S4Cl,1.5524999999999998
270,CaTe,1.5535
228,BiPbBrO2,1.5539000000000005
361,Cs2Cd3Te4,1.5586999999999998
697,K2In2P3Se10,1.5675
725,K2Zn(SnSe3)2,1.5684000000000002
708,K2PAuS4,1.5691000000000002
544,Ga2HgS4,1.5714
27,AgN3,1.5714
878,LiInSe2,1.5731
236,BiSeI,1.5764000000000005
403,CsBiS2,1.5773
1024,P2Pd3S8,1.5779
1323,Tl2Hg3S4,1.5797
872,LiGaTe2,1.5885000000000002
197,BaTe,1.593
658,InBi2S4Cl,1.593
748,KAsSe2,1.5959
1390,Y2S3,1.5992000000000002
1096,Rb2Ti(AgS2)2,1.5994
781,KSbS2,1.601
570,GaP,1.6039
378,Cs2Ti(AgS2)2,1.6053000000000002
902,Mg3P2,1.6067999999999998
1421,ZnCu2SiS4,1.6100000000000003
269,CaTaNO2,1.6121999999999996
706,K2NbCuSe4,1.6164
431,CsPSe6,1.6167
1008,NdCuSO,1.6179999999999994
993,NbAg2(PS4)2,1.6183
135,Ba2ZnSe3,1.6214000000000002
1095,Rb2TeI6,1.6225
657,InBi2S4Br,1.6270000000000002
395,CsAg2AsS3,1.6273000000000002
1171,SbSI,1.6276000000000004
8,Ag3AsS3,1.6277999999999997
48,AlP,1.6294000000000004
750,KBaAsSe3,1.6299
421,CsInSe2,1.6302
467,CuI,1.6314999999999995
369,Cs2NbCuSe4,1.6350999999999998
1090,Rb2NbCuSe4,1.6393999999999995
398,CsAsSe2,1.6394
1064,PrCuSO,1.6415999999999995
619,HgI,1.6426000000000005
715,K2Sn(AuS2)2,1.6433
1181,ScAg(PSe3)2,1.6441
406,CsCdBO3,1.6462
785,KSnAuS3,1.6528
1091,Rb2Sn2Hg3S8,1.6569999999999998
117,Ba2NdGaSe5,1.6574000000000002
1234,SnGeS3,1.6591
744,K6CdTe4,1.6614
131,Ba2YGaSe5,1.6616
554,GaAgGeS4,1.662
91,Ba2DyGaSe5,1.6672
822,LaCuSO,1.668499999999999
109,Ba2HgS5,1.6693000000000002
988,Nb2O5,1.6713
95,Ba2ErGaSe5,1.6730999999999998
906,MgCu2SiS4,1.6730999999999998
722,K2Ti(CuS2)2,1.6735000000000002
44,AlCuS2,1.6756000000000002
1339,TlAsS2,1.677
733,K3Sm(AsS4)2,1.6795000000000002
615,HgBr2,1.6827
1331,Tl2TeI6,1.6843999999999997
1435,ZnSi(AgS2)2,1.6859000000000006
86,Ba(InSe2)2,1.687
746,KAg2SbS3,1.6882999999999997
397,CsAgSb4S7,1.6887
235,BiSeBr,1.6912
1427,ZnGeN2,1.6955
112,Ba2InAgS4,1.7053999999999996
1236,SnI2,1.7061000000000002
121,Ba2SmGaSe5,1.7080000000000002
549,Ga2S3,1.7106
1166,SbPb2S2I3,1.7237999999999998
569,GaN,1.7264999999999997
949,Na2Zn(SnS3)2,1.7271
363,Cs2Hg3I8,1.7313999999999998
364,Cs2Hg3S4,1.7324999999999997
847,Li2PtO3,1.734
158,Ba4LiGa5Se12,1.7354
435,CsSbS2,1.7363999999999995
1267,SrSnO3,1.7365
1200,SiP,1.7395
460,CuBS2,1.7424999999999995
720,K2TeI6,1.7449
101,Ba2GaBiSe5,1.7506
801,La2Mn(SeO)2,1.7513000000000003
621,HgPS3,1.7549
599,GePbS3,1.7578999999999998
793,KUClO3,1.7582999999999998
1359,TlN3,1.7584
1269,SrTe,1.7616
1299,TeI4,1.7639000000000002
752,KBaSbSe3,1.7736
374,Cs2Te,1.7740000000000002
1170,SbSBr,1.7767
944,Na2TeS3,1.7828
1081,Rb2Cd3S4,1.7838
685,K2Cd3S4,1.7876
1349,TlGaS2,1.7885
1079,Rb2Cd(PSe3)2,1.7916999999999998
38,Al2Te3,1.7992000000000004
37,Al2Se3,1.8004000000000002
104,Ba2GaSbSe5,1.8067
116,Ba2NdGaS5,1.8105
846,Li2In2SiSe6,1.8159
717,K2Sn3(SbS5)2,1.8166
953,Na4Mg(GeSe3)2,1.8221
1092,Rb2Sn3(SbS5)2,1.8255
971,NaInS2,1.8377
679,K2Ag3Sb3S7,1.8381999999999996
1254,Sr3Ti2O7,1.8404999999999996
259,Ca4Bi6O13,1.8461999999999996
1271,SrTiO3,1.8488
84,Ba(GaSe2)2,1.8578
373,Cs2Sn3(SbS5)2,1.8595
1137,RbPSe6,1.8608
332,CeO2,1.8647
1167,SbPbBrO2,1.8655
357,Cs2AgBiCl6,1.8663
232,BiSI,1.8669
391,Cs3Sb2I9,1.8679
160,Ba5(GaSe4)2,1.8701
99,Ba2GaAsSe5,1.8703
1093,Rb2Te,1.8766
777,KPSe6,1.8828
349,CrB2(PbO2)6,1.8898
103,Ba2GaS4,1.8917
734,K3Ta2AsS11,1.8918
1108,Rb3Ta2AsS11,1.8938
40,AlAgS2,1.8992
151,Ba3Sb2S7,1.9021999999999997
188,BaPd(IO3)4,1.9057999999999995
927,MoO3,1.9098
769,KInS2,1.9107
1252,Sr2TiO4,1.9141999999999997
177,BaGa2GeSe6,1.9186
1278,TaCu3S4,1.9231000000000005
1107,Rb3Sb2I9,1.9237
79,BPb7Br3O7,1.9254
1141,RbTbSe2,1.9336
1280,TaNO,1.9337999999999995
820,La8Sb2S15,1.9357999999999995
192,BaSe,1.9488
1138,RbSbS2,1.9493
932,Na2CdSnS4,1.951
838,Li2CdSnS4,1.9513
1334,Tl3VS4,1.9554
819,La6Sb4(SO4)3,1.9578999999999995
705,K2NbCuS4,1.9582
3,Ag2Mo(I2O7)2,1.9610999999999996
231,BiSCl,1.9636000000000005
66,AsS,1.9674000000000005
1089,Rb2NbCuS4,1.9749
963,NaCdAsS3,1.9753
88,Ba12In4S19,1.978
390,Cs3Sb2Br9,1.9837
110,Ba2In2S5,1.9866
57,As2S3,1.9873
1353,TlHg6Se4Br5,1.989
681,K2Au(IO3)5,1.9927
1005,Nd4(GeS4)3,1.9952999999999992
264,CaMg2N2,1.9968999999999997
740,K4GeSe4,2.0003
1215,Sm4GaSbS9,2.0006
571,GaS,2.0036
546,Ga2O3,2.0077999999999996
159,Ba5(Ga2Se5)2,2.0136000000000003
942,Na2Se,2.0153
206,BeTe,2.0172999999999996
1393,Y6Zn(SiS7)2,2.0178000000000003
979,NaSb(PS3)2,2.0182999999999995
1432,ZnS,2.0195
595,GeI2,2.0217
438,CsSmCdSe3,2.0217
1320,Tl2BiP2S7,2.0248999999999997
527,Fe2B(PO4)3,2.025
943,Na2Te,2.0282
1237,SnI4,2.0284
548,Ga2PbSe4,2.0313
427,CsLu7S11,2.0317999999999996
230,BiSBr,2.032
701,K2La2Ti3O10,2.0397999999999996
790,KThCuS3,2.0422
440,CsSmZnSe3,2.0424
726,K2ZnTe2,2.0537
783,KSiBiS4,2.0549
164,Ba8Sn4S15,2.0554
1391,Y3GaS6,2.0555000000000003
245,Ca(PrS2)2,2.0570000000000004
1314,TiO2,2.0586
481,Dy4GaSbS9,2.0612
244,Ca(NdS2)2,2.0612999999999997
480,Dy3GaS6,2.0614999999999997
1289,Tb4GaSbS9,2.0623000000000005
143,Ba3GeS5,2.0632
871,LiGaSe2,2.0656
267,CaSe,2.0728000000000004
229,BiPbClO2,2.0736999999999997
138,Ba3Cd(SnS4)2,2.0791000000000004
246,Ca(SmS2)2,2.0833999999999997
442,CsYCdSe3,2.0854999999999997
200,BaV2SeO8,2.0881000000000003
187,BaO,2.0906
606,HfHg4(PCl3)2,2.0914
713,K2Se,2.0925
1087,Rb2Hg3(GeS4)2,2.0942
1248,Sr(PrS2)2,2.0955
788,KTaO3,2.0995
1094,Rb2TeBr6,2.101
1247,Sr(NdS2)2,2.1031999999999997
1063,PrBN2,2.1062000000000003
444,CsYZnSe3,2.1117
375,Cs2TeBr6,2.1121
1445,ZrHg4(PCl3)2,2.1134
864,LiCdBO3,2.1155999999999997
749,KAu(IO3)4,2.1181
137,Ba3Bi2TeO9,2.1188
272,Cd(GaS2)2,2.1205
1182,ScAgO2,2.1264000000000003
841,Li2Ga2GeS6,2.1339
1352,TlHg6S4Br5,2.1407
719,K2Te,2.141
1163,SbI3,2.1446000000000005
243,Ca(LaS2)2,2.1455
191,BaS,2.1488
1106,Rb3Sb2Br9,2.149
81,BSbPbS4,2.1522
411,CsErZnSe3,2.1566
1230,Sn3WO6,2.1615
1330,Tl2TeBr6,2.1632
1342,TlBr,2.1678
420,CsInS2,2.1704
352,CrPbO4,2.1744000000000003
1216,Sm4InSbS9,2.1754
678,K10Zn4Sn4S17,2.1803999999999997
936,Na2In2GeS6,2.1906999999999996
561,GaBi25O39,2.1910000000000007
212,Bi2O3,2.1944999999999997
172,BaCdSnS4,2.1963999999999997
85,Ba(InS2)2,2.2042
692,K2Ge2PbS6,2.2112999999999996
1101,Rb3Bi2I9,2.2165
818,La4InSbS9,2.2196
877,LiInS2,2.2212
827,LaGaS3,2.2220000000000004
1152,Sb2O3,2.2239000000000004
222,BiBrO,2.2251
1228,Sn2WO5,2.2257999999999996
535,FeBi25O39,2.2279
1265,SrSe,2.2313
883,LiMoIO6,2.2334
1246,Sr(LaS2)2,2.2358
201,BaZnSO,2.2367
938,Na2In2SiS6,2.2375
60,AsI3,2.2375000000000003
931,Na2Cd(GeS3)2,2.2385
1037,PSe,2.2421
854,Li3ScN2,2.2440999999999995
837,Li2CdGeS4,2.2472
1270,SrTh(PS4)2,2.2546999999999997
614,HgBr,2.2557
714,K2SmP2S7,2.2591
254,Ca2SnS4,2.2605
1076,Rb2AgPS4,2.2636000000000003
601,GeS2,2.2648
947,Na2Zn(GeS3)2,2.2664999999999997
707,K2Nd2Ti3O10,2.2681
882,LiMgN,2.2706999999999997
209,Bi2CO5,2.2747
377,Cs2Th(PS3)3,2.2752999999999997
900,Mg3AsN,2.2817999999999996
1373,V2O5,2.2826000000000004
351,CrO3,2.2885
199,BaTiO3,2.2929999999999997
1016,NiO,2.3008999999999995
547,Ga2PbS4,2.3027999999999995
1309,Ti(Bi3O5)4,2.3129999999999997
851,Li2ZnSnS4,2.3137
912,MgTe,2.3186
1273,Ta2Mn3O8,2.3188000000000004
712,K2S,2.3201
843,Li2In2GeS6,2.3229000000000006
773,KNb3(SeO6)2,2.3298
268,CaSnO3,2.3301
1184,ScCuO2,2.3309
302,CdI2,2.3382
169,BaBSbS4,2.3423000000000003
1193,Si(Bi3O5)4,2.347799999999999
833,LaVI5O16,2.3631
940,Na2Nb4Se4O19,2.3695
154,Ba3Tb2(PS4)4,2.3711
139,Ba3Dy2(PS4)4,2.3736000000000006
589,Ge(Bi3O5)4,2.3762
140,Ba3Er2(PS4)4,2.3777000000000004
385,Cs3Bi2I9,2.3796
144,Ba3Ho2(PS4)4,2.3798999999999997
266,CaS,2.3819
179,BaGa2SiSe6,2.3893999999999997
1335,Tl4CdI6,2.3902000000000005
100,Ba2GaBiS5,2.391
166,BaAl4Se7,2.3933
1374,V2Pb4(Se2O7)3,2.3938000000000006
1135,RbNb3(TeO6)2,2.4033
774,KNb3(TeO6)2,2.4149000000000003
845,Li2In2SiS6,2.4279999999999995
413,CsGaS3,2.4313
1412,Zn3(PS4)2,2.4313999999999996
71,B3Pb10Br3O13,2.4353999999999996
941,Na2S,2.4399
68,B2Mo(PbO2)6,2.4454
1044,PbI2,2.4455
1131,RbInS2,2.4494
241,Ca(BiO2)2,2.4507
255,Ca3(BN2)2,2.4714000000000005
335,Co2Te3O8,2.4752
667,InPS4,2.4754000000000005
75,B6P,2.4757
1202,SiSe2,2.4771
208,Bi2(MoO4)3,2.4798
248,Ca2Bi2O5,2.4956999999999994
808,La2Zn(SeO)2,2.4958
1264,SrS,2.497
1160,Sb5IO7,2.4997000000000003
1045,PbN6,2.5064
1344,TlCl,2.5181
985,NaSm(PS3)2,2.5197
1281,TaTl3S4,2.5325
224,BiI3,2.5349
1159,Sb3IO4,2.5352
918,MnF2,2.5363
1231,SnBr2,2.5387
728,K3Bi2I9,2.5425
492,ErBiW2O9,2.5433999999999997
1253,Sr2V3Se5O18,2.5648999999999997
223,BiClO,2.5681000000000003
910,MgSe,2.5765
180,BaGa4S7,2.5800000000000005
616,HgBrCl,2.5934999999999997
384,Cs3Bi2Br9,2.5995999999999997
1260,SrCrO4,2.6186000000000003
934,Na2Ga2GeS6,2.6215
534,FeBi(SeO3)3,2.6249
908,MgGeN2,2.6358
1042,PbBr2,2.6426999999999996
74,B6As,2.6454000000000004
1394,YCuO2,2.647
198,BaTeMo2O9,2.6494999999999997
989,Nb2Pb2Se4O15,2.6620999999999997
205,BeSe,2.6636999999999995
1219,SmBiW2O9,2.6689000000000003
1375,V2Zn3TeO10,2.6796
271,CaZnSO,2.6853
1377,V3Bi(PbO4)3,2.6886
156,Ba3V2(SeO4)4,2.6965000000000003
1088,Rb2Mo3Se3O16,2.6974
876,LiIn(IO3)4,2.6987
946,Na2Ti3O7,2.7103
739,K4GeS4,2.7133
860,LiBi3(ClO2)2,2.7135
1256,Sr4V2(Se2O7)3,2.7193
617,HgCl,2.724300000000001
1384,VZn2BiO6,2.7248
247,Ca10Ge16(B2O17)3,2.7264
218,Bi5IO7,2.7325000000000004
954,Na4Mg(SiSe3)2,2.7632000000000003
176,BaGa2GeS6,2.7663
939,Na2Mo2Se2O11,2.7771999999999997
611,Hg3Bi2(SCl4)2,2.7814
1410,Zn3(BO3)2,2.7833
704,K2Mo2Se2O11,2.787
1395,YMoClO4,2.7874
238,BiTeNO6,2.8005
853,Li3PS4,2.8091
211,Bi2Mo2Se2O13,2.8105
1100,Rb3Bi2Br9,2.818
796,KZn4(BO3)3,2.8200000000000003
146,Ba3InS4Cl,2.8257
1041,Pb3Se2(BrO3)2,2.8328999999999995
50,AlV(TeO4)2,2.8360999999999996
1133,RbMoPO6,2.8368
289,CdBiClO2,2.8427
767,KIO3,2.8533
290,CdBr2,2.8551
640,In2Se2O7,2.8578
618,HgCl2,2.8686
768,KIn(TeO3)2,2.8719
220,BiBPbO4,2.8773
221,BiBr3,2.8833
1310,Ti6H2O13,2.8867000000000003
1381,VGa(TeO4)2,2.8924
297,CdF2,2.8977000000000004
1140,RbTa3(TeO6)2,2.8998
977,NaNbSe2O7,2.9067000000000003
83,Ba(GaS2)2,2.9073
1430,ZnI2,2.9076000000000004
239,CBr4,2.9265
578,Gd2O3,2.9411000000000005
787,KTa3(TeO6)2,2.9431000000000003
870,LiGaS2,2.9608000000000003
969,NaIn(TeO3)2,2.9873000000000003
643,In4As5(BrO4)3,2.9879999999999995
612,Hg3Bi2(TeCl4)2,3.0056000000000003
72,B3Pb3NO10,3.0129
120,Ba2ScTaO6,3.0173000000000005
968,NaIn(IO3)4,3.0219
1132,RbInTe3O8,3.0269000000000004
73,B4C,3.0415
36,Al2S3,3.0435000000000003
792,KTiPO5,3.0442
1300,TeO2,3.0604
423,CsInTe3O8,3.066
210,Bi2I4O13,3.0737
318,CdTeO3,3.0793
77,BH(PbO2)2,3.0854
178,BaGa2SiS6,3.0907
986,NaY(Te2O5)2,3.0942000000000003
848,Li2TeMoO6,3.0987
1232,SnCl2,3.1002
577,Gd2(MoO4)3,3.1014
795,KY(TeO3)2,3.1251
59,AsBr3,3.1271000000000004
204,BeS,3.1453
631,In2As2Cl2O5,3.1511000000000005
1078,Rb2Cd(IBr)2,3.1710000000000003
1143,RbY(TeO3)2,3.1745
170,BaBiClO2,3.1773999999999996
1049,PbSeO4,3.1922999999999995
869,LiGaO2,3.1981
185,BaLa2Te5O14,3.2283
1039,Pb2SeN2O9,3.245
1302,TePb3Cl4O3,3.2599
129,Ba2V2Te2O11,3.2676000000000003
148,Ba3MgTa2O9,3.2733
1262,SrO,3.2748
1259,SrBiClO2,3.3015
1060,Pr2Te4O11,3.3043
598,GePb2(SeO3)4,3.3095999999999997
202,Be3N2,3.3145000000000007
884,LiNbO3,3.3358000000000003
303,CdIClO3,3.3467
826,LaGaO3,3.3483
153,Ba3Ta2ZnO9,3.3488
1255,Sr4Te3(ClO2)4,3.3574
124,Ba2SmTaO6,3.3634000000000004
1112,Rb4Mo5(PO11)2,3.3712
955,Na5Gd(MoO4)4,3.3896
1290,TbWClO4,3.4255
130,Ba2V2ZnO8,3.4336
1409,Zn2TeMoO7,3.4519
550,Ga2Se2O7,3.4975
1396,YMoO4F,3.5035
1250,Sr2ScSbO6,3.5074
1127,RbH2(IO3)3,3.5082999999999993
445,CsZn2B3O7,3.5131
291,CdCl2,3.5244
890,LiZnBO3,3.5248
1447,ZrO2,3.5322
1266,SrSeO4,3.5358
1285,Tb2(MoO4)3,3.5663
967,NaI,3.5687000000000006
626,Ho2(MoO4)3,3.5751
476,Dy2(MoO4)3,3.5810999999999997
813,La3Mo4O16F,3.6136
265,CaO,3.630100000000001
251,Ca2ScSbO6,3.6318
849,Li2TeWO6,3.640099999999999
226,BiP3(PbO4)3,3.6994
889,LiTaO3,3.7003
999,Nd2O3,3.708
1408,Zn2MoSeO7,3.7131
1102,Rb3Cd(BO2)5,3.7196
145,Ba3In2(PO4)4,3.7254
875,LiIO3,3.7255
590,Ge(SeO3)2,3.728
1257,Sr5V3O12F,3.7635
1251,Sr2SmTaO6,3.7716
227,BiPO4,3.7758
1130,RbI,3.7765
1208,Sm2O3,3.7823
543,Ga2(TeO3)3,3.7831
1043,PbCl2,3.7938999999999994
1121,RbCd(BO2)3,3.8078
729,K3Cd(BO2)5,3.818
1179,Sc2O3,3.8235
804,La2O3,3.8248
190,BaReH9,3.8349
984,NaSc(SeO3)2,3.8413
1086,Rb2GeB4O9,3.8449
766,KI,3.8513
418,CsI,3.8556
693,K2Ge3(BO5)2,3.8683
263,CaI2,3.8971
1287,Tb2O3,3.9006
219,Bi7O5F11,3.9069
632,In2B(PO4)3,3.9141
477,Dy2O3,3.925499999999999
70,B2Se2O7,3.9418
628,Ho2O3,3.9458
127,Ba2TaInO6,3.945899999999999
488,Er2O3,3.9629
911,MgSiN2,3.9662000000000006
1365,Tm2O3,3.9787
974,NaLa2TaO6,3.9792
184,BaIn2(P2O7)2,4.0047999999999995
873,LiH3(SeO3)2,4.011399999999999
607,HfO2,4.0165
892,Lu2O3,4.021100000000001
52,As2O3,4.0339
952,Na3Zn(BO2)5,4.035
47,AlN,4.0467
1012,NdMoO4F,4.0564
430,CsPPbO4,4.0581
1249,Sr2Be2B2O7,4.0798000000000005
1067,PrMoO4F,4.0857
1288,Tb4Al2O9,4.0883
962,NaBr,4.0895
434,CsSb(SO4)2,4.089700000000001
1389,Y2O3,4.097300000000001
437,CsSc(SeO3)2,4.1332
568,GaHSeO4,4.1423000000000005
1114,Rb5Li6(BO2)11,4.1483
1128,RbH3(SeO3)2,4.1504
417,CsH3(SeO3)2,4.1517
1109,Rb3Zn(BO2)5,4.1752
1120,RbBr,4.192
604,H7Se2NO6,4.2222
779,KSb(SO4)2,4.2351
260,Ca5B3O9F,4.236800000000001
405,CsBr,4.2392
358,Cs2Al2B2O7,4.2490000000000006
1194,Si3N4,4.2503
756,KBr,4.3224
90,Ba2Cd(BO2)6,4.3316
765,KH3(SeO3)2,4.3334
966,NaH3(SeO3)2,4.3395
874,LiI,4.3818
1111,Rb4Ge3B6O17,4.401199999999999
1305,ThO2,4.4187
909,MgO,4.4292
163,Ba8Al10B12O41,4.4373
171,BaCaB2O5,4.4673
1080,Rb2Cd3(B4O7)4,4.5081
386,Cs3Li4(BO2)7,4.5217
82,Ba(BO2)2,4.522399999999999
366,Cs2Li3(BO2)5,4.5354
950,Na3MoO4F,4.5355
771,KLiCO3,4.5495
360,Cs2Cd3(B4O7)4,4.5525
1103,Rb3Na(MoO4)2,4.5827
1126,RbGeB3O7,4.5867
680,K2Al2B2O7,4.5949
415,CsGeB3O7,4.5981
359,Cs2Ba3(P2O7)2,4.7249
372,Cs2SiB4O9,4.8121
1122,RbCl,4.8388
751,KBaB5O9,4.8693
980,NaSbF6,4.8892
862,LiBr,4.9350000000000005
930,Na2Be4B4O11,4.983300000000001
409,CsCl,4.9883999999999995
964,NaCl,5.0037
186,BaNaB5O9,5.0076
758,KCl,5.027
904,Mg5B3O9F,5.118399999999999
150,Ba3P3ClO10,5.1465
426,CsLi(B3O5)2,5.2081
711,K2ReH9,5.212999999999999
89,Ba2B6H4O13,5.2372
412,CsF,5.2626
400,CsB3O5,5.304
1031,PH6NO4,5.3544
727,K3B6ClO10,5.3729
775,KP(HO2)2,5.4325
1124,RbF,5.5244
835,Li2B4O7,5.668
1418,ZnB12(H5O12)2,5.783799999999999
486,DyPO4,5.8933
764,KF,5.949400000000001
168,BaBClF4,5.9817
825,LaF3,6.0448
965,NaF,6.204
865,LiCl,6.25
69,B2O3,6.3017
859,LiB3O5,6.3532
175,BaF2,6.6029
907,MgF2,6.824
262,CaF2,7.1157
203,BeO,7.463900000000001
1065,PrF3,7.5968
1010,NdF3,7.6164
867,LiF,8.7161
