,ae,exp,pred
MnF2,7.8487670000000005,9.9,2.051233
BeO,4.733852000000001,10.39,5.656148
AgSO4,4.326637600000001,0.18,4.5066376
V2O5,4.2698190333333335,2.3916666666666666,6.6614857
NaNO2,4.213058999999999,3.06,7.273059
EuAl2O4,4.20759,2.74,6.94759
MnO2,4.20557,1.3,5.50557
CrO2,4.104506499999999,0.23,4.3345065
Ba4B11O20F,3.92541,7.1,3.17459
V2O4,3.8539712999999995,0.66,4.5139713
K2Ta15O32,3.6743059999999996,0.33,4.004306
AgO,3.6001611999999996,1.57,5.1701612
Ba8Al10B12O41,3.5715229999999996,3.1,6.671523
La2CoVO6,3.5562139999999998,0.41,3.966214
EuO,3.5382180000000005,1.119,4.657218
CsZn2B3O7,3.5347936000000004,5.69,2.1552064
Ba5V3O12F,3.1996731,3.85,0.6503269
AgCl,3.1820047999999996,5.13,1.9479952
Gd2O3,2.9008662999999997,5.3,2.3991337
Cs2Te,2.8770298,3.5,0.6229702
Cr2O3,2.8517167,3.4,0.5482833
MnI2,2.7513667000000006,4.220000000000001,1.4686333
Ho2Mo3O12,2.7505846,1.375,4.1255846
KBaB5O9,2.7470423,3.65,6.3970423
NiO,2.7367026,4.0,1.2632974
SrCrO4,2.7265965999999997,2.45,5.1765966
Ga2O3,2.726216599999999,4.470000000000001,7.1962166
Ba1.88Ta15O32,2.718204,0.13,2.848204
Lu2O3,2.7061715,5.5,2.7938285
PrO,2.6982597999999998,0.55,3.2482598
Eu1.83Ta15O32,2.6239422,0.23,2.8539422
AgF,2.6209557000000006,2.8,5.4209557
Sr2Be2B2O7,2.5875253999999996,8.0,5.4124746
Cu3DySe3,2.5800741,0.2,2.7800741
Er2Mo3O12,2.519654,1.0,3.519654
BaV2SeO8,2.5089847,2.13,4.6389847
NH6PO4,2.4822629999999997,6.805,4.322737
Ba6Al4B14O33,2.4564214000000004,3.44,5.8964214
YVSeO10,2.4103253000000002,2.7,5.1103253
SrSeO4,2.4077669999999998,4.75,7.157767
Fe2O3,2.403341,2.2,4.603341
Sc2S3,2.352709,2.0,4.352709
KH2PO4,2.3369519999999993,6.975,4.638048
La2O3,2.3284866,5.4,3.0715134
Li4.5Ga0.5TeO6,2.2638597000000003,4.99,2.7261403
CsCaBO3,2.2590513999999997,4.065,6.3240514
EuSe,2.22959677,3.1,0.87040323
CsCdBO3,2.229076,2.58,4.809076
Gd2Mo3O12,2.225531199999999,4.119999999999999,1.8944688
MnSb2O4,2.2141500000000005,2.65,4.86415
CrO3,2.1812707000000002,1.4,3.5812707
ZrO2,2.1546733000000002,4.99,2.8353267
Nd2O3,2.1471128000000004,4.4,2.2528872
TbSb2BO8,2.1364348,3.53,1.3935652
TiO2,2.0806953000000004,3.3,5.3806953
Mn2P2Se6,2.0730696,2.5,0.4269304
Si3N4,2.0609903999999997,5.1,3.0390096
AgInO2,2.0445290000000003,4.2,2.155471
ErN,2.0445168000000002,2.7,0.6554832
KPbB5O9,2.037932,3.1,5.137932
Ag2HgI4,2.0360736000000004,2.47,0.4339264
Na2Zn3Se4O12,2.0324860000000005,4.9,2.867514
MnP4,2.021622,0.28,2.301622
FeP4,2.021469,0.32,2.341469
Li4SrB2O6,2.0104699999999998,6.67,4.65953
ZnTc,2.0029365400000003,2.37,0.36706346
Sr2V2Se3O15,1.9978540000000002,2.96,4.957854
K4GeSe4,1.991117,0.64,2.631117
CuSmSe2,1.9751260800000001,2.1,0.12487392
CsAu,1.9721140999999998,2.3,0.3278859
Ba8Ga10Si36,1.9342899999999998,0.31,2.24429
CuGaO2,1.9204111000000001,1.47,3.3904111
AlN,1.9129479999999992,6.1,4.187052
In2P3B1O12,1.9122262999999995,5.39,3.4777737
Na8CsB21O36,1.8921739999999998,4.67,6.562174
Rb5BS4O16,1.8860190000000001,3.99,5.876019
Na2Se,1.883117,2.0,3.883117
B12P2,1.8755123999999999,3.3,1.4244876
Eu3Se4,1.8608295,0.58,2.4408295
RbCdB3O6,1.8455438000000002,4.2,2.3544562
NaB15,1.8428885000000002,0.32,2.1628885
PbCoO3,1.8416940000000002,0.28,2.121694
EuVO4,1.8300246999999996,3.3499999999999996,1.5199753
CaI2,1.8241653000000007,5.98,4.1558347
As2B12,1.8235586,1.51,3.3335586
K2Te,1.8222307,1.9,3.7222307
HgS,1.8131088700000002,2.1,0.28689113
Tb4Al2O9,1.8098863,4.59,2.7801137
CsSbTe2,1.8018451000000002,0.43,2.2318451
Na3MoO4F,1.7961506999999997,4.77,2.9738493
CdF2,1.7828464999999998,6.0,4.2171535
TiC0.9,1.7760546,0.3,2.0760546
Cu1.8S,1.7755628999999997,2.3,0.5244371
LiZnBO3,1.7576173999999996,3.1,4.8576174
MgSiN2,1.7566654000000002,4.05,5.8066654
CeScO3,1.7469659999999996,3.2,4.946966
CdIO4H,1.7430709999999996,4.35,2.606929
K2Al2B2O7,1.7352143999999994,6.89,5.1547856
Na7Co2O6,1.7350789999999998,0.495,2.230079
AgP15,1.7337810000000002,1.47,3.203781
KV2I3O13,1.7302400000000002,2.3,4.03024
CdGeAs2,1.726117811111111,0.6588888888888889,2.3850067
K4GeS4,1.7232573,0.8,2.5232573
SiB3,1.719249,2.0,3.719249
In6S7,1.6971689999999997,0.8450000000000001,2.542169
Ca3N2,1.6925503999999998,1.55,3.2425504
PdTe2,1.6834913900000001,1.8,0.11650861
CsGe5BO12,1.6784749999999997,4.89,3.211525
CuN3,1.6718045999999998,4.17,2.4981954
Zr6O,1.6671825,0.18,1.8471825
Mg3B50C8,1.6560188000000002,2.7,1.0439812
Eu2Se3,1.6538369999999998,1.02,2.673837
MgO,1.6420237000000002,7.745,6.1029763
Ce15B8N25,1.6347469,3.5,1.8652531
PdSe2,1.6257670000000002,0.4,2.025767
HfS2,1.6257347,2.9,1.2742653
CsScSe2O6,1.5776023000000001,5.2,3.6223977
LiSbTe2,1.57609,0.129,1.70509
Ba2B6O11,1.5608269999999997,5.17,6.730827
Dy2Mo3O12,1.55268,1.92,3.47268
Li4.5Mn0.5TeO6,1.5473527999999999,1.97,3.5173528
SmSe,1.5447631,0.46,2.0047631
EuCu2SnS4,1.5436634200000001,1.85,0.30633658
RbBa2P5O15,1.5358891999999997,7.6,6.0641108
MnAl3,1.5340536999999999,0.58,2.1140537
K2CeP2O8,1.5204306,2.46,3.9804306
Mg3As2,1.4958379399999997,2.4499999999999997,0.95416206
La2Sr2PtO7.13,1.4743182,2.52,3.9943182
SnGa4Se7,1.4701703,2.55,1.0798297
Zn2LiGaO4,1.4696832,4.0,2.5303168
Ce2S3,1.4631678,1.12,2.5831678
Cs2Cd3B16O28,1.4575036,4.76,3.3024964
PAs,1.439888,0.23,1.669888
Sr3EuP3O12,1.438427,3.987,5.425427
CeMn0.5OSe,1.4371604999999998,2.01,0.5728395
CuNbO3,1.4251862000000002,2.0,3.4251862
HgSc,1.4240214,0.24,1.6640214
TlPSe2,1.4228304,0.55,1.9728304
Tb2O3,1.4076060000000004,3.0,4.407606
CdSc,1.4034963999999999,1.714,0.3105036
NaBa2Cu3S5,1.3947165000000001,0.45,1.8447165
Rb2Te,1.3852267,4.5,3.1147733
TlGaTe2,1.37625735,1.8,0.42374265
KUO3Cl,1.3736802,2.37,3.7436802
LiRbCO3,1.366365,6.28,4.913635
Ag3AsSe3,1.3583459414285715,2.0884285714285715,0.73008263
TlAsS2,1.35716337,2.185,0.82783663
NaInS2,1.3429602000000003,1.9,3.2429602
BaCu2SnSe4,1.3370441,0.48,1.8170441
Ca2CdAs2,1.3352361000000001,0.95,2.2852361
CeF3,1.3308900000000001,4.85,6.18089
BaReH9,1.32889,3.44,2.11111
AsSb,1.3262449600000001,1.6,0.27375504
Li2ZnGeSe4,1.3260002999999998,1.86,3.1860003
CBr4,1.3238322,3.7,2.3761678
AgLi0.33Ti0.67O2,1.3233727000000002,2.7,4.0233727
Lu2CrS4,1.3225628,1.75,0.4274372
LaF3,1.3209489999999997,6.6,5.279051
PrBN2,1.3149760000000001,4.0,2.685024
HgSnO3,1.3108865,1.6,2.9108865
Sr3Se3O8Cl,1.3081894999999992,4.4,5.7081895
BaHgSe2,1.3073755999999999,1.56,2.8673756
CeFMoO4,1.3069829999999998,2.52,3.826983
Na4MgGe2Se6,1.3036927999999999,2.53,1.2263072
Pr2S3,1.2975983000000002,2.64,1.3424017
PrB6,1.2899999000000002,4.9,3.6100001
NdB6,1.2881385000000005,4.9,3.6118615
BaIn2P4O14,1.2846189999999997,3.97,5.254619
La2V2IO9,1.2843849999999999,3.63,2.345615
La2HfS5,1.2794396000000001,0.7,1.9794396
HfO2,1.2790615999999995,5.55,4.2709384
CsTa3Se2O12,1.2777312999999997,3.88,2.6022687
MnTe9,1.27592003,2.0,0.72407997
CdP2S4,1.2755462999999998,3.76,2.4844537
LiIO3,1.2641239999999998,4.1850000000000005,5.449124
Bi2O3,1.26314,2.855,1.59186
Li2MnGeS4,1.2623131,3.06,1.7976869
TlCuCl3,1.260885,2.98,1.719115
Pb2O3,1.2588905000000001,1.67,2.9288905
In2Se2O7,1.258765,2.97,4.228765
Tl3VS4,1.2546649,1.81,0.5553351
Hg0.9Cd0.1Se,1.2507780433333333,1.3733333333333333,0.12255529
Se2B2O7,1.2477845000000007,4.64,5.8877845
Cu2GeS3,1.2476916,0.53,1.7776916
NdF3,1.239745,6.15,4.910255
Th2GeSe2,1.2379120000000001,1.98,0.742088
Ce2O2FeSe2,1.2343190000000002,0.64,1.874319
LiBi3O4Cl2,1.234131,3.35,4.584131
Cd4P2I3,1.2312526,2.17,0.9387474
CaSnO3,1.2256383000000004,4.4,3.1743617
LiMgAs,1.2148288,0.7,1.9148288
SnBr2,1.2118760000000002,3.45,2.238124
AsNMg3,1.208935,1.332,2.540935
K3CdB5O10,1.2055156,3.47,2.2644844
Hg7.5As4Cl6,1.2049434,1.727,2.9319434
HgSe,1.2006370333333334,0.2416666666666667,1.4423037
Rb3NaMo2O8,1.194452,4.84,3.645548
InN,1.1924234,2.13,0.9375766
Ag2SnSe3,1.1894340666666667,0.7833333333333333,1.9727674
K3Ti2P5S18,1.1891291999999998,1.61,2.7991292
YVTeO10,1.1890543,2.2,3.3890543
Cu3VS4,1.1853737999999998,1.0,2.1853738
CuAlS2,1.1849906,3.5,2.3150094
RbNb4Br11,1.184342,0.46,1.644342
Na2Be4B4O11,1.1803743999999998,7.3,6.1196256
Cu3NbSe4,1.1777709000000003,2.45,1.2722291
Gd3.04Sc0.96S6,1.1512125000000002,1.5,2.6512125
BaZn2As2,1.1501666,0.23,1.3801666
Rb4Ti3S14,1.1501578,1.59,2.7401578
Ge0.542Si0.458,1.1493529,2.238,1.0886471
BaClBF4,1.138662000000001,6.89,8.028662
RbGeB3O7,1.1346007,5.58,4.4453993
GeSe2,1.1330708999999997,2.3812499999999996,1.2481791
Ba2Sb7O14H,1.1257066999999998,2.7,3.8257067
SrZrS3,1.1245469,0.9,2.0245469
Li4.5Fe0.5TeO6,1.1245102999999999,3.25,2.1254897
CuP2,1.124132166666667,1.4533333333333331,2.5774655
ErSe2,1.1212292999999998,1.07,2.1912293
Cu2ZnGeS4,1.1151513,2.1,3.2151513
Ba3P3O10Cl,1.114172,6.89,5.775828
Y2O3,1.1134052999999993,5.6,4.4865947
CsI,1.1110676666666661,6.3566666666666665,5.245599
CuGa2Se4,1.1108902999999999,0.63,1.7408903
CsInTe2,1.1107668000000002,2.16,1.0492332
CoP3,1.1033322,0.45,1.5533322
In4As5O12Br3,1.0968500999999997,4.22,3.1231499
CaB6,1.0942120000000002,4.5,3.405788
CsH3Se2O6,1.0936565000000007,4.77,5.8636565
TlSbTe3,1.090993,0.38,1.470993
MnTe,1.08130712,1.3,0.21869288
LaSi2,1.0792986,0.19,1.2692986
Cs4BiAs3Se7,1.0745803999999999,1.02,2.0945804
Ag2PdO2,1.0730738,0.18,1.2530738
TcS2,1.0694184,1.0,2.0694184
BaB6,1.0670441,2.64,3.7070441
Ba4Ge3S9Cl2,1.0663412,2.91,1.8436588
ZnSiP2,1.0624775,2.07,3.1324775
AgAlO2,1.0602616,3.6,4.6602616
Nd2HfS5,1.0599506,0.7,1.7599506
Pb6B2MoO12,1.0581447,2.9,1.8418553
Ag2S,1.0579098000000002,1.0325,2.0904098
Cs2Ba3P4O14,1.05389,6.31,5.25611
Zn0.99Cd0.01Se,1.0505125,3.65,2.5994875
Pb6B2CrO12,1.0502014,1.8,2.8502014
Ba2ZnTe3,1.0489989999999998,2.1,3.148999
SrThP2S8,1.0472452,3.02,1.9727548
GaAs0.1P0.9,1.0426871999999998,1.22,2.2626872
TlGaS2,1.0408111999999998,3.4,2.3591888
Na3ZnB5O10,1.0379800000000001,3.2,4.23798
EuYb2Se4,1.0369195,1.3,2.3369195
KIO3,1.0365830000000003,3.8575,4.894083
Rb3CdB5O10,1.0321890000000002,2.34,3.372189
Ba2GaBiSe5,1.0270892999999999,2.21,1.1829107
ThO2,1.025906,3.4,2.374094
SmBiW2O9,1.022955,3.39,2.367045
Ba3La3Cu6O14,1.020881,1.8,2.820881
CeBiW2O9,1.0208124,2.34,3.3608124
K4P8Te4,1.0204578,1.4,2.4204578
SmTe,1.0188407000000002,0.378,1.3968407
NH7Se2O6,1.0179753000000007,4.81,5.8279753
LiBiS2,1.0165511,0.16,1.1765511
La3Te4,1.0165114,0.43,1.4465114
ZnS,1.0111925,3.7042,2.6930075
LaMg2PdH7,1.0108685,1.0,2.0108685
Cd8B5O15F,1.010272,3.14,4.150272
CuFeS2,1.0085364333333333,0.4866666666666666,1.4952031
BaCuSbSe3,1.0057479000000003,1.6,0.5942521
LiCl,1.0022289999999998,9.33,8.327771
ReS2,1.0003553666666667,1.143333333333333,2.1436887
Ce4InSbSe9,0.9992958999999999,1.69,0.6907041
Bi2YVO8,0.9969462,2.09,3.0869462
Sm2Se3,0.9963526999999999,2.3,1.3036473
MnVTe2O8,0.9927364000000001,1.9,2.8927364
LaIn3S6,0.9924470000000001,1.03,2.022447
EuYb2S4,0.9846279,1.6,2.5846279
ZrS2,0.9846041999999999,2.75,1.7653958
AgGaO2,0.9813554999999998,2.2,3.1813555
CrTe2,0.9739512999999999,0.17,1.1439513
Mg2Ge,0.9715775999999999,1.67,0.6984224
Ag2.7Ba6Sn4.3S16,0.9674904999999998,1.48,2.4474905
BiOBr,0.9661348999999999,2.924,1.9578651
Ba5Ga6GeP12,0.9613231000000002,1.39,2.3513231
TeI4,0.960413,1.1,2.060413
RuP4,0.9581839999999999,0.51,1.468184
BaO,0.9578370000000005,4.8,5.757837
NaSbS2,0.954661,1.64,2.594661
FePS,0.9531425,0.25,1.2031425
Al2Te3,0.95299,2.35,1.39701
PdO,0.9515361,0.8,1.7515361
CsNbSe2O7,0.9481978,4.2,3.2518022
Cd4Sb3,0.9453313400000001,1.25,0.30466866
Pr2Te4O11,0.9436226999999997,3.65,2.7063773
CuPbBiS3,0.9389633000000001,0.12,1.0589633
K2Ho4Cu4S9,0.9387014000000002,2.43,1.4912986
Ge0.7Si0.3,0.938325,0.88,1.818325
Hg0.7Cd0.3Se,0.9380685400000001,1.1,0.16193146
Ta2O5,0.9374900000000004,4.2,3.26251
EuGa2S4,0.9354892000000001,2.25,3.1854892
CuTlSe2,0.9344158,1.07,0.1355842
Li6Ga2Te8O22,0.9325694000000002,3.85,2.9174306
K8Ga8Si38,0.9324818199999999,1.18,0.24751818
CuBr,0.9296220000000002,2.998325,3.927947
Ag2MoI4O14,0.9295016999999999,3.06,3.9895017
Pb3B3O10N,0.9280423,3.64,4.5680423
Pb2GeSe4O12,0.9277644999999994,4.1,3.1722355
Sm2S3,0.9242246000000001,2.98,2.0557754
Na0.75Eu1.625GeSe4,0.9241619999999999,2.0,1.075838
Ca5B3O9F,0.9199359999999999,6.53,7.449936
Cd12Ge17B8O58,0.9179680000000001,4.29,3.372032
NaSbTe2,0.9156554000000001,0.47,1.3856554
SbI3,0.9111836999999998,2.348,1.4368163
Hg6.5As4CdCl6,0.9098226,1.955,2.8648226
Pr4Te7,0.9089764,0.46,1.3689764
DyN,0.9087351000000001,2.35,1.4412649
AgIn9Te14,0.9075172,1.5,0.5924828
Nb2O5,0.9053689999999999,3.08,3.985369
Li4Rb3B7O14,0.9044029999999994,6.53,7.434403
La2MnNiO6,0.9031816599999998,1.2999999999999998,0.39681834
GaAs0.01Sb0.99,0.9027068300000001,1.37,0.46729317
TlBr,0.9022592999999999,2.991275,2.0890157
AgPdI3O9,0.9009507000000001,1.5,2.4009507
Th2Se5,0.9002254,0.37,1.2702254
H2Ti6O13,0.8974433999999998,3.4,4.2974434
TlTiPS5,0.8972515999999999,1.3,2.1972516
GaS,0.8965314153846156,2.5865153846153843,3.4830468
Cs2Ga2Se5,0.8963306,1.95,2.8463306
LaVI5O16,0.8943246,3.58,2.6856754
CsYbCoSe3,0.8940198000000001,0.95,1.8440198
BaSbBS4,0.8891377,2.34,3.2291377
La2NiVO6,0.8870024000000001,0.45,1.3370024
CuIn3Se5,0.88664,0.6,1.48664
Ag2ZnSiS4,0.8861036999999996,3.28,2.3938963
Cs3W3PO13,0.8849690000000003,3.27,4.154969
Cu3YbS3,0.8846339000000001,1.56,0.6753661
Cd3MoTe2O10,0.8841673000000001,3.81,2.9258327
LiGaO2,0.8813675999999999,5.6,6.4813676
Ca3La2Sn3S12,0.8799696000000001,1.45,2.3299696
La4InSbSe9,0.87858076,1.76,0.88141924
Cs4Pb4Ge5S16,0.8782618,1.95,1.0717382
Bi14.7In11.3S38,0.8778549000000002,1.45,2.3278549
Ba4Ga2Se8,0.8773097000000001,1.63,2.5073097
Li6Rb5B11O22,0.8757736999999999,6.53,5.6542263
NaAsS2,0.8714357999999998,2.28,1.4085642
YbTe,0.869606,1.8,0.930394
PbN6,0.8667612,3.0,3.8667612
GeP,0.8652411,0.95,1.8152411
Ca2SnS4,0.8605382000000001,2.32,3.1805382
Cd4P2Cl3,0.8594083000000001,2.205,3.0644083
CsInSnS4,0.8576760000000001,2.9,2.042324
K2Sb8Se3,0.8572356000000001,1.31,0.4527644
Ba4Ga2S8,0.8552644000000003,2.55,3.4052644
In2Te,0.8544096999999999,0.46,1.3144097
Tl2CeP2S7,0.8522877999999998,2.4,1.5477122
La2O2FeSe2,0.8522686000000002,0.7,1.5522686
Ag0.5Eu1.75GeS4,0.8509433000000002,2.14,1.2890567
BaGa2S4,0.8457460000000001,4.125,3.279254
ZnIn2Te4,0.8455857333333332,1.8733333333333333,1.0277476
LiInSe2,0.843869,2.83,1.986131
Pb7Bi4Se13,0.8431173000000001,0.29,1.1331173
Bi2V2Se4O16,0.8426486,2.2,3.0426486
Tl2TeBr6,0.8401334,2.06,2.9001334
K8Ce2I18O53,0.8376402000000001,2.34,3.1776402
Ba2V2Te2O11,0.836719,3.16,2.323281
ErBiW2O9,0.8365346999999996,3.26,2.4234653
NaNb2PS10,0.8320968000000002,1.72,2.5520968
Sb5O7I,0.8288930000000001,1.95,2.778893
CaSm2S4,0.8275115000000004,2.05,2.8775115
PbSnS3,0.8267936000000001,0.975,1.8017936
RuS2,0.8250672,1.8,0.9749328
BaGa4Se7,0.8247970000000002,2.64,1.815203
Ag2VI3O11,0.8243799999999997,2.16,2.98438
K2Ge3B2O10,0.8230329999999997,5.38,4.556967
MgSe,0.8200163333333332,5.743333333333333,4.923317
Cu2WSe4,0.8181437000000003,1.65,2.4681437
Bi3TeBO9,0.8150170000000001,2.6,3.415017
K10Co4Sn4S17,0.8140771999999998,1.5550000000000002,2.3690772
NaYTe4O10,0.8133238999999999,3.9,3.0866761
Mg2Sn,0.8132736076923077,0.2723076923076923,1.0855813
InAsI,0.813021,0.41,1.223021
Rh0.67S2,0.81145966,1.5,0.68854034
Ca3Sb2,0.8094219999999999,1.4,0.590578
Pd3P2S8,0.8093247000000001,2.12,1.3106753
Cu2P2S6,0.8086075999999998,2.2,3.0086076
TlPTe,0.808446,0.3,1.108446
ZnSnO3,0.8068567999999998,3.9,3.0931432
Ba3ZnTa2O9,0.8046680000000004,4.32,3.515332
LiGaTe2,0.8026285,2.31,1.5073715
Ca6Bi6O15,0.8026161999999997,3.34,2.5373838
PdS2,0.8023695,0.75,1.5523695
ZnSb,0.8017805333333332,1.0833333333333333,0.2815528
Li2MoTeO6,0.8011615000000001,3.5,2.6988385
SnS2,0.8010471000000001,2.43,1.6289529
LiGaS2,0.8003910333333337,3.8433333333333337,3.0429423
Ba2BiInS5,0.7975733,1.55,2.3475733
CsLu7S11,0.7965845,1.86,2.6565845
AgBiS2,0.7957505500000001,0.9,0.10424945
BeS,0.7929974,4.17,4.9629974
Pb2B3O7.5H2,0.7918015999999999,4.42,3.6281984
As2Te3,0.7896715000000001,1.67375,0.8840785
Tm4Sb2Se11.68,0.7894568799999999,1.22,0.43054312
Ba3FeS4Br,0.7867838000000003,1.65,2.4367838
Hg4As2UCl6,0.7866019,1.9,2.6866019
Li8GeN4,0.7854058999999998,2.61,1.8245941
LuIn3S6,0.78512,1.27,2.05512
PbSbBS4,0.7831260000000002,1.803,2.586126
PrFMoO4,0.7807797000000001,3.64,2.8592203
ZnGa2Se4,0.7786717999999999,1.72,2.4986718
YbClWO4,0.7763450000000005,4.23,3.453655
CuI,0.7750556000000004,3.0264,2.2513444
Na2Te,0.7720790000000002,2.3,3.072079
TiS2,0.7712284,1.95,1.1787716
SiAs2,0.7709467,0.88,1.6509467
TlN3,0.7705818,3.58,2.8094182
HgCl2,0.7691812000000002,4.45,3.6808188
Hg2Cu3Te6O16,0.7690106999999999,2.56,3.3290107
CuZr1.86S4,0.7687898000000002,1.26,2.0287898
Zn3Sb2,0.7684629333333334,0.1766666666666666,0.9451296
PbGa4S7,0.7683560000000003,3.08,2.311644
Ba5Ga2Se8,0.7675935999999999,2.51,1.7424064
OsP4,0.7673585,0.5,1.2673585
Na3WO4Cl,0.7661563999999998,4.99,4.2238436
BiFeSe3O9,0.7658168000000001,2.54,1.7741832
CdBr2,0.7653414999999999,4.47,3.7046585
CsSbS2,0.7646519999999999,2.8,2.035348
Ba2NdGaS5,0.7608714999999999,2.12,2.8808715
Tl2InGaSe4,0.7607222999999999,2.05,1.2892777
PdPS,0.7607153999999999,1.39,0.6292846
Bi9O7.5S6,0.7600881999999998,1.27,2.0300882
LiCdBO3,0.7591048000000002,4.28,3.5208952
Cs2Cu3DyTe4,0.7578292999999999,1.38,0.6221707
LuP,0.7563110500000001,1.3,0.54368895
GeO2,0.7562213333333325,5.576666666666667,6.332888
CsSbS2O8,0.7553626999999996,4.68,3.9246373
PrF3,0.7550544000000006,5.6,6.3550544
Tm2O3,0.7547933999999996,4.53,5.2847934
PbSbO2I,0.7538917999999999,2.48,1.7261082
ZnSiAs2,0.7535537000000001,2.12,1.3664463
Li6Mo6Se6O33,0.7523157999999999,3.3,2.5476842
La2O2MnSe2,0.7507269999999999,1.6,2.350727
Ag2CdP2S6,0.7498122000000003,2.49,1.7401878
In6Se7,0.7492853,0.63875,1.3880353
HoN,0.747500033333333,1.856666666666667,2.6041667
GaTc,0.74746476,1.42,0.67253524
Ag4Ba6Sn4S16,0.7472936000000001,2.37,1.6227064
La4InSbS9,0.7467415,2.07,1.3232585
LiSm3SiS7,0.7467047,2.83,2.0832953
LiCa3As2H,0.7461736999999999,1.4,2.1461737
PbCl2,0.7461681333333332,3.953333333333333,3.2071652
AsI3,0.7439001333333335,2.4333333333333336,1.6894332
AlVTe2O8,0.7432033000000002,2.9,3.6432033
BaGa2GeSe6,0.7429993000000001,2.515,1.7720007
BaGa2Se4,0.7381785999999999,3.163,2.4248214
Nd3Te4,0.7371541,1.6,0.8628459
La2CoTiO6,0.7338334,1.02,1.7538334
Ba5Ga6SnP12,0.7338308,1.21,1.9438308
K2Se,0.7333334999999999,1.8,2.5333335
CsInS2,0.7329236999999997,3.4,2.6670763
ThOS,0.7256262999999996,2.22,2.9456263
KZn4B3O9,0.724189,2.32,3.044189
Al2S3,0.7227510000000006,4.1,4.822751
HgIn2Se4,0.7186591999999999,0.6,1.3186592
CsCeHgSe3,0.717168,1.94,2.657168
Pb2MnO4,0.7152509999999999,1.5,2.215251
Sr5V3O12F,0.7151584999999998,4.5,3.7848415
PbI2,0.7147427222222222,2.534777777777778,3.2495205
WSe2,0.7146950000000001,1.465,2.179695
Ag2GeTe3,0.7144498499999999,0.16,0.87444985
LiPbSb3S6,0.7130670000000001,1.6,2.313067
Eu7Ga6Sb8,0.7110853,0.6,1.3110853
BaZnOS,0.7073174999999998,3.9,3.1926825
GdAs,0.7054803,0.63,1.3354803
BaB2O4,0.7005903333333325,6.4433333333333325,5.742743
La3CuGeSe7,0.7002356999999999,2.0,1.2997643
Ag3AsS3,0.6990893999999999,2.07225,1.3731606
Na2Mo2Se2O11,0.6950056,3.1,3.7950056
NaGaGe3Se8,0.6944239000000001,2.35,1.6555761
Bi2Mo2Se2O13,0.6926644999999998,3.15,2.4573355
ZnSnSb2,0.6907996,0.35,1.0407996
RbCu4AsS4,0.6906188,2.15,1.4593812
K10Mn4Sn4S17,0.6899304000000002,2.3,2.9899304
Pb17O8Cl18,0.6842698,3.44,2.7557302
CsGdZnTe3,0.6828333999999998,2.13,1.4471666
KSi2P3,0.6822090000000001,1.72,2.402209
BiZn2VO6,0.6805063000000002,2.4,3.0805063
Cu2ZnGeSe4,0.6800123499999999,1.63,0.94998765
Ce3LuSe6,0.6794829999999998,1.1,1.779483
Ba4Si3Se9Cl2,0.6751642,1.76,2.4351642
TlSbSe2,0.6738986000000001,0.82,1.4938986
BaIn2Se4,0.6726463,2.625,1.9523537
La2ZrS5,0.6706335000000001,2.01,2.6806335
GaHSeO4,0.6701939999999995,5.51,4.839806
La2BaTe5O14,0.669829,3.81,3.140171
Ho2HfS5,0.6687095000000001,1.0,1.6687095
Tl2S,0.66817158,1.0,0.33182842
Ca2SmTaO6,0.667103,3.45,4.117103
Ba3InS4Cl,0.6654553000000001,3.42,2.7545447
NaBiS2,0.6637349000000001,0.41,1.0737349
HgIn2S4,0.6607666000000001,2.0,2.6607666
Ba3MgTa2O9,0.6604567000000001,4.28,3.6195433
CdIn2S4,0.6584752999999997,2.3600000000000003,3.0184753
PbBiBO4,0.6576043,3.2,3.8576043
MnO,0.6572879999999999,3.6,4.257288
Eu2SnSe5,0.6560784,1.07,1.7260784
Ga2S3,0.6553934999999997,2.83,3.4853935
InP2S4,0.6549328000000001,2.585,3.2399328
Be3N2,0.6547478,3.8,3.1452522
Pb2BO4H,0.6536421999999997,3.76,3.1063578
OsSbSe,0.6526716,0.4,1.0526716
SrSe,0.6523468000000001,4.42,3.7676532
Cs2Al2B2O7,0.6522823999999998,4.13,4.7822824
Cd4YB3O10,0.6511839999999998,3.78,3.128816
Cu3TaS4,0.6504278000000001,3.0,2.3495722
RbIn5S6,0.6493392,2.5,1.8506608
LaCuOS,0.6483083999999999,3.12,2.4716916
SnO,0.6452835000000001,3.0,2.3547165
CdAs2,0.6450098166666669,1.0666666666666669,0.42165685
Sm3Te4,0.6448152,0.51,1.1548152
Cs3As,0.6413766,0.6,1.2413766
Cs2Hg3S4,0.639113,2.8,2.160887
Cd0.01Te0.01Al0.99Sb0.99,0.638887,2.21,2.848887
HgBrCl,0.6372294999999997,3.4,4.0372295
Rb3Al3Ge7S20,0.6365190000000003,3.1,2.463481
EuBi2Se4,0.6364053700000001,1.02,0.38359463
CsInGeSe4,0.6344087999999999,2.32,1.6855912
Pb3Cl4TeO3,0.6334427000000002,3.79,3.1565573
LiSbS2,0.6332741,1.36,1.9932741
Cd3P2,0.6319184999999999,0.5555,1.1874185
RbCu2VS4,0.6314233,1.45,2.0814233
Dy4S4Te3,0.6313890000000002,1.43,2.061389
K4Nb2S11,0.6293148666666664,2.2433333333333336,2.8726482
Ge0.774Si0.226,0.6283406999999999,1.503,0.8746593
Zn3P2S8,0.6279087999999997,3.07,2.4420912
InSb2S4Cl,0.6235481999999999,1.8,2.4235482
Hg4As2HfCl6,0.6234292999999997,2.47,3.0934293
Ho2O3,0.6217484999999998,5.42,6.0417485
AlP,0.620569181818182,2.796818181818182,2.176249
MoSe2,0.6200807,1.6,0.9799193
K8Zr6Se30,0.6194687999999997,1.86,2.4794688
AgAlSe2,0.6185704999999999,2.55,1.9314295
CuGaS2,0.617698557142857,2.442857142857143,3.0605557
Hg4As2.5InBr3.5,0.6175760000000001,1.71,2.327576
KTbSe4,0.6157355999999998,1.65,1.0342644
BaTe,0.6134306,3.4,2.7865694
KNb3Se2O12,0.6133484999999999,3.46,4.0733485
Nd1.33Lu0.67S3,0.6132882,1.5,2.1132882
KCeSe4,0.6131289999999998,1.54,2.153129
GaP,0.6122102999999997,2.76,2.1477897
La3CuGaSe7,0.6120386999999998,1.36,1.9720387
BaCdSnS4,0.6109330000000002,2.3,2.910933
Tl4CuTeO6,0.6107386000000001,2.2,1.5892614
Cu2Te,0.6103402,1.0725,1.6828402
SbSeI,0.609593,1.72,1.110407
BaPrO3,0.6089875999999999,2.0,2.6089876
Na8Eu2Ge4S12,0.6036884,2.15,1.5463116
PbSb2Se4,0.6034980000000001,1.8,1.196502
AgScO2,0.6028754999999997,3.8,3.1971245
MoTe2,0.6026610166666667,1.1266666666666667,0.52400565
KBiCu2S3,0.6021958999999999,1.29,1.8921959
Ce3MoO7,0.6016180000000002,2.0,2.601618
Ga0.01Sb0.01Zn0.99Te0.99,0.6010254000000002,2.1,1.4989746
SeS,0.5994931000000001,1.9,2.4994931
Zn0.55Hg0.45Se,0.599045,0.8,1.399045
Pb2N2SeO9,0.5988850000000001,3.76,4.358885
CuCdInSe3,0.5985357,1.66,1.0614643
GaBi,0.5983948,0.1,0.6983948
Rb2Cd3S4,0.5972982999999998,2.92,2.3227017
CsInSe2,0.5954757000000002,2.81,2.2145243
Zn3B2O6,0.5949054999999999,2.6,3.1949055
Pb0.999Se0.999Bi0.002Te0.003,0.59107942,0.79,0.19892058
Mg2GeSe4,0.5910047999999999,2.02,2.6110048
RbCaBO3,0.5903619999999998,3.67,4.260362
Ir0.67S2,0.5903560999999999,2.0,1.4096439
HgGa2Se4,0.5899790000000003,1.95,2.539979
GeS,0.5896455909090907,1.690090909090909,2.2797365
Hg3Te2UCl6,0.5894013,2.6,2.0105987
Tl3CuNb2Se12,0.5890922999999999,0.8,1.3890923
GaN,0.5890484000000002,3.441,4.0300484
LiZnN,0.5880888,1.945,1.3569112
Ba23Ga8Sb2S38,0.5872107,2.84,2.2527893
PtP2,0.5870854000000001,0.7,1.2870854
Li6Fe2Te8O22,0.5839663000000002,1.98,2.5639663
TaGaSe2,0.5836380000000001,2.0585,1.474862
Gd2Te3,0.5829107,0.74,1.3229107
Hg6P6In2Cl9,0.5810360000000001,3.13,2.548964
Tl2AuPS4,0.5781084000000001,2.2,1.6218916
PbGa2Se4,0.5772857,1.83,2.4072857
AgGaSiSe4,0.5771866999999999,2.63,2.0528133
CsYTe3O8,0.5758546,3.4,3.9758546
Li9Ga13Te21O66,0.5752929999999994,4.45,5.025293
La3Sb0.33SiS7,0.5749164000000002,1.92,2.4949164
Al2Se3,0.5743198,3.125,2.5506802
AgS,0.5740671285714283,1.1414285714285717,1.7154957
Ge0.838Si0.162,0.5722328999999999,1.319,0.7467671
Bi25FeO39,0.5692334000000003,2.8,3.3692334
NaCdAsS3,0.569029,2.93,2.360971
LiPbB9O15,0.5667869999999997,4.75,5.316787
NaGe3P3,0.5662304,2.06,1.4937696
HfSe2,0.5633949000000003,2.2,1.6366051
CsLaHgSe3,0.5626378999999999,2.485,1.9223621
BaZnSiSe4,0.5625855999999998,2.71,2.1474144
BaAl4Se7,0.5623527999999998,3.4,2.8376472
RuP2,0.561514,0.9,1.461514
PdP2,0.5610472999999999,0.65,1.2110473
PrTe1.9,0.5608521,1.0,0.4391479
TiTe2,0.5605777000000001,1.0,0.4394223
MgGeN2,0.5598948000000008,4.300000000000001,3.7401052
Zn2MoSeO7,0.559034,4.2,3.640966
BaUSe3,0.5586819999999999,1.0,1.558682
PdPAs,0.5573946000000001,0.45,1.0073946
SbSi,0.5571386999999999,1.9,1.3428613
La2Se3,0.5550841666666666,1.7733333333333334,2.3284175
Cu3YSe3,0.5531704,0.88,0.3268296
Cu4Sn7S16,0.5522963999999999,0.8,1.3522964
YClMoO4,0.5520916999999996,3.82,3.2679083
Hg3S2Bi2Cl8,0.5516330999999997,3.26,2.7083669
La3LuSe6,0.5508257999999999,1.26,1.8108258
AgIn5Te8,0.5476673000000001,0.47,1.0176673
K2Cu2ThS4,0.5473970000000001,2.17,2.717397
Ba2GaBiTe5,0.5470505999999999,1.43,0.8829494
K6Yb3P5S20,0.54698,2.6,3.14698
Hg2I2,0.5462503000000001,2.37,1.8237497
Nb6VSb3O25,0.5460076000000003,3.2,2.6539924
In4Se3,0.5456601000000001,0.645,1.1906601
Sn2WO5,0.545617,2.597,3.142617
OsS2,0.5455555999999999,2.0,1.4544444
CdTeO3,0.5453449999999997,3.73,4.275345
Rb2CdBr2I2,0.5443464000000002,3.35,2.8056536
Ir0.67Se2,0.54330455,0.45,0.99330455
Na2ZnSn2S6,0.5429525000000002,2.93,2.3870475
MoO3,0.5428735000000002,3.6625,3.1196265
CsTbZnTe3,0.5416418000000001,2.12,1.5783582
TlHg6Se4Br5,0.5410679999999997,2.8,2.258932
Zn0.9Hg0.1Se,0.5405264000000001,1.75,2.2905264
Ba3BSbSe6,0.5399543,1.89,1.3500457
LaB6,0.5394630999999999,4.1,3.5605369
CdIn,0.53839702,0.6,0.06160298
Pb2SbS2I3,0.5338265,2.0,1.4661735
BeSe,0.5325812999999999,4.0,3.4674187
SmCuOSe,0.5322276000000001,2.6,2.0677724
EuSb2BO8,0.5321085000000001,3.46,2.9278915
Cu2In4Te7,0.5320901000000001,1.1,0.5679099
AgAlTe2,0.5297895000000001,1.85,1.3202105
GdB66,0.5294274,1.27,0.7405726
Pb6BBrO7,0.5285754999999996,2.84,2.3114245
Cr3Se4,0.527371,1.59,1.062629
UO2,0.5253699999999997,2.18,2.70537
Ce4Te7,0.5246838,0.5,1.0246838
RuSe2,0.5236969,1.0,1.5236969
Er3SmSe6,0.5232867999999999,2.0,1.4767132
EuS,0.5215101333333336,1.6616666666666664,2.1831768
NaInSe2,0.5188709,2.8,2.2811291
Bi4PdSe4O12,0.5151146999999998,2.06,2.5751147
Zn0.99Hg0.01Se,0.5138281,2.6,2.0861719
Eu2Ga2GeS7,0.5116448,2.3,2.8116448
Ba4CuInSe6,0.5101893,2.23,1.7198107
KBiS2,0.5092889666666666,0.8933333333333334,1.4026223
Gd2Mn4S7,0.5085315000000001,1.44,1.9485315
CdGa2Se4,0.5078399666666669,2.376666666666667,1.8688267
Zn0.2Ba2B2S5.2,0.5068703000000001,3.54,3.0331297
Rb2CsSb,0.50676936,1.5,0.99323064
Bi2Te0.1Se2.9,0.5064259,0.78,0.2735741
Ag3Ga3SiSe8,0.5057190999999999,2.3,1.7942809
EuN,0.5043382999999999,1.25,1.7543383
K2Au2SnS4,0.5017247,2.75,2.2482753
RbMoPO6,0.5013307,2.96,3.4613307
KAu5PS8,0.5010867999999999,2.14,2.6410868
AgGaS2,0.5005655999999998,2.655,2.1544344
TlScSe2,0.49919519999999995,0.79,1.2891952
LiInS2,0.4990843333333328,3.573333333333333,3.074249
TiCoSb,0.49895199999999995,0.95,0.451048
CdTlS2,0.49699139999999997,1.5,1.9969914
PdPSe,0.49617305999999994,0.15,0.64617306
K0.8Hg1.2Sn2S8,0.49585729999999995,2.78,2.2841427
Ce2Ge2Se7,0.4955505,1.1,1.5955505
Cu2CdGeSe4,0.49536690000000005,1.2,1.6953669
Ce2Te3,0.4951592,1.31,1.8051592
Na2Hg3Sn2S8,0.4950661000000003,2.45,1.9549339
Bi2AsO4Cl,0.49430320000000005,3.43,2.9356968
KTi2F7,0.4940660000000001,6.4,5.905934
AgTlSe2,0.49293374999999995,0.72,0.22706625
Li3Cs2B5O10,0.49055939999999953,7.3,6.8094406
Rb3Ag9P4S16,0.4895632999999999,2.6,2.1104367
Li2CdGeS4,0.4880842000000003,3.1,2.6119158
K2Sm2Ti3O10,0.4878127000000001,3.26,3.7478127
Sn2BiSI5,0.4859787,1.32,1.8059787
AgInTe2,0.48534109999999997,0.945,0.4596589
Cs2PdP2Se6,0.4850376999999999,1.6,2.0850377
ZnAs,0.48483560000000003,0.9,0.4151644
InPS4,0.4840903999999999,3.12,2.6359096
KCu3S2,0.4840827999999999,1.459,1.9430828
Cd2V2Te2O11,0.4833400000000001,2.48,2.96334
LiBi4Ta3O12,0.4814775,3.5,3.0185225
Dy2S3,0.4806820000000003,2.955,2.474318
La2O2ZnSe2,0.47798149999999984,3.4,2.9220185
Li6Al2Te8O22,0.4778348000000001,3.63,3.1521652
ZnMoSb2O7,0.47755780000000003,3.3,3.7775578
Sb2S3,0.47720439999999975,1.709,2.1862044
AgCd3PS6,0.4741898,2.56,2.0858102
PbSeO4,0.4740633999999999,4.3,3.8259366
Ba2ScTaO6,0.47291130000000026,4.19,3.7170887
KAg11V4O16,0.4712044999999998,2.0,2.4712045
Ba4CuGa5Se12,0.47117870000000006,1.45,1.9211787
NaAlGeS4,0.47090659999999973,3.6,4.0709066
Mg2Co,0.47089994,0.66,0.18910006
Ba6Sn6Se13,0.4702556,1.52,1.9902556
In0.9As0.9Ga0.1P0.1,0.4688558,0.45,0.9188558
Ba2GaSmTe5,0.4676853999999999,1.04,1.5076854
Ge0.653Si0.347,0.46747099999999997,1.914,1.446529
InSnAsSe,0.46527885,0.26,0.72527885
In4S5,0.4651287999999999,0.9,1.3651288
CsSmHgSe3,0.46498680000000014,2.374,1.9090132
Ba3Ta2Se9,0.4645996000000001,1.6,1.1354004
Tl2Hg3Se4,0.46357130000000013,1.57,1.1064287
BaGa4S7,0.46263129999999997,3.54,3.0773687
Cu3YTe3,0.46240761999999996,0.72,0.25759238
K8Al8Si38,0.46169269999999996,1.4,0.9383073
GaAs0.99Sb0.01,0.4613541000000001,0.7,1.1613541
AgAsS2,0.4601367000000003,2.2,1.7398633
BiOCl,0.45983850000000004,3.455,2.9951615
SrTiO3,0.4584755000000005,3.4124999999999996,3.8709755
In0.01P0.01Ga0.99As0.99,0.4576232,1.43,1.8876232
EuSb2S4,0.4571244000000001,1.2,1.6571244
Tb2Mo3O12,0.4561525999999998,1.505,1.0488474
Ba3GeS5,0.4560336999999999,3.0,2.5439663
SiAs,0.45600930000000006,1.5,1.9560093
Bi2Te0.4Se2.6,0.45481281999999995,0.7,0.24518718
EuH2,0.4545536000000001,1.85,1.3954464
Tl4GaIn3S8,0.4543944999999998,2.63,2.1756055
Cu2CdGeS4,0.4529016000000001,2.05,2.5029016
ZnIn2S4,0.4513395,2.753,2.3016605
Zn2MoTeO7,0.4498177999999995,4.1,3.6501822
GaVTe2O8,0.44887640000000006,3.0,2.5511236
ZnO,0.4487527090909089,3.402809090909091,3.8515618
Hg2Br2,0.4473875999999999,2.6,3.0473876
Cd3BiP3O12,0.44674400000000025,3.9,4.346744
CeN,0.446369,0.7,1.146369
Li4.5Al0.5TeO6,0.4455289999999996,4.9,5.345529
OsPS,0.44545676999999995,1.4,0.95454323
Ba2GaGdSe5,0.44406100000000004,1.87,2.314061
PSe,0.44370900000000013,2.5,2.056291
Li2PtO3,0.44256870000000026,2.3,2.7425687
Sm2YbCuS5,0.4420929,1.28,1.7220929
CdSe,0.4411632999999999,1.858412,2.2995753
ThOTe,0.440113,1.45,1.009887
LaZnAsO,0.4389311,1.5,1.9389311
K4GeP4Se12,0.43429779999999996,2.0,2.4342978
CdMoSb4O10,0.43388570000000026,3.4,3.8338857
CaTaO2N,0.4321299999999999,2.4,2.83213
CsInTe3O8,0.4311352999999998,3.9,3.4688647
La2S3,0.43112400000000006,2.77,3.201124
Ba2AgInS4,0.4303507,2.32,2.7503507
GaAs,0.4302617999999998,1.4819399999999998,1.0516782
Na4MgSi2Se6,0.4297672000000001,2.85,2.4202328
CdGa2S4,0.42827400000000004,3.42,2.991726
Cs2TeBr6,0.42621529999999996,2.12,2.5462153
Rb3Sb,0.4250929000000001,1.0,1.4250929
YbSb,0.4247668,1.0,0.5752332
Ba3Ta5O14N,0.4238820000000003,2.8,3.223882
Bi2S3,0.4220295599999998,1.3199999999999998,0.89797044
Na2CdSnS4,0.42188550000000014,2.52,2.9418855
Zn0.4Hg0.6Se,0.4214266300000001,0.4599999999999999,0.88142663
Ag2SnS3,0.42091716666666645,1.3533333333333335,1.7742505
RbF,0.42073300000000025,10.4,9.979267
PrTaN2O,0.42061290000000007,2.0,1.5793871
RbBr,0.42038560000000036,7.45,7.0296144
Sm2Mn3Sb4S12,0.4202136999999999,1.5,1.0797863
As4S4,0.4176196999999999,2.4,1.9823803
CsInGeS4,0.41706470000000007,2.25,2.6670647
Bi2Cu0.96Se3I,0.4170113999999999,0.68,1.0970114
EuIn2Te4,0.4170091,1.22,0.8029909
Na2B6O9F2,0.4169036000000004,7.33,6.9130964
LaGaS3,0.4167569000000002,2.5,2.9167569
NdTe2,0.41669263,0.48,0.89669263
TlInGeS4,0.41573660000000023,2.3,2.7157366
Ba3Sn0.87Bi2.13Se8,0.41453969999999996,0.79,1.2045397
CaO,0.4143939999999988,7.003400000000001,7.417794
Cu2Ga4Te7,0.41343063999999985,1.13,0.71656936
Gd2Se3,0.4123180000000002,2.2,1.787682
Bi24VO41,0.4118930999999999,3.25,2.8381069
KBaAsSe3,0.4118831999999999,2.26,1.8481168
AgN3,0.41127100000000016,3.67,4.081271
LiAlB14,0.41073499999999985,1.935,2.345735
KAgAsS2,0.4103926000000002,2.21,2.6203926
Na2CdGe2S6,0.41023480000000045,2.8899999999999997,3.3002348
YbSnTe2,0.40819743,0.75,0.34180257
TlScTe2,0.40757790000000005,0.85,1.2575779
TiNiSb,0.4075431,0.42,0.8275431
Ba2V4Te3O18,0.40699419999999975,2.64,3.0469942
MnSb2Se4,0.4067692,0.31,0.7167692
RhP2,0.404705,1.0,0.595295
Eu3Sb4S9,0.40326149999999994,1.2,1.6032615
Ba3Nb2Se9,0.4013654,1.3,1.7013654
Hg4As2ZrCl6,0.4012747000000001,2.48,2.8812747
K6CdTe4,0.40049860000000015,2.51,2.9104986
Sn2BiS2I3,0.39931039999999984,1.06,1.4593104
YbS,0.39846479999999995,1.135,1.5334648
Pr2Sr2PtO7.07,0.3973112999999997,3.05,2.6526887
CdSiAs2,0.3959729999999999,1.524,1.919973
Bi2O2CO3,0.39564520000000014,3.42,3.8156452
CuIn3Te5,0.39470000000000005,1.1065,0.7118
KSb,0.39371999999999996,0.9,1.29372
SmB66,0.3922475999999999,0.8,1.1922476
Tl2TeI6,0.39182039999999985,1.485,1.8768204
CaGd2S4,0.38938830000000024,2.55,2.9393883
ZnGeN2,0.387877,3.05,3.437877
K3B6O10Cl,0.387594,6.89,6.502406
SiTe2,0.3862901000000001,2.015,1.6287099
Hg0.99Cd0.01Se,0.38621170000000005,1.72,1.3337883
Sr2V3Se5O18,0.3854669999999998,2.47,2.855467
Ge0.6Si0.4,0.3842994999999999,0.9,1.2842995
Zn6S5Cl2,0.3842973999999999,2.71,3.0942974
K2Cu2Sn2S6,0.3838157,1.47,1.8538157
CuGa3Se5,0.38257996666666694,1.8166666666666669,1.4340867
Ca2Si,0.38091129999999995,1.9,1.5190887
Bi24BO39,0.3807723999999997,2.91,3.2907724
Li3ScN2,0.3805945999999998,2.9,2.5194054
Ag2GeS3,0.3791557000000001,1.98,2.3591557
Sn2S,0.3788630999999999,0.8999999999999999,0.5211369
Cs3Bi2I9,0.37775459999999983,1.85,2.2277546
Hg3ZnS2Cl4,0.37733060000000007,2.65,3.0273306
Cs2Sn3Sb2S10,0.3767799999999999,2.34,1.96322
ZnSnP2,0.37617119999999993,1.6275,2.0036712
BiOI,0.3747180000000001,2.005,2.379718
CsInSn2Se6,0.3715409999999999,1.78,2.151541
Pb4V2Se6O21,0.37042719999999996,3.37,2.9995728
RuPAs,0.36961299999999997,0.8,1.169613
SrTe,0.369135,3.75,3.380865
Ca3B2N4,0.3682040000000004,4.0,4.368204
NaCd4P3,0.3680127999999998,1.1,1.4680128
K2CuIn3Se6,0.3675693,1.68,1.3124307
Rb2GeB4O9,0.3665504000000004,5.54,5.9065504
SnSe2,0.36404950000000014,1.62,1.2559505
Na2In4SSe6,0.362619,1.92,2.282619
EuLu2Se4,0.3609274,1.7,1.3390726
La4FeSb2Se10,0.36036290000000004,0.85,1.2103629
NiC2N2,0.3600222999999998,2.0,2.3600223
Dy3GaS6,0.35997970000000024,2.81,2.4500203
BiI3,0.3596897714285716,1.9315714285714285,2.2912612
KZrPSe6,0.35949849999999994,2.0,1.6405015
TeO2,0.3583102,3.0,3.3583102
NaBr,0.3578753333333333,7.261666666666667,7.619542
Cd4V3Te3O15,0.3568678999999997,2.66,3.0168679
Cs2ZnGe3Se8,0.35675250000000003,2.31,1.9532475
Tl2GeTe3,0.3566578,0.365,0.7216578
K9Bi13S24,0.3563517999999999,1.4,1.0436482
AlSb,0.3563504000000002,1.6518000000000002,1.2954496
CaZnOS,0.35613030000000023,3.7,3.3438697
In4Te3,0.35593986,0.51,0.86593986
CsHgInS3,0.35552379999999983,2.3,1.9444762
CsBi3Se5,0.35513144999999996,0.43,0.78513145
Ba2In2S5,0.3550145999999996,2.47,2.8250146
Ba3B1.5S6Bi0.5,0.3539490999999999,2.43,2.7839491
Tl2O3,0.35385730000000004,2.25,2.6038573
CaTe,0.3529182000000004,4.1850000000000005,3.8320818
Cs3Nb9Te4O32,0.3526056000000004,3.22,2.8673944
Zn0.01Cd0.99Se,0.3523383,2.45,2.0976617
FeSc2,0.35142805,0.77,0.41857195
Ga2Se3,0.35130799999999973,2.07,1.718692
Na2BaGeSe4,0.35082840000000015,2.25,2.6008284
Rb4Ge3B6O17,0.3506046000000005,5.42,5.7706046
Hg0.63Cd0.37Te,0.35051944,0.35,0.70051944
Cs2PdSe8,0.3501744,1.5,1.8501744
Cs2HgI2Cl2,0.3489614000000003,2.15,2.4989614
Sm2Sn3Se9,0.3481615,0.7,1.0481615
K2Ag3Sb3S7,0.3477760000000001,2.2,1.852224
Li2CdSnS4,0.3477299999999999,3.26,2.91227
Na8Al8Si38,0.34652002000000004,0.64,0.29347998
Zn0.8Hg0.2Se,0.34615070000000014,1.4,1.7461507
Ba3Gd2P4S16,0.34540799999999994,3.41,3.064592
Ca4Bi6O13,0.34533760000000013,2.76,3.1053376
NaCeS3,0.3451594,2.15,2.4951594
GeAs,0.3446827000000001,1.37,1.0253173
BaGa2SnSe6,0.3445852999999999,1.775,2.1195853
La2GeSe5,0.34418210000000005,1.24,1.5841821
CdTe,0.34396840000000006,1.5494375,1.8934059
CsB3GeO7,0.3439475999999999,5.76,6.1039476
CdBiO2Cl,0.34363330000000003,3.08,2.7363667
CsCeCdSe3,0.34310280000000004,2.4,2.0568972
CuAlSe2,0.34224619999999994,2.6,2.2577538
SrLa2S4,0.3418928000000001,2.85,2.5081072
La2Ge2Se7,0.3401128,1.08,1.4201128
ZnGeP2,0.3400063000000002,2.16,1.8199937
NaSbP2S6,0.33889000000000014,2.21,2.54889
CsLiB6O10,0.33809360000000055,6.89,7.2280936
Ba2GaGdTe5,0.3378893999999999,1.12,1.4578894
Rb3Al3Ge7Se20,0.33522549999999995,2.4,2.0647745
In0.99As0.99Ga0.01P0.01,0.3344394,0.3,0.6344394
EuSb4S7,0.3340645,0.98,1.3140645
Ba6Ga2SnSe11,0.3338962000000001,1.99,2.3238962
Sr3GeSb2Se8,0.33386479999999996,0.75,1.0838648
Li2ZnSnS4,0.33371700000000004,2.87,3.203717
KSbS2,0.3326274,1.6900000000000002,2.0226274
BaS,0.3322543000000002,3.89,4.2222543
NaSmP2S6,0.3322482,2.54,2.2077518
Bi12TiO20,0.3322338,3.09,3.4222338
K4Ba2Nb4S22,0.3321402,1.77,2.1021402
Rb9Bi13S24,0.3318734000000001,1.3,0.9681266
Rb3Sb2I9,0.3314660999999999,1.94,1.6085339
AsSeI,0.32922719999999983,1.76,2.0892272
DyIn3S6,0.3291950000000001,1.22,1.549195
Rb3Sb2Br9,0.32840800000000003,2.48,2.151592
Co2Te3O8,0.3275839999999999,3.6,3.272416
GdN,0.32747609999999994,1.54,1.8674761
Ca10Ge16B6O51,0.3270185000000003,5.47,5.7970185
Eu3As2,0.3259396,0.6,0.9259396
CoSb3,0.32580845,0.495,0.16919155
K2SmP2S7,0.3250669999999998,2.59,2.264933
K2Cu2Sn2Se6,0.32493459999999996,1.04,1.3649346
CuYO2,0.3245703999999998,3.5,3.1754296
BaIr2Ge4S6,0.32438160000000016,1.539,1.8633816
K2CuNbS4,0.3243144,2.82,2.4956856
EuTb2Se4,0.32430650000000005,2.0,1.6756935
Li0.2Na0.8AsSe2,0.3234488,1.645,1.3215512
HgO,0.3218497,2.347,2.0251503
CsBiS2,0.3217867666666667,1.4166666666666667,1.0948799
Bi2I4O13,0.31923460000000015,3.3,3.6192346
Li4.5Cr0.5TeO6,0.31896250000000004,1.79,2.1089625
Hg7InS6Cl5,0.31868300000000005,2.54,2.858683
Sn3As2,0.31800840999999996,0.47,0.15199159
CI4,0.31786539999999985,2.26,1.9421346
Gd2S3,0.3170830000000002,2.55,2.867083
Al0.74Gd3Si0.7S7,0.3143756,2.34,2.6543756
Cs2AgBiBr6,0.31409339999999997,2.19,1.8759066
SrPr2S4,0.312697,2.7,2.387303
DyTe1.7,0.31247389999999997,0.35,0.6624739
OsSb2,0.31141663333333347,0.2366666666666666,0.5480833
Eu3S4,0.31039430000000023,1.7,2.0103943
Cu2Ta11O30,0.31026089999999984,2.59,2.2797391
Ba2B4O9H2,0.31014500000000034,5.12,4.809855
Hg2Cl2,0.30962800000000046,3.3800000000000003,3.070372
PbCdP4O12,0.3086731999999994,4.859999999999999,4.5513268
Zn0.3S0.3Ga0.7P0.7,0.3085230999999997,2.3,1.9914769
Li2HgGeS4,0.30824450000000025,2.46,2.7682445
BaPdSe6,0.3080794,2.15,1.8419206
K2Gd2Sb2Se9,0.3080056,1.33,1.6380056
HgTe,0.30788833333333343,0.1716666666666666,0.479555
K2Ge4Se8,0.30677929999999987,1.8,2.1067793
AgIn3Te5,0.30656966,0.68,0.37343034
LiAsSe2,0.3062558333333334,1.2366666666666666,1.5429225
TeI,0.30567089999999997,1.1,1.4056709
Ga0.7In0.3As,0.30563070000000003,1.0,0.6943693
Ge0.9Si0.1,0.30540429999999996,0.8,1.1054043
Nd2Te3,0.3045266000000001,1.12,0.8154734
Ce10OSe14,0.30436980000000013,1.93,2.2343698
As2S6,0.3041757999999999,2.35,2.6541758
NaInTe2,0.30412629999999985,1.6,1.9041263
K2RbSb,0.30394805999999996,1.2,0.89605194
Sr2Bi5.42La2.58S14,0.3033471000000001,1.0,1.3033471
BaGa2GeS6,0.30291140000000016,3.245,2.9420886
MgTe,0.3028276999999999,3.6,3.9028277
Ba3EuP3O12,0.3027850000000001,4.091,4.393785
Li2B12Si2,0.30200650000000007,2.27,2.5720065
Sm1.82Lu2.18Se6,0.30192170000000007,1.51,1.8119217
GaAs0.15Sb0.85,0.3017748000000001,1.1,0.7982252
Zn3V2TeO10,0.3016312000000001,2.96,2.6583688
Hg3PS3,0.30160999999999993,1.98,1.67839
CsBi2,0.30148737000000003,0.55,0.24851263
KInS2,0.3011794000000001,3.0,3.3011794
Ge0.88Si0.12,0.29997780000000007,0.84,1.1399778
NaAsSe2,0.29960260000000005,1.595,1.2953974
Gd1.05Sc0.95Se3,0.29776730000000007,1.2,1.4977673
KSb5S8,0.29745790000000016,1.745,1.4475421
Cs2Hg5.75Cd0.25S7,0.2974450000000002,1.66,1.957445
Na2ZnGe2S6,0.29698329999999995,3.145,2.8480167
TlScS2,0.29559080000000004,1.51,1.2144092
Ba2InErSe5,0.2949535000000001,2.29,1.9950465
Cu2Te3O8,0.2932961999999999,2.64,2.9332962
Nd4InSbSe9,0.2929454,1.57,1.8629454
CuIn5S8,0.29273949999999993,1.34,1.6327395
SrB6,0.29158669999999987,3.68,3.9715867
RbBiSe2,0.2915786333333332,0.8466666666666667,1.1382453
Cs2CuNbSe4,0.29116600000000004,2.19,2.481166
CsTb9Cd4Se18,0.2899369999999999,1.95,1.660063
Rb2Hg3Ge2S8,0.28974319999999976,2.8,2.5102568
CeTaN2O,0.2883669999999998,1.9,1.611633
La5Cu6.33O4S7,0.28741440000000007,2.0,1.7125856
LiGd5P2O13,0.2868491999999998,3.73,3.4431508
BaLa2In2S7,0.2851765999999998,1.87,2.1551766
Se0.4Te0.6,0.2842458,0.7,0.9842458
Na2GeIn2Se6,0.28390700000000013,2.47,2.186093
KFeCuTe2,0.2835924999999999,1.06,1.3435925
Cs4Ag9Sb4S12,0.28281350000000005,2.0,2.2828135
Ag8GeS6,0.2827024,1.18,1.4627024
Cs4Cu3Bi9S17,0.282108,0.75,1.032108
LiGaGe2Se6,0.2814300000000003,2.64,2.35857
Bi6Cu3S10I,0.28122526999999997,0.72,0.43877473
AgGaGeS4,0.2806153,3.0,2.7193847
CuZn2InSe4,0.28058689999999986,1.1,1.3805869
Li3PS4,0.2804408999999999,3.68,3.9604409
In2Se3,0.2800218000000001,1.2,1.4800218
Ba3V2Se4O16,0.2800210000000001,2.87,3.150021
Zn0.85Hg0.15Se,0.2793920000000001,1.8,1.520608
RbScSe2O6,0.27897630000000007,4.9,4.6210237
Ba2InErTe5,0.2788206000000002,1.35,1.0711794
Pb0.999TeTl0.001,0.2783225,0.3,0.5783225
LaCuOSe,0.27810999999999986,2.83,2.55189
BiSCl,0.27722340000000023,1.91,2.1872234
Rb4Ag9Sb4S12,0.27616359999999984,2.0,2.2761636
SrS,0.27570369999999933,4.779999999999999,4.5042963
LaSb,0.27524285000000004,0.8,0.52475715
Tl4Ta2S11,0.27416379999999996,1.26,1.5341638
AsBr3,0.27390680000000023,2.6,2.3260932
DyB6,0.2738895000000001,3.3,3.5738895
Mn15Si26,0.2727316000000001,0.701,0.9737316
AsSI,0.2723772000000002,2.05,2.3223772
IrS2,0.2720953999999999,0.9,1.1720954
TlBiTe3,0.27198918,0.5,0.22801082
EuHo2Se4,0.2714435999999998,1.8,2.0714436
ErB6,0.27120109999999986,3.5,3.2287989
Na2Hg3Si2S8,0.271026,2.86,2.588974
Cs2Bi2Cd2S5,0.2695573,1.7,1.9695573
Gd6Ge2.5S14,0.2686264999999999,2.2,2.4686265
Pb2Bi5.9La2.1S14,0.2683837,1.0,1.2683837
Bi3In4S10,0.2676577,1.42,1.6876577
TiS3,0.2671388,0.9,1.1671388
Zn3P2,0.26712769999999986,1.1749999999999998,0.9078723
Sm2Te3,0.2668807000000001,0.7,0.9668807
Cu2ZnSiTe4,0.26639520000000005,1.47,1.2036048
YH2NO5,0.26629340000000035,4.83,5.0962934
InAs,0.2661935142857142,0.3967857142857142,0.1305922
Sb2O3,0.2660671999999997,3.255,2.9889328
Cs2Cd3Te4,0.26452300000000006,2.48,2.215477
Rb3Ta2AsS11,0.2633479999999999,2.21,1.946652
SmP,0.26288939999999994,1.09,1.3528894
Cd4Sb2I3,0.26186200000000004,1.83,1.568138
K0.6Cs0.4PSe6,0.2607752000000001,2.1,1.8392248
Ag2CdGeS4,0.2606829999999998,2.32,2.059317
Cu3AsS4,0.2602074999999999,1.36,1.6202075
CdIn30Te46,0.25989590000000007,1.17,1.4298959
NaLaS3,0.25984680000000004,2.61,2.8698468
CuBS2,0.2594540000000003,3.61,3.869454
Sr2SmTaO6,0.25905219999999973,3.38,3.1209478
Ba4AgGa5S12,0.25782870000000013,2.52,2.7778287
KF,0.2576269999999994,10.3,10.557627
Cs2B4SiO9,0.2570869999999994,6.53,6.787087
OsP2,0.25699359999999993,1.165,1.4219936
In0.01Al0.99P,0.25626170000000004,2.4,2.6562617
AgAsTe2,0.2561850400000001,0.8,0.54381496
Cs3Bi,0.25556138,0.625,0.36943862
Ba3B1.5S6Sb0.5,0.25491829999999993,3.01,2.7550817
Ga0.1P0.1Zn0.9Se0.9,0.2547245,2.3,2.5547245
CuZn2InTe4,0.25435969999999997,1.05,1.3043597
CsSbSe2,0.2536635999999999,1.7,1.4463364
CsPSe6,0.2536436000000002,1.9,2.1536436
CuInS2,0.2535996666666669,1.536333333333333,1.789933
BiSb0.15,0.25337662,0.022,0.27537662
BP,0.25288200000000005,4.2,3.947118
CdGeP2,0.25269603333333346,1.7266666666666666,1.9793627
Pb2BO3Cl,0.25252600000000003,3.99,3.737474
CsAsSe2,0.2523118,1.93,2.1823118
CsAgSb4S7,0.2521508000000001,2.04,1.7878492
Ba2InYTe5,0.25172760000000016,1.36,1.1082724
EuDy2Se4,0.25162170000000006,1.8,2.0516217
Cu3AsSe4,0.2515651,0.765,1.0165651
CuPbBiSe3,0.25153802999999997,0.07,0.32153803
ReO3,0.2511656000000002,2.3,2.5511656
Sb8O11I2,0.25108240000000004,2.72,2.4689176
Ce2GeSe5,0.25031990000000004,1.7,1.4496801
BaAuI5O15,0.24961420000000034,2.32,2.5696142
CoAs3,0.24951879999999993,0.4,0.6495188
AlB12,0.24948630000000005,2.14,2.3894863
InS,0.24896839999999987,2.0125,2.2614684
LiInTe2,0.2484961000000001,1.46,1.7084961
BiPO4,0.248116,3.85,4.098116
Cs2Ga2S5,0.24778579999999994,3.26,3.0122142
ScN,0.24766449999999995,2.6,2.3523355
CuFeSe2,0.24691860000000002,0.155,0.4019186
LiI,0.24671399999999988,5.84,6.086714
Ga0.8Al0.2P,0.24619310000000016,2.3,2.5461931
Na2GdP2O8,0.2456355999999995,4.185,3.9393644
Na2CsSb,0.24453210000000003,0.8,1.0445321
Bi2Te2SO10,0.24391680000000004,3.6,3.3560832
Ce1.3Lu0.7S3,0.2435708000000001,1.25,1.4935708
ZnSnAs2,0.24201436333333326,0.7033333333333333,0.46131897
InSb0.5As0.5,0.24193689999999998,0.1,0.3419369
La1.86Tb1.14Ga1.67S7,0.24184459999999985,2.67,2.4281554
Zn0.75Hg0.25Se,0.24106760000000005,1.4,1.6410676
RbInGeS4,0.2406233000000002,3.1,2.8593767
ZnGeAs2,0.23873603333333326,1.1033333333333333,0.8645973
Li3AlP2,0.23869970000000018,2.75,2.5113003
YbIn3S6,0.23809020000000003,1.31,1.5480902
K10Zn4Ge4S17,0.23741679999999965,3.34,3.1025832
CuIn3S5,0.23692120000000005,1.2,1.4369212
Ga0.8Sb0.8Zn0.2Te0.2,0.23675324999999992,1.15,0.91324675
BaTaO2N,0.2364208000000001,1.78,2.0164208
La4Cd4In2S13,0.2360129999999998,2.27,2.506013
RhAs2,0.2357609999999999,1.15,0.914239
Ga0.99As0.99Zn0.01Se0.01,0.235576,1.39,1.625576
BiSe,0.23459875000000002,0.4,0.16540125
Cs5P5Se12,0.23422750000000003,2.17,1.9357725
YbSb4Te7,0.23391320000000002,0.22,0.4539132
Tl2PrInSe4,0.23350769999999998,0.93,1.1635077
Cu2Ta4O11,0.23296939999999955,2.6500000000000004,2.8829694
YbGa2Se4,0.23190250000000012,1.8,1.5680975
VO2,0.23145796999999996,0.466,0.69745797
CuInGeSe4,0.23139890000000007,1.3,1.0686011
TeSe3,0.23136329999999994,1.635,1.4036367
CuGa3Te5,0.22997410000000007,1.092,0.8620259
Rb2HgP2Se6,0.2296459999999998,2.32,2.090354
KSbSe2,0.22863509999999998,1.47,1.6986351
NaIn3Se5,0.22860249999999982,2.17,1.9413975
ZnI2,0.22848250000000014,4.53,4.3015175
Ca3BiP3O12,0.2284777,4.2,3.9715223
Cs10Cd4Sn4S17,0.22824420000000023,3.16,2.9317558
RbAg2SbS4,0.22821429999999987,2.3,2.0717857
AgInSe2,0.22820374285714284,1.1828571428571428,0.9546534
Ge40.0Te5.3I8,0.22781549999999995,0.8,1.0278155
Tl6CuTe2O10,0.2276277000000002,2.3,2.5276277
BaLa2In2Se7,0.2275659000000001,1.66,1.8875659
RuAsS,0.22715719999999995,1.2,1.4271572
Li2ZnGe,0.22507750000000004,1.1,0.8749225
AgTlTe2,0.22452512,0.1,0.32452512
BiIO3F2,0.22405799999999987,3.97,4.194058
Rb2Cu2Sn2Se6,0.22390969999999988,1.04,1.2639097
SmIn3S6,0.22362930000000003,1.18,1.4036293
AgNb2PS10,0.2229772000000001,1.78,1.5570228
Ce2Sn3Se9,0.22265530000000006,0.3,0.5226553
RbSbS2,0.222379633333333,2.063333333333333,1.8409537
Rb2CuNbS4,0.22201570000000004,2.64,2.8620157
In2Bi3Se7I,0.22198840000000009,1.38,1.6019884
K4Sn3Ce3S14,0.22193070000000015,2.46,2.2380693
Mg2Pb,0.22178507,0.097,0.31878507
KGaSe2,0.22127929999999996,2.6,2.8212793
LiMoIO6,0.22051420000000022,2.8,3.0205142
RuSbTe,0.22051045000000002,0.5,0.27948955
Rb2Hg3Sn2S8,0.22008040000000006,2.48,2.2599196
NaLa2TaO6,0.2194149999999997,4.5,4.280585
CsBiSe2,0.21900680000000006,1.07,0.8509932
Cd4LuB3O10,0.21882369999999973,3.7,3.9188237
Dy4GaSbS9,0.21869499999999986,2.58,2.361305
TlInTe2,0.21812710666666663,0.6666666666666666,0.44853956
Ag2O,0.21724759999999987,1.5324,1.3151524
ThOSe,0.21723700000000012,1.65,1.867237
K3Ta2AsSe11,0.2167671,1.45,1.6667671
RbBiS2,0.21670713333333347,1.2733333333333334,1.0566262
Li2In2SiSe6,0.21635079999999984,2.54,2.3236492
TlCl,0.21599959999999996,3.4182,3.2022004
TmAs,0.21574704999999994,1.18,0.96425295
BaIn2S4,0.21476799999999985,3.057,2.842232
CsCl,0.21452200000000055,7.949999999999999,8.164522
NiS2,0.21446778,0.64,0.42553222
K2ZnSn3S8,0.2142725333333333,2.3333333333333335,2.1190608
Li4Cs3B7O14,0.2141434999999996,6.53,6.7441435
LiB3O5,0.21404733333333414,7.843333333333334,7.629286
Fe2Te3,0.21382629999999997,0.47,0.2561737
Cu3TbTe3,0.21283611000000002,0.46,0.24716389
K2CsSb,0.21273867000000013,1.1,0.88726133
Rb2Cd3Te4,0.21267749999999985,2.3,2.0873225
LiMgBi,0.21236215000000003,0.4,0.61236215
Ba2InSbSe5,0.21183830000000015,1.92,2.1318383
Sm2ZrSe5,0.2114646,1.41,1.6214646
GdB6,0.2113315,3.6,3.3886685
RbBi3Se5,0.21024805000000002,0.57,0.78024805
KNb3Te2O12,0.2099120000000001,3.52,3.310088
HgIn2Te4,0.20987853333333328,1.0933333333333333,0.8834548
CdP2,0.20971140000000021,2.1035,2.3132114
In2S3,0.2095815000000001,2.0,1.7904185
Pb3BiV3O12,0.2094282999999999,2.5,2.2905717
Ce2YbCuS5,0.2087234,1.37,1.1612766
TlSbS2,0.20827109999999993,1.69,1.4817289
Sb3O4I,0.20793519999999965,2.61,2.4020648
Hg0.8Zn0.2Te,0.20702086999999997,0.075,0.28202087
In2GeTe3,0.20621874999999995,0.69,0.48378125
InSb0.4As0.6,0.20373746,0.1,0.30373746
Pr2Te3,0.20315649999999996,1.32,1.1168435
Ga0.5As0.5Zn0.5Se0.5,0.20308419999999994,1.52,1.7230842
Rb1.45Pb3.1Sb7.45Se15,0.20305349999999994,0.45,0.6530535
Pb3Br2Se2O6,0.20267370000000007,3.73,3.9326737
HgBr2,0.20211299999999977,3.59,3.387887
RbGaSnSe4,0.20177880000000004,1.88,2.0817788
Eu3Bi4S9,0.20172140000000005,1.18,1.3817214
Sr8.007Ge2.043Bi7.949Se24,0.20107949999999997,0.74,0.9410795
MnSi,0.20098602999999998,0.6,0.39901397
Na7.36Ga7.24Sn4.78Se24,0.20073450000000004,1.5,1.7007345
NaSb,0.20071375999999996,0.82,0.61928624
Er2O3,0.19988199999999967,5.42,5.220118
Ba4Ge3Se9Cl2,0.19927319999999993,1.89,1.6907268
Ba3Tb2P4S16,0.1992259999999999,3.37,3.170774
Rb2Cu2Sb2S5,0.1991672,1.6,1.4008328
Ru2Ge3,0.19907829999999999,0.43,0.6290783
Pr4InSbSe9,0.19900099999999998,1.89,1.690999
In2As2O5Cl2,0.1989112999999998,4.62,4.4210887
SnCl2,0.19812550000000018,3.9,4.0981255
Ge0.93Si0.07,0.19810910000000004,1.042,0.8438909
Na2TeSe3,0.19808060000000016,1.91,2.1080806
Ba2GaErSe5,0.196747,1.95,2.146747
YbAs,0.19652000000000003,1.02,1.21652
RbYTe2O6,0.1959768999999998,3.6,3.7959769
K10Sn3P8Se24,0.19543049999999984,1.82,2.0154305
CuFeTe2,0.1950061,0.16,0.3550061
Cs2Sb,0.19380739999999996,0.62,0.8138074
BaAgSbS3,0.1934752999999998,2.2,2.3934753
Ag0.5Pb1.75GeS4,0.1929067,1.83,1.6370933
Tl2Hg3Te4,0.1925720999999999,0.9,1.0925721
RbCl,0.1923680000000001,8.278,8.470368
B2O3,0.1923149999999998,4.895,4.702685
Hg0.06Zn0.94Te,0.19178830000000024,2.075,1.8832117
K3Ga3Ge7Se20,0.19165900000000002,2.23,2.038341
BaSi2,0.19131490000000007,1.3,1.4913149
SnGeS3,0.1910877000000002,2.23,2.0389123
K2Cd2Te3,0.19064459999999994,1.93,2.1206446
Tl2Hg3S4,0.19058879999999978,2.05,1.8594112
CuInCd2Te3,0.19029210000000008,0.7,0.8902921
K6Nb1.07Ta2.93S22,0.19024149999999995,1.88,2.0702415
K2Hg3S2.69Se1.31,0.18998570000000026,2.28,2.4699857
Bi2SI2O11,0.1898660000000003,3.74,3.550134
Na2In2GeS6,0.1895859999999998,3.17,2.980414
Ba12In4S19,0.18850999999999996,2.56,2.37149
SbSBr,0.18803849999999978,2.1999999999999997,2.0119615
Ag0.4Cd0.5In2.2Te4,0.1875826,0.19,0.3775826
Ge2Sb2Te5,0.18703919999999996,0.5,0.6870392
Ge0.97Si0.03,0.18692299999999995,0.67,0.856923
KEuAsS4,0.18635429999999986,1.89,1.7036457
Mn1.95GdIn1.05S5,0.18562709999999982,1.66,1.4743729
Hg2I2Te2,0.1854988999999998,1.85,2.0354989
CuGaGeSe4,0.18549860000000007,1.38,1.5654986
Bi12PO20,0.18477729999999992,3.25,3.0652227
Cs4Th2P6S18,0.18455719999999998,2.8,2.6154428
Cs2ZnGe3S8,0.1839092,3.332,3.1480908
SmSb,0.1837223,0.59,0.7737223
AgBiSe2,0.18366013000000003,0.34,0.15633987
Na2Hg3S2.51Se1.49,0.18355440000000023,2.03,2.2135544
Rb3Bi2Br9,0.18328800000000012,2.62,2.436712
KInSnS4,0.18313160000000028,2.3,2.4831316
PbCrO4,0.18298389999999998,2.25,2.4329839
KTaO3,0.1828299000000002,3.5,3.6828299
BiSeBr,0.18268806666666682,1.6666666666666667,1.4839786
CsCd4In5Se12,0.18266389999999988,1.62,1.8026639
KAlGeS4,0.1825920000000001,3.5,3.682592
CsMn4Ga5Te12,0.18205090000000013,1.55,1.3679491
CsZn4In5Se12,0.18200589999999983,1.61,1.7920059
Sm3Al0.33SiS7,0.1819679999999999,2.26,2.078032
K2Hg3Ge2S8,0.18184600000000017,2.67,2.851846
KBaSbSe3,0.18073130000000015,2.04,2.2207313
K10Fe4Sn4S17,0.18072399999999966,2.2,2.380724
PtS,0.1805896933333333,0.6066666666666667,0.78725636
Cu3SbS4,0.18026759999999997,0.85,1.0302676
AgAsSe2,0.1801191999999998,1.4,1.2198808
Cs2SnP2Se6,0.17896299999999998,2.06,2.238963
Li2In2GeSe6,0.17843300000000006,2.3,2.478433
BaGa2SiS6,0.17832369999999997,3.75,3.5716763
K2AgSnSe4,0.17826430000000015,1.8,1.6217357
RbCu2AsS3,0.1778561999999999,1.96,1.7821438
Ag1.75InSb5.75Se11,0.1777920999999999,0.94,0.7622079
Hg0.01Cd0.99Se,0.1776377,0.29,0.4676377
Ga2Te3O9,0.1773176000000003,4.145,4.3223176
Na2EuGeSe4,0.17712400000000006,2.0,2.177124
Hg0.8Cd0.2Se,0.1768316333333333,1.1166666666666667,1.2934983
EuTm2Se4,0.17648169999999985,1.8,1.9764817
ErTe,0.17645090000000008,0.9,0.7235491
CuSbS2,0.17591460000000003,1.39,1.5659146
GeSe2O6,0.17572999999999883,5.289999999999999,5.11427
In0.5P0.5Ga0.5As0.5,0.17566689999999996,1.75,1.5743331
Li2Ga2GeS6,0.17352049999999997,3.65,3.4764795
TlHg6S4Br5,0.17321799999999987,3.03,2.856782
Rb2TiAg2S4,0.17311100000000001,2.33,2.503111
CsGaS3,0.17243649999999988,3.0,3.1724365
BaRh2Ge4Se6,0.17199239999999993,1.089,0.9170076
P2Se5,0.1719839999999997,2.2,2.371984
Ba2InSmTe5,0.171678,1.36,1.188322
Ba2InYSe5,0.1711138000000001,2.31,2.1388862
Tl4CdI6,0.17054400000000003,2.8,2.970544
RhSe3,0.1704715,0.7,0.5295285
AgPbBiSe3,0.1701275,0.13,0.3001275
Er2Te3,0.16982963000000006,0.9,0.73017037
TaON,0.16932639999999965,2.5999999999999996,2.4306736
EuTe,0.16828030000000016,2.007,1.8387197
RuTe2,0.16806322,0.25,0.41806322
InSb0.6As0.4,0.16803669999999998,0.13,0.2980367
PbMnIn2S5,0.1675004,1.45,1.2824996
Ga0.01Al0.99P,0.16737910000000022,2.49,2.3226209
BaHgS2,0.1673055000000001,1.93,2.0973055
CsAg2TeS6,0.16713699999999987,2.04,2.207137
Ga0.58As0.58Zn0.42Se0.42,0.16678439999999983,1.67,1.5032156
Na2Ti3O7,0.16608,3.51,3.67608
CsSb,0.16595963999999996,0.7050000000000001,0.87095964
CsSmZnSe3,0.16549419999999992,2.53,2.3645058
Bi12SiO20,0.1652294000000003,3.225,3.0597706
ZnTe,0.16506016666666667,2.288333333333333,2.4533935
Ge0.999Si0.001,0.16492363999999993,0.65,0.81492364
Cu3Ta7O19,0.1648748000000002,2.47,2.3051252
Cu3TmTe3,0.16466737999999997,0.14,0.30466738
K3Bi2I9,0.16412230000000005,2.1,1.9358777
Rb4Mo5P2O22,0.1638105000000003,3.51,3.6738105
KPbPO4,0.16337060000000037,4.44,4.2766294
Na2CdGe2Se6,0.16266899999999973,2.37,2.532669
Eu3P2,0.16225709999999993,1.2,1.0377429
CsPbPO4,0.16212669999999996,4.39,4.2278733
Cu2ZnSiS4,0.161864,3.15,2.988136
PbGa2S4,0.16184220000000016,2.38,2.5418422
Cs3Sb2Br9,0.16181730000000005,2.3,2.4618173
K2CuGa3Se6,0.1612578,1.72,1.8812578
InBi2S4Cl,0.1609868000000001,1.5,1.3390132
K3SmAs2S8,0.16093279999999988,2.2,2.3609328
KScSe2O6,0.16071300000000033,5.4,5.239287
Ta0.67Zr1.33O0.42N2.61,0.16004190000000018,1.93,2.0900419
P2Se3,0.1599792,2.4,2.2400208
Cu0.5Pb1.75GeS4,0.15982760000000007,1.48,1.6398276
Ag0.2Cd0.75In2.1Te4,0.15941454000000005,0.54,0.38058546
PbBiO2Br,0.1592684000000002,2.385,2.5442684
In0.5Ga0.5P,0.15911000000000008,1.9,2.05911
YbSb2Te4,0.15904606,0.34,0.49904606
Ga0.99Sb0.99Zn0.01Te0.01,0.15903540000000005,0.72,0.8790354
Nd2Se3,0.1585536999999999,1.725,1.8835537
Ba3CdSn2S8,0.15827560000000007,2.75,2.5917244
TlBiTe2,0.15817655000000003,0.12,0.27817655
Ba8Sn4S15,0.1581484999999998,2.31,2.4681485
AgBiP2Se6,0.15795499999999985,1.4,1.242045
SnGa2GeS6,0.15765169999999995,2.04,1.8823483
SiSn,0.15731873999999996,0.59,0.43268126
BaSn2S5,0.1572530000000003,2.35,2.192747
CuInSe2,0.15722181428571436,0.9517142857142856,1.1089361
Ga0.01Sb0.01Cd0.99Te0.99,0.15721300000000005,1.35,1.192787
SnSi,0.15720949999999995,0.59,0.4327905
Na2RbSb,0.15701246000000002,1.0,0.84298754
Li4HgGe2S7,0.15679599999999994,2.75,2.906796
AgI,0.15672576666666682,2.932183333333333,3.0889091
CaMg2N2,0.15654089999999998,3.25,3.4065409
RbBi3Se4Te,0.1564875,0.8,0.6435125
CuCd2InTe4,0.15613743999999996,0.85,0.69386256
K2FeGe3Se8,0.15532250000000003,1.95,1.7946775
Hg3PS4,0.1553032999999997,2.03,1.8746967
Pb0.94Sn0.06Te,0.15500592000000002,0.28,0.12499408
Ba2InNdTe5,0.15485820000000006,1.37,1.2151418
TcSe2,0.1548208000000001,0.88,1.0348208
LaTaN2O,0.15476120000000004,2.0,1.8452388
RbInSnS4,0.15439400000000036,2.7,2.545606
Ga0.99In0.01As,0.1541686,1.4,1.2458314
Nd2ZrS5,0.15391500000000002,1.83,1.676085
Zn0.9S0.9Ga0.1P0.1,0.1533853999999999,2.8,2.6466146
Tl2InGaTe4,0.15272089999999994,0.88,1.0327209
Sr3Ti2O7,0.15234999999999976,3.26,3.10765
CuBiP2Se6,0.15172190000000008,1.2,1.3517219
SrTaO2N,0.1503154,1.99,1.8396846
Cs2AgVS4,0.1501823,1.77,1.9201823
K2Au2Sn2Se6,0.14995979999999998,2.28,2.4299598
Bi3Se2NO11,0.1498980999999997,3.59,3.4401019
BaBiO2Cl,0.14947700000000008,3.71,3.560523
Pb0.65Se0.65Sn0.35Te0.35,0.14864624,0.09,0.23864624
TlS2,0.14782640000000002,1.8,1.9478264
Na0.5Pb1.75GeS4,0.14761190000000002,2.08,1.9323881
Ba4Ga4SnSe12,0.14756269999999994,2.16,2.0124373
CuGaInS3.5,0.14747120000000002,1.84,1.6925288
CuGa0.4In1.6S3.5,0.14715790000000006,1.55,1.6971579
AgIn5S8,0.14656010000000008,1.76,1.6134399
K2Bi8Se13,0.14622935999999997,0.53,0.67622936
KCuThS3,0.14602230000000027,2.95,2.8039777
Cs6.40Na1.60Ga8Ge38,0.1455393,0.221,0.3665393
CdS0.99Se0.01,0.14550200000000002,2.4,2.254498
Pb0.85Se0.85Sn0.15Se0.15,0.14527214,0.22,0.07472786
RbZn4In5Se12,0.1449043000000001,1.76,1.6150957
ErIn3S6,0.14421499999999998,1.28,1.135785
K2Mo2Se2O11,0.1439729999999999,3.3,3.156027
Cs2TeI6,0.1434708,1.5,1.3565292
Na2PtI6O18,0.1430564999999997,2.4,2.2569435
HgGa2S4,0.14292470000000002,2.815,2.6720753
SrPb3Br8,0.14230900000000002,3.2,3.342309
PbSbO2Br,0.14059920000000004,2.67,2.5294008
Na2BaSnS4,0.1402247000000001,3.27,3.1297753
KAg2SbS3,0.14021130000000004,2.1,1.9597887
CaBi2O4,0.13967620000000025,3.08,2.9403238
Cs2P2Se8,0.13948720000000003,2.44,2.3005128
In0.5As0.5Ga0.5P0.5,0.13945129999999994,1.55,1.6894513
LiBr,0.13850029999999958,7.725,7.5864997
La2YbCuSe5,0.13783149999999988,1.15,1.0121685
Pb2BiS2I3,0.1377409999999999,1.6,1.737741
Rb1.54Cd1.54Bi2.46S6,0.13773479999999982,1.33,1.4677348
Ba3Dy2P4S16,0.1374945000000003,3.28,3.4174945
Ba3Sb2S7,0.1371241999999997,2.4,2.2628758
NdCuOS,0.13689399999999985,2.98,2.843106
K2ZnTe2,0.1367563999999999,3.0,2.8632436
BiSBr,0.13657839999999988,1.9,2.0365784
Ba5In4Te4S7,0.13570029999999988,2.13,1.9942997
Ge0.9355Si0.0645,0.13517999999999986,1.042,1.17718
Cd3In2S2Te4,0.13459559999999993,1.23,1.0954044
Zn0.01S0.01Ga0.99P0.99,0.134525,2.25,2.384525
Pb6Sb6Se17,0.13446600000000009,0.8,0.665534
Cd3Bi2,0.1344147,0.2,0.0655853
Sr4Te3O8Cl4,0.13420599999999983,4.0,3.865794
Pb0.96TeIn0.04,0.1341276,0.37,0.5041276
SnO2,0.13405049999999985,3.597,3.4629495
CaLa2S4,0.13388639999999974,2.7,2.8338864
SmB6,0.13326569999999993,3.5,3.6332657
NiP2,0.13232354999999996,0.51,0.64232355
Cu3GdSe3,0.1322368,0.14,0.2722368
Na2KSb,0.13194289999999986,1.05,1.1819429
K2HgP2Se6,0.1303854000000002,2.25,2.3803854
Pb0.9Mn0.1Te,0.13011901999999997,0.49,0.35988098
Pb0.92Sn0.08Se,0.13000847000000001,0.059,0.18900847
Mn3Ta2O8,0.1298220000000001,1.89,2.019822
RuAs2,0.1296119,0.8,0.9296119
AgGaTe2,0.1288571999999999,1.1,1.2288572
CuGa2S3.5,0.12856699999999988,2.42,2.291433
Hg0.796Cd0.204Te,0.1278026,0.0635,0.1913026
CsYbZnSe3,0.1275523999999999,2.035,2.1625524
KRbBi8Se13,0.1268939,0.64,0.5131061
Ga0.85Al0.15As,0.12674759999999985,1.6,1.7267476
IrAs2,0.12649810000000006,1.0,1.1264981
OsSbS,0.12603430000000015,1.2,1.3260343
CoAsS,0.12582890000000002,0.6,0.7258289
SnTe,0.12579589000000002,0.33,0.20420411
Hg0.72Cd0.28Te,0.12534437,0.21,0.33534437
Ga0.8In0.2As,0.12498529999999985,1.07,1.1949853
Gd4GaSbS9,0.12461750000000027,2.41,2.2853825
Ga0.28In0.72As,0.12446389999999996,0.55,0.6744639
Cs2TiAg2S4,0.1242025,2.44,2.5642025
YbSe,0.12404480000000007,1.5,1.3759552
SiP2,0.12395979999999995,1.89,1.7660402
ScNiSb,0.12388403999999999,0.11,0.23388404
SbTeI,0.12371529999999997,1.265,1.1412847
AgFeTe2,0.12263408,0.3675,0.24486592
SrNd2S4,0.12237999999999971,2.45,2.57238
CdI2,0.1222443000000002,3.8,3.9222443
Zn0.55S0.55Ga0.45P0.45,0.12187999999999954,2.3499999999999996,2.22812
Nd4Ge3S12,0.12124960000000007,2.62,2.4987504
SmAs,0.12104230000000005,1.03,0.9089577
Cu0.1In1.9Se2.9,0.12090129999999988,1.45,1.3290987
TbIn3S6,0.1207494,1.2,1.3207494
KInSe2,0.1204168000000001,2.68,2.5595832
RbNb3Te2O12,0.12007299999999965,3.49,3.610073
Sm4InSbS9,0.11995280000000008,2.13,2.2499528
Ba2SnSe4,0.1194702000000003,1.9,2.0194702
Pb0.99TeTl0.01,0.11934128,0.59,0.47065872
CsZrPSe6,0.11932350000000014,2.0,2.1193235
Ag2Ga2SiS6,0.11912769999999995,2.35,2.4691277
RbAg5P2S8,0.11889070000000013,2.4,2.2811093
Ga0.5Al0.5As,0.11846840000000025,2.12,2.0015316
PbBr2,0.1183209999999999,3.31,3.191679
Hg0.1Zn0.9Te,0.11831440000000004,1.785,1.9033144
YN,0.11827699999999997,1.9,2.018277
GaAs0.01P0.99,0.11793779999999998,2.23,2.3479378
Ga2GeTe3,0.11776339999999996,0.845,0.7272366
Pb0.97Sn0.03Te,0.11741156,0.255,0.13758844
In0.7P0.7Ga0.3As0.3,0.11690310000000004,1.58,1.4630969
Nd2Sn3Se9,0.11669384999999999,0.5,0.38330615
Pb0.93TeTl0.07,0.11665965999999994,0.54,0.65665966
Rb2Cd3Se4,0.11653860000000016,2.37,2.2534614
Hg0.14Zn0.86Te,0.11640040000000007,1.6949999999999998,1.8114004
SnS0.99Se0.01,0.11639669999999991,1.0950000000000002,1.2113967
UY4O3S5,0.11636290000000016,1.95,2.0663629
Pb0.93Sn0.07Se,0.11623682,0.075,0.19123682
ReSe2,0.11612850000000008,1.0699999999999998,1.1861285
CsDy9Cd4Se18,0.1159945,1.99,2.1059945
Pb0.77Sn0.23Te,0.11514981,0.044,0.15914981
GaGeTe,0.11509416000000006,1.1,0.98490584
DyTe1.45,0.11403819999999998,0.6,0.4859618
PdSe,0.11356581999999998,0.2,0.31356582
In0.4P0.4Ga0.6As0.6,0.11350109999999991,1.74,1.6264989
Cd4As2I3,0.11346860000000025,2.095,1.9815314
Ba2InGdTe5,0.11297449999999998,1.36,1.4729745
Mn11Si19,0.11287959999999997,0.74,0.6271204
Pb0.995TeIn0.005,0.11256297999999998,0.43,0.31743702
Yb4Sb2S11.25,0.11249739999999986,1.71,1.5975026
Fe2TiSi,0.11229553999999997,0.4,0.51229554
EuBiW2O9,0.11206570000000005,3.63,3.5179343
Ba2In2Se5,0.1119292999999999,2.12,2.2319293
Pb0.94Se0.94Sn0.06Se0.06,0.11184455000000001,0.2,0.08815545
Bi2SeI2O11,0.11170880000000016,3.7,3.5882912
NbSe2,0.11145530000000003,1.4,1.5114553
YbB66,0.11137130000000006,1.27,1.3813713
Ba2GaDySe5,0.11122600000000027,2.35,2.238774
BiCuOS,0.11110589999999987,1.07,1.1811059
Pb3BiP3O12,0.11110010000000026,3.7,3.5888999
Bi2Te0.6Se2.4,0.11002965000000003,0.28,0.16997035
Pb0.75Sn0.25Te,0.10972295999999998,0.04,0.14972296
ZrSe2,0.1095543000000001,2.0,1.8904457
NdAs,0.10927410000000004,1.04,0.9307259
As2S5,0.10900880000000024,2.48,2.5890088
Nd2YbCuS5,0.10870819999999992,1.35,1.4587082
Cu0.4In1.6Se2.6,0.10848790000000008,1.32,1.2115121
Pb0.61Ge0.39Te,0.10816926000000004,0.56,0.45183074
Ta0.67Zr1.33O1.89N1.63,0.10809129999999989,2.48,2.3719087
PbGa2SiSe6,0.10778390000000027,2.17,2.2777839
Pb0.96TeTl0.04,0.10754853999999997,0.57,0.46245146
PbS,0.10754740857142847,0.3620714285714285,0.25452402
WO3,0.1075257999999999,2.8000000000000003,2.9075258
K3Ta2AsS11,0.10728170000000015,2.21,2.3172817
RhSe2,0.10727783000000002,0.6,0.70727783
Er2Se3,0.10705489999999984,1.66,1.5529451
RbPSe6,0.10697380000000001,2.18,2.0730262
In0.4Al0.6P,0.10686820000000008,2.3,2.4068682
Cu0.01In1.99Se2.99,0.10676819999999987,1.45,1.3432318
Ir2Sn3Se3,0.10667399999999999,0.43,0.536674
Ba2GaNdSe5,0.10601349999999998,2.18,2.0739865
EuIn2S4,0.10569270000000008,1.5,1.6056927
Ag7AsS6,0.1056182000000001,1.0,1.1056182
Ge0.891Si0.109,0.10522870000000006,1.126,1.2312287
Hg0.08Zn0.92Te,0.10491380000000028,1.9,2.0049138
Ca2ScSbO6,0.10467969999999971,3.68,3.7846797
K2.15Pb1.7Sb8.15Se15,0.10371124999999998,0.6,0.49628875
ZrSe3,0.10344160000000002,1.45,1.5534416
OsAsS,0.1027498,1.3,1.4027498
Cs6Na2Zn4Ge42,0.10165524000000004,0.297,0.39865524
Bi2Te2.4Se0.6,0.10161020000000001,0.26,0.1583898
Hg0.7Cd0.3Te,0.10150440999999999,0.31,0.20849559
LiInSnS4,0.10145470000000012,2.3,2.4014547
K3Ga3Ge7S20,0.10091070000000002,3.25,3.1490893
Cu0.5In1.5Se2.5,0.10087310000000005,1.24,1.1391269
Rb2TeBr6,0.09999430000000009,2.14,2.0400057
AgSbTe2,0.0997084333333334,0.4766666666666666,0.5763751
Cu3DyTe3,0.09911842000000001,0.34,0.24088158
Li2FeSnS4,0.0987479,1.86,1.9587479
GdIn3S6,0.09865760000000012,1.13,1.2286576
RbInS2,0.09851939999999981,3.3,3.2014806
CsGaSnSe4,0.09829980000000016,1.97,2.0682998
Bi2Te3,0.09806240999999999,0.25,0.15193759
CuScO2,0.09765170000000012,3.3,3.3976517
Pr1.29Lu0.71S3,0.09762759999999981,1.38,1.2823724
Cd6P7,0.09753460000000003,0.85,0.9475346
Rb7Th2P6Se21,0.09752449999999979,2.07,1.9724755
PrSb,0.09750099999999995,0.66,0.757501
LaCuOTe,0.09749169999999996,2.31,2.4074917
Hg0.6Cd0.4Se,0.09748729999999994,0.95,0.8525127
Ga0.4Al0.6As,0.09742859999999975,2.3,2.2025714
GdH2NO5,0.09739270000000033,4.84,4.9373927
Ba2SnSe5,0.09606859999999995,1.8,1.8960686
In0.8As0.8Ga0.2P0.2,0.09566644000000002,0.85,0.75433356
Hg0.4Cd0.6Se,0.09528715999999993,0.7,0.60471284
OsTe2,0.09525735999999999,0.3,0.20474264
Cu2O,0.09452933333333347,2.6133333333333333,2.518804
ZnAs2,0.09447943333333342,1.0266666666666666,1.1211461
K1.46Sn3.09Bi7.45Se15,0.09426327000000001,0.39,0.48426327
SnGe,0.09408679999999991,0.6000000000000001,0.6940868
Ag0.25Cd0.5In2.25Te4,0.09364305,0.39,0.48364305
PtSb2,0.0934315514444444,0.1174444444444444,0.024012893
LiH3Se2O6,0.09337099999999943,4.9,4.993371
PbSe0.01S0.99,0.093302,0.366,0.272698
CdIO3Cl,0.09274700000000013,4.3,4.207253
Hg0.77Cd0.23Te,0.0923377000000001,0.1649999999999999,0.2573377
Ga2Te3,0.09232759999999995,1.4,1.3076724
K2La2Sb2S9,0.09229139999999969,2.2,2.2922914
TlPrSe2,0.09149819999999997,1.18,1.0885018
Pb0.99Sn0.01Te,0.09049727000000002,0.23,0.13950273
Rb2TiCu2S4,0.09049299999999993,2.19,2.280493
Ba3ThSe7,0.09013870000000024,1.96,2.0501387
RbCd4Ga5S12,0.09005829999999992,3.02,2.9299417
Y3GaS6,0.09004560000000028,2.88,2.9700456
LiBi4Nb3O12,0.09004469999999998,3.0,3.0900447
Cs1.43Cd1.43Bi2.57S6,0.08966099999999999,1.28,1.369661
EuSnTe2,0.08930943000000002,0.6,0.51069057
InSb,0.08882298105263159,0.2206315789473684,0.30945456
Bi2Te0.03Se2.97,0.08866923000000002,0.27,0.18133077
CdSnP2,0.08861940000000001,1.30625,1.3948694
Na2Hg3Ge2S8,0.08849540000000022,2.68,2.5915046
AgInS2,0.08825383333333381,1.9266666666666663,2.0149205
TlGaSe2,0.08823369999999997,1.65,1.5617663
Li0.5Pb1.75GeS4,0.08818680000000012,1.95,2.0381868
CsGeI3,0.08703550000000004,1.6,1.5129645
Pb0.99Se0.99Ge0.01Te0.01,0.08622154000000001,0.23,0.31622154
YbSb2S4,0.08574119999999996,1.12,1.2057412
CsZn4In5Te12,0.08566609999999986,1.61,1.6956661
TlHgInS3,0.0856300000000001,1.74,1.82563
PbCuSbS3,0.08550340000000012,1.31,1.2244966
Ta0.67Zr1.33O1.38N1.97,0.0850206,2.31,2.2249794
Pb0.99TeGa0.01,0.08416841999999997,0.42,0.33583158
Pb2Nb2Se4O15,0.08367330000000006,2.79,2.7063267
As2S3,0.08362993333333302,2.416333333333333,2.3327034
GeAs2,0.08362956666666643,1.0533333333333337,1.1369629
CuGaSe2,0.0833326333333333,1.6133333333333333,1.5300007
K2TeI6,0.08288459999999986,1.38,1.2971154
TiTlS2,0.08283799999999997,1.0,0.917162
Ag7AsSe6,0.08278525000000003,1.0,0.91721475
YFMoO4,0.08269669999999962,3.78,3.6973033
Cu3ErTe3,0.08222683,0.24,0.15777317
Bi25GaO39,0.08196189999999959,2.99,3.0719619
Pb0.85Sn0.15Se,0.08173154999999999,0.135,0.21673155
CdS0.35Se0.65,0.08118040000000026,1.93,2.0111804
Hg0.3Cd0.7Se,0.08093368000000006,0.55,0.46906632
KAsSe2,0.08076400000000006,1.625,1.705764
Ta1.33Zr0.67O0.12N3.03,0.08068779999999998,1.71,1.7906878
Cu0.99In1.01Se2.01,0.0806131000000001,1.08,0.9993869
SrO,0.08060399999999923,5.734999999999999,5.654396
TlInSe2,0.08051543636363623,1.2063636363636363,1.1258482
Cu3SmTe3,0.08049162000000001,0.23,0.31049162
TiSe2,0.08042400000000005,1.55,1.469576
Pb0.98Se0.98Bi0.04Te0.06,0.07973912000000002,0.28,0.20026088
PbBiO2Cl,0.07948780000000033,2.45,2.3705122
RbNbSe2O7,0.07942450000000001,4.1,4.0205755
Na2Ga2GeS6,0.07934969999999986,3.29,3.3693497
KCu2SbS3,0.07910970000000006,1.615,1.6941097
InSb0.9As0.1,0.07902164,0.27,0.34902164
SnI2,0.0783210999999997,2.4,2.3216789
K2AuI5O15,0.07828849999999976,2.65,2.5717115
Cd3As2,0.07805271999999996,0.2695,0.34755272
TlCr5Se8,0.07793606999999991,0.67,0.74793607
KYTe2O6,0.0777192999999996,3.8,3.7222807
Sm4GaSbS9,0.07771660000000002,2.23,2.1522834
Mn2.04Gd1.47In0.49S5,0.07758880000000001,1.75,1.6724112
Ga0.95Sb0.95Zn0.05Te0.05,0.07741700000000007,0.85,0.927417
Rb2PtI6O18,0.07735669999999972,2.4,2.3226433
Sc2O3,0.07673640000000059,6.1,6.1767364
Sn0.5GaZn3.5O6,0.07655289999999981,2.99,3.0665529
Eu3Sb4Se9,0.07596559999999997,1.08,1.0040344
Pb0.99TeIn0.01,0.07485792000000002,0.53,0.45514208
Cs2PtI6O18,0.07467110000000021,2.4,2.4746711
KAg2SbS4,0.07452019999999981,2.2,2.2745202
Pb0.59Ge0.41Te,0.07366970000000006,0.49,0.5636697
KCd4Ga5Se12,0.07352340000000002,2.16,2.0864766
K2CuVS4,0.07344360000000005,1.82,1.7465564
In0.8P0.8Ga0.2As0.2,0.07324920000000001,1.4,1.4732492
Cu0.7In1.3Se2.3,0.07286429999999999,1.1,1.1728643
La3GaGe0.5S7,0.07282300000000008,2.54,2.612823
K4In4P6Se20,0.07213400000000014,2.2,2.127866
SnS,0.07191477272727265,1.1967272727272726,1.1248125
Cd4GdB3O10,0.07184500000000016,3.8,3.871845
Cu0.8Ga1.2Se2.2,0.07157559999999985,1.58,1.6515756
Cs2CdP2Se6,0.07156839999999987,2.63,2.5584316
Bi2Te0.45Se2.55,0.07155358,0.2,0.27155358
Ag0.4Cd0.2In2.4Te4,0.07123560000000001,0.42,0.4912356
Cd4P2Br3,0.07120749999999987,2.19,2.1187925
Pb0.999Se0.999Sn0.001Se0.001,0.07067944999999992,0.2774999999999999,0.20682055
K2TiCu2S4,0.0705391999999998,2.04,2.1105392
K2MnSn2Se6,0.06955050000000007,2.0,1.9304495
Rb2CuVS4,0.06938280000000008,1.85,1.7806172
Cu0.2Ga1.8S2.8,0.0693229999999998,2.675,2.605677
CsEr9Cd4Se18,0.06893960000000021,2.09,2.1589396
RuSbSe,0.0684382,0.9,0.8315618
Ga0.4As0.4Zn0.6Se0.6,0.06819160000000002,1.8,1.7318084
Gd2ZrS5,0.06815709999999986,1.88,1.8118429
La5In3S9O3,0.06803880000000007,2.6,2.5319612
FeAsSe,0.06776300000000002,0.6,0.532237
Ba3Er2P4S16,0.06746539999999968,3.3,3.2325346
Cu2CdSnSe4,0.06743260000000006,0.96,1.0274326
SrGe2,0.06738630000000001,0.9,0.8326137
CsHo9Cd4Se18,0.06737750000000009,2.06,2.1273775
EuEr2Se4,0.06699889999999997,1.7,1.7669989
LaInS2O,0.06696599999999986,2.73,2.796966
NaCl,0.06687100000000079,8.5,8.433129
TlS,0.06683959999999978,1.3650000000000002,1.4318396
Cu0.3In1.7Se2.7,0.06676759999999993,1.21,1.2767676
NaSbSe2,0.0667618333333333,1.3866666666666667,1.4534285
EuSb4Te7,0.06634895000000002,0.54,0.47365105
Pb0.75Ge0.25Te,0.0659808,0.44,0.3740192
Pb0.95Mn0.05Te,0.06573414999999999,0.37,0.43573415
BaTeMo2O9,0.06529339999999983,3.12,3.1852934
Ga1.002Sb0.998Se0.006,0.06520409999999999,0.698,0.6327959
Bi2Te2.7Se0.3,0.06407312000000001,0.206,0.27007312
Dy2Te3,0.06404686000000004,0.69,0.75404686
Bi0.2Te3Sb1.8,0.06376587000000003,0.28,0.21623413
RbPbPO4,0.06276550000000025,4.35,4.4127655
SnI4,0.06273200000000001,2.38,2.317268
Li2B6,0.06262679999999987,2.0,2.0626268
SnSe,0.06251560666666678,0.9916666666666668,0.92915106
Pb0.9Sn0.1Se,0.0623437466666667,0.1233333333333333,0.18567708
Hg4P2HfCl6,0.06226969999999987,3.26,3.1977303
Pb0.8Se0.8Bi0.4Te0.6,0.06218981999999998,0.22,0.28218982
Pb0.999TeIn0.001,0.061898200000000014,0.3,0.3618982
SbSeBr,0.06177469999999996,1.855,1.7932253
Zn0.65Hg0.35Se,0.06167005999999997,1.0,0.93832994
GaAs0.75Sb0.25,0.06149959999999999,0.65,0.5885004
Tl2TeS3,0.061193800000000076,1.6,1.5388062
Ga0.01P0.01Zn0.99Se0.99,0.060610400000000286,2.6,2.5393896
BaGe2,0.06008110000000011,1.0,1.0600811
YNiSb,0.05957369999999998,0.235,0.1754263
In0.6Al0.4P,0.05892799999999987,2.12,2.178928
PbGa2GeSe6,0.057974699999999935,1.96,1.9020253
Ga0.01As0.01Zn0.99Se0.99,0.05787499999999968,2.59,2.532125
Na0.5Pb1.75GeSe4,0.05775730000000001,1.6,1.6577573
Ba2SmTaO6,0.05757140000000005,3.02,2.9624286
K2Sn3Sb2S10,0.05754820000000027,2.3,2.3575482
Cu2ZnSnTe4,0.05719109999999983,1.39,1.3328089
Zn0.95S0.95Ga0.05P0.05,0.0568632,2.85,2.9068632
RbMn4In5Se12,0.0568538999999999,1.76,1.8168539
Hg0.65Cd0.35Te,0.05612895000000004,0.28,0.22387105
Ga0.75P0.75Zn0.25Se0.25,0.055715300000000134,2.18,2.1242847
RuSb2,0.055246600000000035,0.3,0.3552466
Rb2Cu2Sn2S6,0.05497410000000014,1.44,1.4949741
PbGeS3,0.05491430000000008,2.4,2.4549143
In0.9P0.9Ga0.1As0.1,0.054913699999999954,1.32,1.2650863
Cu0.2In1.8Se2.8,0.05415079999999994,1.26,1.3141508
CsRbP2Se8,0.05372280000000007,2.41,2.3562772
CdS0.8Se0.2,0.05331010000000003,2.23,2.1766899
Ga0.95Sb0.95Hg0.05Te0.05,0.052924750000000076,0.69,0.74292475
GaAs0.8P0.2,0.05289469999999996,1.62,1.6728947
GaAs0.5P0.5,0.05275990000000008,2.0,1.9472401
IrP2,0.05217754000000008,1.05,0.99782246
Er3Te4,0.05213334999999997,0.9,0.84786665
Pb0.93TeGa0.07,0.0520235,0.34,0.3920235
Rh2S3,0.05196230000000002,0.8,0.7480377
K2CuNbSe4,0.051756000000000135,2.14,2.088244
NdLuSe3,0.051711300000000016,1.61,1.5582887
K2AgVS4,0.05114200000000002,1.85,1.901142
Cs3Bi2Br9,0.051087900000000186,2.5,2.5510879
CdS0.65Se0.35,0.05102000000000029,2.13,2.18102
GaAs0.2P0.8,0.050844400000000345,2.2,2.1491556
Pb0.9Se0.9Ge0.1S0.1,0.05062658000000003,0.32,0.26937342
NaScSe2O6,0.050525000000000375,5.5,5.449475
Pb0.8Ge0.2Se,0.050411870000000025,0.35,0.40041187
Na2ZnGe2Se6,0.050351000000000035,2.36,2.309649
Pb0.85Se0.85Ge0.15Te0.15,0.049760970000000015,0.32,0.27023903
SrZnSO,0.04936700000000016,3.1,3.050633
Ga0.9Sb0.9Hg0.1Te0.1,0.049342600000000014,0.65,0.6993426
Pb10B3O13Br3,0.04924799999999996,3.25,3.299248
Cd5Ga2S2Te6,0.048899899999999885,1.29,1.3388999
Ce2YbCuSe5,0.04886060000000003,1.05,1.0988606
In0.96As0.96Cd0.04Te0.04,0.0484344000000001,0.69,0.7384344
EuSb2Se4,0.04841049999999991,0.95,0.9015895
Bi0.4Te3Sb1.6,0.048090130000000036,0.208,0.25609013
Ga1.01Sb0.99Se0.03,0.04784584999999997,0.62,0.66784585
Bi2Te2Se,0.04745255999999998,0.3,0.25254744
CdSnAs2,0.0473594533333333,0.3633333333333333,0.31597388
RbCu2SbS3,0.04694989999999999,1.67,1.6230501
Pb0.999Sn0.001Te,0.04694366999999999,0.235,0.18805633
Pb0.85Se0.85Sn0.15Te0.15,0.046864799999999984,0.18,0.1331352
Y4GaSbS9,0.046532700000000204,2.06,2.0134673
Bi1.8Te3Sb0.2,0.045829126,0.15,0.104170874
KH3Se2O6,0.04575993333333361,4.9366666666666665,4.9824266
Li2GaGe2Se6,0.04564630000000003,2.64,2.6856463
BiSeI,0.045336299999999996,1.3,1.2546637
Ga0.9Sb0.9Cd0.1Te0.1,0.04517760000000004,0.78,0.7348224
GeSe,0.04477367777777763,1.1827777777777777,1.1380041
RbCd4Ga5Se12,0.04462300000000008,2.19,2.234623
Zn0.15Cd0.85Se,0.04419259999999969,2.55,2.5058074
Cs2MgGe3Se8,0.04341570000000017,2.04,2.0834157
Cs2AgBiCl6,0.0433851999999999,2.77,2.8133852
Hg6As4CdBr6,0.04288359999999991,1.915,1.9578836
Cu0.3Ga1.7S2.7,0.042517600000000044,2.575,2.5324824
SnS0.8Se0.2,0.042343599999999926,1.05,1.0923436
TlCr5S3Se5,0.04226029999999992,0.8,0.8422603
Cd3Sb2,0.04198022000000001,0.3,0.25801978
Hg0.25Zn0.75Te,0.041950299999999885,1.31,1.3519503
Cu3ScSe3,0.041817439999999984,0.3,0.25818256
Ga0.25Al0.75As,0.04157529999999987,2.42,2.4615753
La3FMo4O16,0.04099080000000033,3.7,3.6590092
In0.99As0.99Cd0.01Te0.01,0.04096294,0.76,0.71903706
Rb3Nb2AsSe11,0.04085120000000009,1.5,1.5408512
Pb0.99Se0.99Sn0.01Se0.01,0.04078464999999998,0.31,0.26921535
Cu0.05Ga1.95Se2.95,0.04025259999999986,1.96,1.9197474
K2CdP2Se6,0.04005489999999989,2.58,2.5399451
PtAs2,0.039937983333333316,0.6166666666666667,0.65660465
TlN,0.03992479999999987,1.4,1.3600752
Pr2.48Tb0.52Ga1.67S7,0.03990399999999994,2.61,2.570096
IrSSe,0.03986460000000003,1.2,1.1601354
La2Ga2GeS8,0.039412299999999956,2.78,2.7405877
PbSe0.95S0.05,0.03936406999999997,0.257,0.29636407
K3Nb2AsSe11,0.039322099999999915,1.53,1.5693221
La3Mg0.5SnS14,0.03912709999999997,1.71,1.6708729
Pb0.99Sn0.01Se,0.03860654000000002,0.2025,0.16389346
Pb0.99Ge0.01Se,0.03834072999999999,0.27,0.30834073
Pb0.95Se0.95Ge0.05S0.05,0.038151239999999975,0.29,0.25184876
Pb4Sb6Se13,0.03797724999999996,0.65,0.68797725
RbYbZnSe3,0.03779439999999967,2.07,2.0322056
Cu0.1Ga1.9S2.9,0.037732999999999794,2.625,2.662733
In0.9Al0.1P,0.03770969999999996,1.5,1.5377097
Cu0.9In1.1Se2.1,0.03762740000000009,1.06,1.0223726
In0.99P0.99Ga0.01As0.01,0.037455999999999934,1.3,1.337456
Pb0.9Sn0.1Te,0.03744006,0.16,0.19744006
NaH3Se2O6,0.03728069999999928,4.9,4.9372807
RbCd4In5Se12,0.03705639999999999,1.57,1.6070564
In0.2As0.2Ga0.8P0.8,0.03688179999999974,2.15,2.1131182
Ge0.1Si0.9,0.03649089999999999,1.04,1.0764909
PbTe0.01Se0.99,0.03615010000000002,0.256,0.2921501
Ga1.005Sb0.995Te0.015,0.03568423999999992,0.684,0.71968424
In0.94As0.94Cd0.06Te0.06,0.035588799999999976,0.68,0.7155888
InSb2Se4Br,0.035502799999999946,1.35,1.3855028
Pb0.83Sn0.17Se,0.03541947499999999,0.035,0.070419475
FeIn2Se4,0.03540719999999986,1.15,1.1145928
Ag2GeSe3,0.035190429999999995,0.905,0.94019043
Ba4AgInSe6,0.03516319999999995,2.41,2.4451632
PdS,0.03511914999999999,0.5,0.46488085
Cs2Cu2Sb2S5,0.03506929999999997,1.6,1.6350693
Cs4GeP4Se12,0.03505130000000012,2.0,2.0350513
In0.99Al0.01P,0.03466670000000005,1.3,1.2653333
K2Nd2Ti3O10,0.034319599999999895,3.25,3.2156804
Cu2GeSe3,0.034236399999999945,0.975,0.9407636
PrCuOS,0.034203799999999784,3.03,2.9957962
GaAs0.3P0.7,0.03415360000000023,2.16,2.1258464
Y6ZnSi2S14,0.03408060000000024,2.38,2.4140806
Pb0.94Sn0.06Se,0.033758873333333383,0.1766666666666666,0.21042554
Na2In2SiS6,0.03365630000000008,3.27,3.3036563
Cu0.01Ga1.99Se2.99,0.03360809999999992,1.99,1.9563919
Cu0.2Ga1.8Se2.8,0.033500799999999886,1.86,1.8935008
Pb0.7Ge0.3Te,0.03318588,0.48,0.44681412
Tl2SeAs2Te3,0.03318499999999991,0.67,0.703185
BiSI,0.03297416666666653,1.5933333333333335,1.6263075
In0.4Ga0.6P,0.0328252,2.05,2.0828252
InSb0.2As0.8,0.03272599999999999,0.12,0.087274
Li2B4O7,0.0322060000000004,7.3,7.332206
Bi25TiO39,0.03212180000000009,3.1,3.1321218
Ga0.5P0.5Zn0.5Se0.5,0.03203760000000022,2.13,2.1620376
Pb0.8Se0.8Sn0.2Te0.2,0.03199304600000001,0.14,0.108006954
Pb0.95Ge0.05Se,0.031845800000000035,0.28,0.2481542
Bi2Te0.3Se2.7,0.031671859999999996,0.24,0.27167186
InP,0.03139449999999999,1.368835,1.3374405
Bi38ZnO58,0.03135930000000009,2.88,2.8486407
CsYHgSe3,0.031242199999999887,2.54,2.5087578
Rb2CuNbSe4,0.0306782000000001,2.19,2.1593218
InSe,0.03054279999999987,1.254725,1.2852678
Rb2BaNb2Se11,0.030508800000000003,1.53,1.4994912
K2AuPS4,0.030132999999999743,2.63,2.599867
ZrNiSb,0.029889300000000008,0.55,0.5798893
Pb0.85Sn0.15Te,0.029829099999999997,0.15125,0.1810791
Rb2AgPS4,0.02963699999999969,2.6,2.629637
Pb0.8Sn0.2Se,0.02963309,0.066,0.03636691
SiP,0.029551000000000105,2.0,1.970449
Ba2InSmSe5,0.02910619999999975,2.22,2.2491062
Ba2GaSmSe5,0.029041499999999942,2.27,2.2990415
Pb0.92Se0.92Sn0.08Te0.08,0.029023959999999988,0.22,0.24902396
CsCd4Ga5Te12,0.02900439999999982,1.67,1.6409956
Hg0.2Zn0.8Te,0.028982300000000016,1.43,1.4010177
In0.3Ga0.7P,0.028764799999999813,2.2,2.2287648
CdS0.55Se0.45,0.02871580000000007,2.05,2.0787158
Ga0.8Sb0.8Cd0.2Te0.2,0.028369100000000036,0.8,0.7716309
Cu0.35Ga1.65S2.65,0.02829719999999991,2.55,2.5217028
Pb0.95Se0.95Sn0.05Se0.05,0.02814428000000002,0.205,0.23314428
Pb0.6Ge0.4Te,0.027963300000000024,0.51,0.5379633
Pr2GeSe5,0.027649500000000105,1.8,1.7723505
CsCd4Ga5Se12,0.027554300000000254,2.21,2.2375543
DyPO4,0.02728739999999963,6.38,6.3527126
TlAsSe2,0.027122099999999927,1.375,1.4021221
Ga1.01Sb0.99Te0.03,0.026859999999999995,0.68,0.70686
BaSe,0.026763666666667074,3.626666666666667,3.599903
Zn0.43Cd0.57Se,0.026545200000000158,2.8499999999999996,2.8765452
Li2CdGe,0.02632330000000005,0.99,1.0163233
K10Zn4Sn4S17,0.02602519999999986,3.1500000000000004,3.1760252
Pb0.99Te0.99Ge0.01S0.01,0.025601450000000026,0.32,0.29439855
TlCr5S6Se2,0.025357299999999916,0.94,0.9146427
Pb0.97Se0.97Ge0.03S0.03,0.02533033999999995,0.28,0.30533034
Pb0.92Sn0.08Te,0.025136169999999985,0.145,0.11986383
Pb4Ga5GeS12,0.02465099999999998,2.35,2.325349
Cs8Ga8Si38,0.02413260000000017,1.14,1.1641326
NaI,0.024029999999999774,6.074,6.04997
Bi12GeO20,0.02383729999999984,3.25,3.2738373
Cu0.15In1.85Se2.85,0.02377589999999996,1.32,1.3437759
Hg0.1Cd0.9Se,0.023622199999999982,0.35,0.3263778
Se0.6Te0.4,0.023406199999999933,1.2,1.1765938
In0.8Al0.2P,0.023264200000000068,1.7,1.7232642
Ge0.001Si0.999,0.023168599999999984,1.09,1.0668314
CuNiC4N4,0.02316610000000008,2.7,2.6768339
GdTe,0.022979199999999977,1.3,1.3229792
GaAs0.6P0.4,0.022895099999999946,1.91,1.8871049
Bi2Se3,0.022752820000000007,0.375,0.39775282
Cs1.13Cd1.13Bi2.87Se6,0.02273130000000001,1.0,0.9772687
Ba2GaYTe5,0.02266519999999983,1.08,1.1026652
Ga0.5In0.5As,0.022630330000000032,0.75,0.72736967
Cu3HoSe3,0.022545189999999993,0.16,0.18254519
Pb0.98Te0.98Ge0.02S0.02,0.02213624000000003,0.34,0.31786376
RhSSe,0.022044400000000075,0.7,0.7220444
Cu0.95In1.05Se2.05,0.02200129999999989,1.07,1.0920013
DyTe1.40,0.02198465999999999,0.6,0.62198466
TaN,0.021964000000000095,2.3,2.321964
Ga1.001Sb0.999Te0.003,0.021707860000000023,0.72,0.69829214
Rb4GeP4Se12,0.02165270000000019,2.0,2.0216527
Cu0.5Ga1.5S2.5,0.021617299999999506,2.4450000000000003,2.4666173
PbSe0.9S0.1,0.021469429999999956,0.272,0.29346943
CsMn4In5Se12,0.021053699999999953,1.79,1.7689463
Ge0.06Si0.94,0.02104179999999989,1.06,1.0810418
Bi2Te0.9Se2.1,0.02097070000000001,0.28,0.2590293
BiTeI,0.020926900000000026,0.46,0.4390731
InSb0.1As0.9,0.020623740000000015,0.14,0.11937626
TlCr5S8,0.01971959999999995,1.01,1.0297196
InBi2S4Br,0.019641800000000043,1.5,1.4803582
OsPSe,0.019237199999999843,1.4,1.3807628
Rb2AgVS4,0.019132900000000008,1.83,1.8491329
Rb8Ga8Si38,0.019107500000000055,1.18,1.1991075
SnS0.25Se0.75,0.019062699999999988,0.965,0.9459373
Cu0.99Ga1.01Se2.01,0.019058299999999972,1.59,1.6090583
CuSbSe2,0.018967999999999874,1.05,1.068968
Cs2Hg4.65Cd1.35S7,0.01885340000000002,1.84,1.8211466
CsSmCdSe3,0.01848649999999985,2.46,2.4415135
Sr0.5TaO3,0.018120000000000136,3.7,3.68188
SrBiO2Cl,0.017956199999999978,3.52,3.5379562
KI,0.0178900777777784,6.132777777777778,6.1148877
GaAs0.4P0.6,0.017861499999999975,2.1,2.0821385
Bi1.4Te3Sb0.6,0.017772840000000012,0.167,0.14922716
Zn0.7S0.7Ga0.3P0.3,0.017652,2.45,2.432348
Bi7F11O5,0.017636599999999447,4.05,4.0323634
Ga0.99P0.99Zn0.01Se0.01,0.01759390000000005,2.24,2.2224061
NaIn3S5,0.017528599999999894,2.18,2.1975286
Pb0.75Sn0.25Se,0.017466403,0.04,0.057466403
Cd0.95Te0.95Al0.05Sb0.05,0.017398100000000083,1.37,1.3526019
GaAs0.7P0.3,0.0173833000000001,1.8,1.7826167
ScTiNbO6,0.01732250000000013,3.58,3.5973225
Si30P16Te8,0.016990300000000014,1.24,1.2230097
YB66,0.016875499999999932,0.8,0.8168755
Ga0.99Sb0.99Cd0.01Te0.01,0.0165864,0.72,0.7365864
CsCu2SbS3,0.01653159999999998,1.63,1.6134684
Cu0.9Ga1.1Se2.1,0.016426400000000063,1.593,1.6094264
La4FeSb2S10,0.01605093000000002,1.0,0.98394907
Cu0.4Ga1.6S2.6,0.01580819999999994,2.475,2.4908082
In0.9As0.9Cd0.1Te0.1,0.015802500000000053,0.69,0.7058025
Ga0.7Al0.3As,0.015533500000000089,1.81,1.7944665
Cu0.05Ga1.95S2.95,0.015530000000000044,2.67,2.65447
PbTe0.5Se0.5,0.015461059999999971,0.285,0.26953894
Cu3YbSe3,0.015441169999999976,0.2,0.21544117
Ga0.3As0.3Zn0.7Se0.7,0.015101599999999937,1.93,1.9148984
Cu3TbSe3,0.01506136999999999,0.16,0.14493863
Ba2InNdSe5,0.01504969999999961,2.2,2.2150497
Bi1.6Te3Sb0.4,0.014934100000000006,0.161,0.1460659
Sn0.5GaZn5.5O8,0.014883000000000202,2.99,2.975117
Ga1.002Sb0.998Te0.006,0.014643399999999973,0.7,0.6853566
KPSe6,0.014639999999999986,2.16,2.14536
PbTe0.99Se0.01,0.01462542,0.297,0.31162542
Bi2Te2.97Se0.03,0.014506939999999996,0.1525,0.16700694
Ga1.05Sb0.95Se0.15,0.014340799999999931,0.66,0.6743408
SnS0.4Se0.6,0.01428419999999997,1.0,0.9857158
Pb0.96TeGa0.04,0.014254280000000008,0.37,0.38425428
K2Cd3Se4,0.014250000000000096,2.36,2.34575
Pb0.85Se0.85Ge0.15S0.15,0.014180570000000003,0.34,0.32581943
Bi0.6Te3Sb1.4,0.014148400000000005,0.197,0.1828516
TlCr5S5Se3,0.014029100000000017,0.89,0.8759709
La6Sb4S3O12,0.013965999999999923,2.6,2.613966
Ga0.15As0.15Zn0.85Se0.85,0.01392199999999999,2.25,2.236078
CuGa1.6In0.4S3.5,0.01361049999999997,2.15,2.1636105
Cs4Zr3S14,0.013573000000000057,2.35,2.336427
Rb2TeI6,0.013553399999999938,1.4,1.3864466
AgFeSe2,0.013542830000000006,0.23,0.21645717
Sr3BiP3O12,0.013439700000000165,4.0,3.9865603
In0.97As0.97Cd0.03Te0.03,0.01342959999999993,0.71,0.6965704
GaAs0.65Sb0.35,0.013084499999999943,0.68,0.6930845
In0.98As0.98Cd0.02Te0.02,0.012442700000000029,0.73,0.7175573
Pb0.7Ge0.3Se,0.012337569999999964,0.4,0.41233757
In0.3As0.3Ga0.7P0.7,0.012267500000000098,2.05,2.0622675
In2Se,0.012150166666666684,0.7226666666666667,0.7105165
Bi3F3I4O13,0.011974000000000373,3.7,3.688026
Ge0.8Si0.2,0.011822239999999984,0.86,0.87182224
Pb0.9Se0.9Bi0.2Te0.3,0.011787199999999998,0.25,0.2617872
Ba2InGdSe5,0.011666800000000421,2.24,2.2283332
Pb0.85Ge0.15Te,0.011591930000000028,0.36,0.37159193
Pb0.995TeGa0.005,0.011469599999999969,0.37,0.3585304
TlCr5S4Se4,0.011264800000000075,0.85,0.8612648
Ga1.1Sb0.9Te0.3,0.011145369999999932,0.7,0.68885463
Ba2InDyTe5,0.01059919999999992,1.35,1.3605992
K2Hg3Sn2S8,0.010538899999999796,2.45,2.4605389
VFeSb,0.010153730000000027,0.46,0.44984627
RbCd4Ga5Te12,0.009991399999999873,1.64,1.6300086
Ba2GaErTe5,0.009383700000000106,1.15,1.1593837
PbSe0.99S0.01,0.009173659999999972,0.255,0.26417366
Ga0.1As0.1Zn0.9Se0.9,0.00905200000000006,2.34,2.349052
Ga1.02Sb0.98Se0.06,0.008774630000000005,0.63,0.63877463
Cu0.15Ga1.85Se2.85,0.00869719999999985,1.92,1.9113028
Ga0.99Al0.01P,0.008618000000000237,2.27,2.261382
KBiSiS4,0.008438599999999852,2.25,2.2415614
CsGaSn2Se6,0.008378899999999856,1.87,1.8783789
NaInSnS4,0.008182899999999993,2.4,2.4081829
Hg4P2ZrCl6,0.007838299999999965,3.22,3.2278383
EuBi2Te4,0.007697999999999983,0.44,0.447698
Ge0.02Si0.98,0.007545899999999994,1.08,1.0875459
Ge0.3Si0.7,0.007511999999999963,1.0,0.992488
Bi2Te1.2Se1.8,0.007266899999999965,0.28,0.2872669
Li2WTeO6,0.007201000000000235,4.0,4.007201
Pb0.8Ge0.2Te,0.007156629999999997,0.4,0.39284337
LaH2NO5,0.007153000000000631,4.76,4.767153
In0.4As0.4Ga0.6P0.6,0.007150400000000001,1.85,1.8571504
Se0.5Te0.5,0.007115960000000032,1.0,0.99288404
Cu0.35Ga1.65Se2.65,0.006879400000000091,1.81,1.8031206
CsYZnSe3,0.00683440000000024,2.35,2.3431656
Pb0.95Sn0.05Se,0.006669910000000001,0.12,0.12666991
K2Gd2Ti3O10,0.006607999999999947,3.3,3.293392
PbTe0.05Se0.95,0.00652115999999997,0.262,0.26852116
Rb2CdP2Se6,0.0062709999999999155,2.58,2.586271
InSb0.01As0.99,0.006113499999999994,0.17,0.1761135
Pb0.9Ge0.1Te,0.006048100000000001,0.35,0.3560481
Ge0.4Si0.6,0.005773839999999919,0.94,0.93422616
Ba2InTaO6,0.00556499999999982,4.17,4.164435
CsKP2Se8,0.005438500000000346,2.36,2.3654385
In0.2P0.2Ga0.8As0.8,0.005068799999999873,1.58,1.5850688
PrLuSe3,0.004953800000000008,1.56,1.5649538
Cu0.5Ga1.5Se2.5,0.0049068000000001,1.76,1.7550932
Ga0.99Sb0.99Hg0.01Te0.01,0.004643469999999983,0.72,0.72464347
Ba5CdGa6Se15,0.004622600000000254,2.6,2.5953774
GaAs0.86Sb0.14,0.0043344000000000715,0.66,0.6556656
Ce4Ge3S12,0.004288700000000034,2.3,2.2957113
RbTa3Te2O12,0.0037537999999996963,3.88,3.8762462
Pb0.95Ge0.05Te,0.003697119999999998,0.34,0.33630288
GaSb,0.0036835666666666933,0.7782533333333334,0.7819369
Ga1.1Sb0.9Se0.3,0.00359613999999997,0.67,0.67359614
Ba7AgGa5S15,0.003472400000000153,2.6,2.5965276
K1.25Pb3.5Bi7.25Se15,0.003405239999999976,0.53,0.52659476
K6Nb2.97Ta1.03S25,0.003358000000000416,2.01,2.013358
Ga0.95Sb0.95Cd0.05Te0.05,0.0032767999999999686,0.74,0.7367232
RbAg2TeS6,0.003162800000000132,2.04,2.0431628
In0.6As0.6Ga0.4P0.4,0.0030551000000000883,1.25,1.2530551
Cd0.9Te0.9Al0.1Sb0.1,0.0029250000000000664,1.36,1.357075
GaSe,0.002649753846153402,2.0835961538461536,2.0809464
PbTe,0.0024846533333333087,0.2788333333333333,0.27634868
Ga1.02Sb0.98Te0.06,0.002475499999999964,0.68,0.6824755
CsF,0.0017289999999992034,10.0,9.998271
Sm2O3,0.0016584000000001708,5.0,5.0016584
CsLu7Se11,0.0013273999999998676,1.78,1.7813274
Pb0.94Se0.94Ge0.06Te0.06,0.0010289299999999835,0.28,0.28102893
GaAs0.7Sb0.3,0.0009123500000000062,0.67,0.66908765
LiAsS2,0.000504800000000083,1.6,1.5994952
Ga0.6Al0.4P,0.0003641999999999257,2.35,2.3503642
CsCdInSe3,0.00021279999999990196,2.4,2.4002128
Pb0.83Sn0.17Te,0.0001135500000000178,0.15,0.15011355
